text,weather_intent,action,location,time
"differece in minimum temperature betwene bhadvan and motlapalle, jayashankar bhupalapally at 10:30 am",TEMPERATURE_MIN,COMPARE,"[""bhadvan"", ""motlapalle, jayashankar bhupalapally""]","[""10:30 am""]"
Ping me about the min temperature in my vilagge next week,TEMPERATURE_MIN,ALERT,"[""my vilagge""]","[""next week""]"
how does the weathre now in my farm compare with mizoram from 7 pm to 9:30 pm?,CURRENT_CONDITIONS,COMPARE,"[""my farm"", ""mizoram""]","[""7 pm to 9:30 pm""]"
flag the weather otlook by 8 pm,FORECAST,ALERT,[],"[""8 pm""]"
Tel me wind blows from aroud here tmrw,WIND_DIRECTION,GET,"[""here""]","[""tmrw""]"
Plz alert wind strength Bhokraha on Tuesday,WIND_SPEED,ALERT,"[""Bhokraha""]","[""Tuesday""]"
Message me the where wind is comming from in Gurudayalpur F.v. in 49 minutes,WIND_DIRECTION,ALERT,"[""Gurudayalpur F.v.""]","[""49 minutes""]"
Warn me about the soil moisture at 40 m,SOIL_MOISTURE,ALERT,[],[]
is there enough sunlight in shendri bk. this evening?,SUNSHINE,GET,"[""shendri bk.""]","[""this evening""]"
Set an alert for dirzlze in Gundaram Tadwai today,RAIN,ALERT,"[""Gundaram Tadwai""]","[""today""]"
Remind me to cheek the gust in Adanebda tomorow,WIND_SPEED,ALERT,"[""Adanebda""]","[""tomorow""]"
"rattowal, ludhiana, punjab verssus chinnaramannagaripalle day high today",TEMPERATURE_MAX,COMPARE,"[""rattowal, ludhiana, punjab"", ""chinnaramannagaripalle""]","[""today""]"
"Inform me if max temp bad in Khalina, Jaleswar by 10:30 pm",TEMPERATURE_MAX,ALERT,"[""Khalina, Jaleswar""]","[""10:30 pm""]"
How does the wind direcion in my village compare with Brahamagni tomorrow morning?,WIND_DIRECTION,COMPARE,"[""my village"", ""Brahamagni""]","[""tomorrow morning""]"
how does the riany in my vilage compare with parasigaria puruliya today?,RAIN,COMPARE,"[""my vilage"", ""parasigaria puruliya""]","[""today""]"
notify me about the temprture in chinchali in the next 4 hours?!,TEMPERATURE,ALERT,"[""chinchali""]","[""next 4 hours""]"
"Regarding Cameroon, what is the daily forecast this afternoon?",FORECAST,GET,"[""Cameroon""]","[""this afternoon""]"
contrait the earth temperature at my place with bagbahra on wednesday,SOIL_TEMPERATURE,COMPARE,"[""my place"", ""bagbahra""]","[""wednesday""]"
Warn me about the wether from 4:15 am to 3:30 pm,CURRENT_CONDITIONS,ALERT,[],"[""4:15 am to 3:30 pm""]"
"Whihc has higher due point, Phulwaria Uttarpradesh or Khudra Dingdingi the next 7 days?",DEW_POINT,COMPARE,"[""Phulwaria Uttarpradesh"", ""Khudra Dingdingi""]","[""next 7 days""]"
"How warm is the ground in Raksani, Bihar today?",SOIL_TEMPERATURE,GET,"[""Raksani, Bihar""]","[""today""]"
how does the what temerature in argentina compare with achharaund?,TEMPERATURE,COMPARE,"[""argentina"", ""achharaund""]",[]
Set alart for rainfal in Duggha,RAIN,ALERT,"[""Duggha""]",[]
How does the coldst in our village compare with Badadunguripali right now?,TEMPERATURE_MIN,COMPARE,"[""our village"", ""Badadunguripali""]","[""right now""]"
Is any gust advisory issued around 11 PM?,WIND_SPEED,ALERT,[],"[""11 PM""]"
Set an allert for forcast in my vilae nxt week,FORECAST,ALERT,"[""my vilae""]","[""nxt week""]"
Flag the soil heat for Assam at 6 pm,SOIL_TEMPERATURE,ALERT,"[""Assam""]","[""6 pm""]"
How does the oevrnight low in Pennagaram 4 AM compre to 11 AM?,TEMPERATURE_MIN,COMPARE,"[""Pennagaram""]","[""4 AM"", ""11 AM""]"
flag the weather conditions in my plot,CURRENT_CONDITIONS,ALERT,"[""my plot""]",[]
Tell me the tepreture for Kotputli tomorrow night,TEMPERATURE,GET,"[""Kotputli""]","[""tomorrow night""]"
asap tel me soil temp nearby this afternoon,SOIL_TEMPERATURE,GET,"[""nearby""]","[""this afternoon""]"
Warn me abot the wind rate in my vilage this evening,WIND_SPEED,ALERT,"[""my vilage""]","[""this evening""]"
"Where is the mitti ka taapmaan greater, Wayanad Kerala or Lkhnadon rn?",SOIL_TEMPERATURE,COMPARE,"[""Wayanad Kerala"", ""Lkhnadon""]","[""rn""]"
warn me abut the gust in chalkusha later today,WIND_SPEED,ALERT,"[""chalkusha""]","[""later today""]"
How much what temperautre rn?,TEMPERATURE,GET,[],"[""rn""]"
"Wind gsust in Reechhoti and Madhaiganj on Sunday, which is better?",WIND_SPEED,COMPARE,"[""Reechhoti"", ""Madhaiganj""]","[""Sunday""]"
Warn me about the wnd sped,WIND_SPEED,ALERT,[],[]
Flag the earth temperature tomorow,SOIL_TEMPERATURE,ALERT,[],"[""tomorow""]"
How does the sunlight hours in Deopada compare with Jammu And Kashmir next week?,SUNSHINE,COMPARE,"[""Deopada"", ""Jammu And Kashmir""]","[""next week""]"
"Put the wind bloso from near me against Chakrehee, Banda, Uttarpradesh tonight",WIND_DIRECTION,COMPARE,"[""near me"", ""Chakrehee, Banda, Uttarpradesh""]","[""tonight""]"
Hasenpr due poiint next weekend vs right now,DEW_POINT,COMPARE,"[""Hasenpr""]","[""next weekend"", ""right now""]"
update me on the clouos in hakigmanj,CLOUD_COVER,GET,"[""hakigmanj""]",[]
"Bedarshirgur, Uttara Kannada ka dewpoint temperture on Monday",DEW_POINT,GET,"[""Bedarshirgur, Uttara Kannada""]","[""Monday""]"
"any warnings abotu moisture in the soil in burhanpur, madhya pradsh early morning?",SOIL_MOISTURE,ALERT,"[""burhanpur, madhya pradsh""]","[""early morning""]"
kindly Is the claud coverage in Par Shibpur hihger 10:14 PM or this afternoon?,CLOUD_COVER,COMPARE,"[""Par Shibpur""]","[""10:14 PM"", ""this afternoon""]"
want know current codnitions ama tola next month,CURRENT_CONDITIONS,GET,"[""ama tola""]","[""next month""]"
ping me about the humid in chegunta in 82 minutes,HUMIDITY,ALERT,"[""chegunta""]","[""82 minutes""]"
tel me the humidity for ladi angan baraumla this weekend,HUMIDITY,GET,"[""ladi angan baraumla""]","[""this weekend""]"
Sunshine hours pls,SUNSHINE,GET,[],[]
reminder climate right now varadayyapalem today,CURRENT_CONDITIONS,ALERT,"[""varadayyapalem""]","[""today""]"
navsari verses karhal future weather 2nite,FORECAST,COMPARE,"[""navsari"", ""karhal""]","[""2nite""]"
Flag the outside condiions,CURRENT_CONDITIONS,ALERT,[],[]
Put a reminder for forcast in Barwala by midnight,FORECAST,ALERT,"[""Barwala""]","[""midnight""]"
tell diffrence due point mangalvedhe majurnach,DEW_POINT,COMPARE,"[""mangalvedhe"", ""majurnach""]",[]
Remind me to check the wind direction in Alabur nxt week,WIND_DIRECTION,ALERT,"[""Alabur""]","[""nxt week""]"
Set an aleat for soil heat at my place in 30 minutes,SOIL_TEMPERATURE,ALERT,"[""my place""]","[""30 minutes""]"
Compare the soil moisture at 40 m near me with Gurramalli,SOIL_MOISTURE,COMPARE,"[""near me"", ""Gurramalli""]",[]
Put a reminder for weather forecast in Badahinso Odisha in 60 minutes,FORECAST,ALERT,"[""Badahinso Odisha""]","[""60 minutes""]"
send aleert badal in dibrugarh on wednesday,CLOUD_COVER,ALERT,"[""dibrugarh""]","[""wednesday""]"
wat is direction of the wind in my vilage from 4:15 am to 3:30 pm,WIND_DIRECTION,GET,"[""my vilage""]","[""4:15 am to 3:30 pm""]"
"Tupenga, Mainpur vs Pisad cloudinness",CLOUD_COVER,COMPARE,"[""Tupenga, Mainpur"", ""Pisad""]",[]
Khalina verses Thanetar ground temperature next weekend,SOIL_TEMPERATURE,COMPARE,"[""Khalina"", ""Thanetar""]","[""next weekend""]"
"whts week ahead forecast in bagankheeda, kannod this afternoon",FORECAST,GET,"[""bagankheeda, kannod""]","[""this afternoon""]"
set alert for what tmperature,TEMPERATURE,ALERT,[],[]
Set an alert for maximum temperature in Wara Pohwindian next month,TEMPERATURE_MAX,ALERT,"[""Wara Pohwindian""]","[""next month""]"
Put the weather status nearby aganist Bangaliyou day after tomorrow,CURRENT_CONDITIONS,COMPARE,"[""nearby"", ""Bangaliyou""]","[""day after tomorrow""]"
"urgent Uttaar Phulbari and Kattangudi, Virudhunagar current temp in 30 minutes",TEMPERATURE,COMPARE,"[""Uttaar Phulbari"", ""Kattangudi, Virudhunagar""]","[""30 minutes""]"
Is any temperature of soil advisory issued around 9:54 AM,SOIL_TEMPERATURE,ALERT,[],"[""9:54 AM""]"
Want alert for soil water in Chhatisgarh day after tomorrow,SOIL_MOISTURE,ALERT,"[""Chhatisgarh""]","[""day after tomorrow""]"
what's the sun duration in akuanala paechim medinipur from 7 am to 9:30 pm?,SUNSHINE,GET,"[""akuanala paechim medinipur""]","[""7 am to 9:30 pm""]"
"Compare tempretuure here with Tupenga, Manipur right now",TEMPERATURE,COMPARE,"[""here"", ""Tupenga, Manipur""]","[""right now""]"
", what is the wind direection at my plcae?",WIND_DIRECTION,GET,"[""my plcae""]",[]
is the nighttime low in parasigaria differetn 10 pm and now?,TEMPERATURE_MIN,COMPARE,"[""parasigaria""]","[""10 pm"", ""now""]"
"Tell me when soil water content canges Betul, Madhya Pradesh",SOIL_MOISTURE,ALERT,"[""Betul, Madhya Pradesh""]",[]
Contrast the what's the weather like in Khonkar between 8:30 AM and Tuesday,CURRENT_CONDITIONS,COMPARE,"[""Khonkar""]","[""8:30 AM"", ""Tuesday""]"
Warn me about the precipitaion next weekend,RAIN,ALERT,[],"[""next weekend""]"
Set an alarrt for prediction in Sarol,FORECAST,ALERT,"[""Sarol""]",[]
Chek the highest temperature today in Nagla Bohra nxt week,TEMPERATURE_MAX,GET,"[""Nagla Bohra""]","[""nxt week""]"
Do you have the soil moisture 10cm data for Gospurnatara Unnao Uttarpradesh?,SOIL_MOISTURE,GET,"[""Gospurnatara Unnao Uttarpradesh""]",[]
"whcih is better for weather prediction, guhalipada, basta or rattowal?",FORECAST,COMPARE,"[""guhalipada, basta"", ""rattowal""]",[]
let me know if there is a field moisture alert in dhobahi mirzapur 2nite quickly,SOIL_MOISTURE,ALERT,"[""dhobahi mirzapur""]","[""2nite""]"
How does the wind comes from at my location compare with Chak Rangapara by 7:20 am,WIND_DIRECTION,COMPARE,"[""my location"", ""Chak Rangapara""]","[""7:20 am""]"
Diffrence in wind strength between Madarpur Haridwar and Bhawani Khera tomorow,WIND_SPEED,COMPARE,"[""Madarpur Haridwar"", ""Bhawani Khera""]","[""tomorow""]"
Put the humididty in our village against Magura this evening??,HUMIDITY,COMPARE,"[""our village"", ""Magura""]","[""this evening""]"
Tell me the soil moistur for Vanapuram tommorow,SOIL_MOISTURE,GET,"[""Vanapuram""]","[""tommorow""]"
compare the upcoimng weather in my feild with tahliwala jattan punjab tomorow??,FORECAST,COMPARE,"[""my feild"", ""tahliwala jattan punjab""]","[""tomorow""]"
Compare the humidity percent in our village with Jigsana Tal,HUMIDITY,COMPARE,"[""our village"", ""Jigsana Tal""]",[]
Dew point temp alert Kotpad Koraput Odisha by 2 am,DEW_POINT,ALERT,"[""Kotpad Koraput Odisha""]","[""2 am""]"
Flag the soil temperatre 10cm by 4 am,SOIL_TEMPERATURE,ALERT,[],"[""4 am""]"
What is it like in Mundakata from 4:15 am to 3:30 pm,CURRENT_CONDITIONS,GET,"[""Mundakata""]","[""4:15 am to 3:30 pm""]"
"How does the wind speeed at my place compare with Bindipur, Puri",WIND_SPEED,COMPARE,"[""my place"", ""Bindipur, Puri""]",[]
tell diffrence forecaaste paschim joykrishnapur hiwara during the sowing week,FORECAST,COMPARE,"[""paschim joykrishnapur"", ""hiwara""]","[""sowing week""]"
Santkabirnagar foreoaste today quickly,FORECAST,GET,"[""Santkabirnagar""]","[""today""]"
"give me the weather outlook for janegano, kej this evening",FORECAST,GET,"[""janegano, kej""]","[""this evening""]"
Contrast the direction wind in my vilage with Odha day after tomorow,WIND_DIRECTION,COMPARE,"[""my vilage"", ""Odha""]","[""day after tomorow""]"
Alert me if it rains in Madani,RAIN,ALERT,"[""Madani""]",[]
Wnd seed tomorrow,WIND_SPEED,GET,[],"[""tomorrow""]"
put the air moisture nearby agaiinst joharapur,HUMIDITY,COMPARE,"[""nearby"", ""joharapur""]",[]
How is the wind forcce in Chiulha,WIND_SPEED,GET,"[""Chiulha""]",[]
Ping me abot the temperature now near by day after tomorrow,TEMPERATURE,ALERT,"[""near by""]","[""day after tomorrow""]"
angara khurd or raj nandgaon bettter soil temperatture at 40cm early morning?,SOIL_TEMPERATURE,COMPARE,"[""angara khurd"", ""raj nandgaon""]","[""early morning""]"
Is any max temp advisory issued for Kallhalli rn,TEMPERATURE_MAX,ALERT,"[""Kallhalli""]","[""rn""]"
Humididy Bejangiwada pls,HUMIDITY,GET,"[""Bejangiwada""]",[]
"Compare the sunshien in my village with Karhal, Uttarpradesh by midnight",SUNSHINE,COMPARE,"[""my village"", ""Karhal, Uttarpradesh""]","[""midnight""]"
"Sabesar, Uttarpradesh vress Barauta solar exposure on Wednesday pls",SUNSHINE,COMPARE,"[""Sabesar, Uttarpradesh"", ""Barauta""]","[""Wednesday""]"
Upadte me on the hottest temperature in Delhi,TEMPERATURE_MAX,GET,"[""Delhi""]",[]
"How much soil temperature at 10cm Kamdiha, Mohanpur around 7 PM?",SOIL_TEMPERATURE,GET,"[""Kamdiha, Mohanpur""]","[""7 PM""]"
Bhelagurhi vs Kulgarhi feels like temperature,TEMPERATURE,COMPARE,"[""Bhelagurhi"", ""Kulgarhi""]",[]
put the wind heading of river against jtpura during the sowing week,WIND_DIRECTION,COMPARE,"[""river"", ""jtpura""]","[""sowing week""]"
Remider for sun hours Chndigarh day after tomorrow,SUNSHINE,ALERT,"[""Chndigarh""]","[""day after tomorrow""]"
"Coued you let me know the currrent conditions in Kandari Kh., Jalna next week?",CURRENT_CONDITIONS,GET,"[""Kandari Kh., Jalna""]","[""next week""]"
plz alert cloud covr baunli day after tomorrow,CLOUD_COVER,ALERT,"[""baunli""]","[""day after tomorrow""]"
Send alert relative moisture in Lalpura nxt week,HUMIDITY,ALERT,"[""Lalpura""]","[""nxt week""]"
precipitation chaance details for baggamhoravalasa around 8:45 am,RAIN,GET,"[""baggamhoravalasa""]","[""8:45 am""]"
"urgent Send alert rh in Kachnoda, Sagar yesterday",HUMIDITY,ALERT,"[""Kachnoda, Sagar""]","[""yesterday""]"
Should i worry about the dewpoit in Indonesia this evening?,DEW_POINT,ALERT,"[""Indonesia""]","[""this evening""]"
difference in how humid between zaptiveerappaguda and hasenpur next month,HUMIDITY,COMPARE,"[""zaptiveerappaguda"", ""hasenpur""]","[""next month""]"
Chhanchina ka dew on Monday,DEW_POINT,GET,"[""Chhanchina""]","[""Monday""]"
hw is soil wetensss in burkina faso at 7:15 pm?!,SOIL_MOISTURE,GET,"[""burkina faso""]","[""7:15 pm""]"
How much soil temprature in this area on Monday?,SOIL_TEMPERATURE,GET,"[""this area""]","[""Monday""]"
udpate me on the wind flow direction here,WIND_DIRECTION,GET,"[""here""]",[]
"is it going to rain in chhanchina, dasarathpur this weekend?",RAIN,GET,"[""chhanchina, dasarathpur""]","[""this weekend""]"
Should i worry about the soil misture in Ramuapuur this morning..,SOIL_MOISTURE,ALERT,"[""Ramuapuur""]","[""this morning""]"
sir Whats the sunshien looking like?,SUNSHINE,GET,[],[]
"I want to know the wind strengat in Tipamia Dighala, Dibrugarh, Assam last week",WIND_SPEED,GET,"[""Tipamia Dighala, Dibrugarh, Assam""]","[""last week""]"
ping me about the coldets temperature around my area,TEMPERATURE_MIN,ALERT,"[""my area""]",[]
What's the wether in my plot at 1:30 am?,CURRENT_CONDITIONS,GET,"[""my plot""]","[""1:30 am""]"
compare the wind comes from around my area with dakshin panialguri on monday,WIND_DIRECTION,COMPARE,"[""my area"", ""dakshin panialguri""]","[""monday""]"
"Remind me to check the cloud percentage in Rasunchak, Paschim Medinipur, West Bengal this week",CLOUD_COVER,ALERT,"[""Rasunchak, Paschim Medinipur, West Bengal""]","[""this week""]"
compare the dew temperature in my farm with khhalina by 10 pm,DEW_POINT,COMPARE,"[""my farm"", ""khhalina""]","[""10 pm""]"
how does the sky cover aronud my area compare with dominica right now?,CLOUD_COVER,COMPARE,"[""my area"", ""dominica""]","[""right now""]"
Warn me about the highest temperatuure in Samangaon,TEMPERATURE_MAX,ALERT,"[""Samangaon""]",[]
Warn me if the temperature falls below 10 degrees in Tahliwala Jattan Punjab in 82 minutes,TEMPERATURE_MIN,ALERT,"[""Tahliwala Jattan Punjab""]","[""82 minutes""]"
bro is the ground temperature higher in ramarajupalem or in bisrampur next weekend?,SOIL_TEMPERATURE,COMPARE,"[""ramarajupalem"", ""bisrampur""]","[""next weekend""]"
"Ping me aobut the how cold in Teegalavancha, West Godavari, Andhra Pradesh by 2 AM?!",TEMPERATURE,ALERT,"[""Teegalavancha, West Godavari, Andhra Pradesh""]","[""2 AM""]"
Dwnporu tmrw pls,RAIN,GET,[],"[""tmrw""]"
max temperature gap between achharaund uttarpradesh and kadgawan,TEMPERATURE_MAX,COMPARE,"[""achharaund uttarpradesh"", ""kadgawan""]",[]
"Windy Dharampur, Hardoi tmrw pls",WIND_SPEED,GET,"[""Dharampur, Hardoi""]","[""tmrw""]"
any warnings abuot weather outlook in akuanala this morning?,FORECAST,ALERT,"[""akuanala""]","[""this morning""]"
how much nighht low in my feld day after tomorow?,TEMPERATURE_MIN,GET,"[""my feld""]","[""day after tomorow""]"
Whats up with the dew leevel in Neora this week?,DEW_POINT,GET,"[""Neora""]","[""this week""]"
tel me hawa ki disha for yaval,WIND_DIRECTION,GET,"[""yaval""]",[]
flag the hottest neaarby day after tomorow,TEMPERATURE_MAX,ALERT,"[""neaarby""]","[""day after tomorow""]"
Is the dew temerature highre in Khubpura or in Malhawani Shivpuri Madhya Pradesh by 7:20 am?,DEW_POINT,COMPARE,"[""Khubpura"", ""Malhawani Shivpuri Madhya Pradesh""]","[""7:20 am""]"
"contoast the ground heat in mundla chawal, raisen with kawai bihar tomorow",SOIL_TEMPERATURE,COMPARE,"[""mundla chawal, raisen"", ""kawai bihar""]","[""tomorow""]"
"Which better for clmate right now, Alagdiha or Araji Maphi Soana, Jakhania?",CURRENT_CONDITIONS,COMPARE,"[""Alagdiha"", ""Araji Maphi Soana, Jakhania""]",[]
Delhi ka heat,TEMPERATURE,GET,"[""Delhi""]",[]
Diffrence in showers between Panasi Rewa Madhya Pradesh and Bhikhandih by 3:45 AM,RAIN,COMPARE,"[""Panasi Rewa Madhya Pradesh"", ""Bhikhandih""]","[""3:45 AM""]"
"Tomorrow morning, alert me about the tmpratre in Duliakhal Karaib",TEMPERATURE,ALERT,"[""Duliakhal Karaib""]","[""Tomorrow morning""]"
"In Vadi, what is the moisture in the air rn?",HUMIDITY,GET,"[""Vadi""]","[""rn""]"
Cumpare the gruond heat at my place with Piparia Ehatmali tomorrow night,SOIL_TEMPERATURE,COMPARE,"[""my place"", ""Piparia Ehatmali""]","[""tomorrow night""]"
What's the solar exposure forecast for Telangana tomorrow?,SUNSHINE,GET,"[""Telangana""]","[""tomorrow""]"
should i worry abbout the heavy rain in pathangram at 10:14 pm?,RAIN,ALERT,"[""pathangram""]","[""10:14 pm""]"
Notify me about the dewpoint temperature in my vilage last week,DEW_POINT,ALERT,"[""my vilage""]","[""last week""]"
Gujarat versus Thirumalayapalem wind veelocity yesterday,WIND_SPEED,COMPARE,"[""Gujarat"", ""Thirumalayapalem""]","[""yesterday""]"
set an alert for minimum temprature in dalpachan khasmahal tmrw,TEMPERATURE_MIN,ALERT,"[""dalpachan khasmahal""]","[""tmrw""]"
Alert me if the weather turns bad in Kherli Chandrwat the next 3 days,CURRENT_CONDITIONS,ALERT,"[""Kherli Chandrwat""]","[""next 3 days""]"
Flag current temp near by tomorrow morning,TEMPERATURE,ALERT,"[""near by""]","[""tomorrow morning""]"
Put the soil mosture at 10cm here againet Tholuvur nxt week,SOIL_MOISTURE,COMPARE,"[""here"", ""Tholuvur""]","[""nxt week""]"
Daytime high gap between Hastnapur and Teegalavancha by 10 PM,TEMPERATURE_MAX,COMPARE,"[""Hastnapur"", ""Teegalavancha""]","[""10 PM""]"
flag the hawa ki disha for mordana r.f.,WIND_DIRECTION,ALERT,"[""mordana r.f.""]",[]
"Wether gap betwwaen Khamawada Khanpur Jhalawar Rajasthan and Kinaidih, Raghunathur, Puruliya day after tomorrow",CURRENT_CONDITIONS,COMPARE,"[""Khamawada Khanpur Jhalawar Rajasthan"", ""Kinaidih, Raghunathur, Puruliya""]","[""day after tomorrow""]"
Alrt me if hudity changes in Nizmabad Town,HUMIDITY,ALERT,"[""Nizmabad Town""]",[]
"bro Conrat the sky cover in Nanodr, Sagwara with Akhara, Pauri Garhwal day after tomorow",CLOUD_COVER,COMPARE,"[""Nanodr, Sagwara"", ""Akhara, Pauri Garhwal""]","[""day after tomorow""]"
compare the wind comes from between khanuwai and inglish timapur khagaria tmrw,WIND_DIRECTION,COMPARE,"[""khanuwai"", ""inglish timapur khagaria""]","[""tmrw""]"
Nootifiy me about the moisture the soil in Abhuyakuti on Sunday,SOIL_MOISTURE,ALERT,"[""Abhuyakuti""]","[""Sunday""]"
put the hotetst temperature in my village against manikpura,TEMPERATURE_MAX,COMPARE,"[""my village"", ""manikpura""]",[]
Notifiy me about the minimum tempature in Manipur on Friday,TEMPERATURE_MIN,ALERT,"[""Manipur""]","[""Friday""]"
Tell me when humidity percent changes Ganderi this week,HUMIDITY,ALERT,"[""Ganderi""]","[""this week""]"
How much dew level my vilaeg at 10:14 PM?,DEW_POINT,GET,"[""my vilaeg""]","[""10:14 PM""]"
Ping me about the which way the wind blows in my viiage later today,WIND_DIRECTION,ALERT,"[""my viiage""]","[""later today""]"
Check hawa ki rafatr in Ghiawri by 3 pm,WIND_SPEED,GET,"[""Ghiawri""]","[""3 pm""]"
Reminder for wind bearing Tonk by 4:30 AM,WIND_DIRECTION,ALERT,"[""Tonk""]","[""4:30 AM""]"
reminder for how hmuid mizoram tomorrow night,HUMIDITY,ALERT,"[""mizoram""]","[""tomorrow night""]"
contrast weather report aund here with bagankhheda for the next 3 days,FORECAST,COMPARE,"[""here"", ""bagankhheda""]","[""next 3 days""]"
"Contrast week ahead forecast neabry with Kulattur, Pudukkottai tommorow",FORECAST,COMPARE,"[""neabry"", ""Kulattur, Pudukkottai""]","[""tommorow""]"
wat is sunnny in 82 minutes,SUNSHINE,GET,[],"[""82 minutes""]"
"need gusts for deoghar, jharkhnad by 8 pm",WIND_SPEED,GET,"[""deoghar, jharkhnad""]","[""8 pm""]"
hgihest temperature details for akkarapakkam by 4:30 am,TEMPERATURE_MAX,GET,"[""akkarapakkam""]","[""4:30 am""]"
Put moisture level nearby against B Koduru,HUMIDITY,COMPARE,"[""nearby"", ""B Koduru""]",[]
"Check the weather prediction in Kadnari Kh., Jalna",FORECAST,GET,"[""Kadnari Kh., Jalna""]",[]
Ping me about the forecaste here for the next 3 days,FORECAST,ALERT,"[""here""]","[""next 3 days""]"
Contrast the max temp here with Tala Khdei,TEMPERATURE_MAX,COMPARE,"[""here"", ""Tala Khdei""]",[]
Whts frecate in Akuanala Paschim Medinipur 2day,FORECAST,GET,"[""Akuanala Paschim Medinipur""]","[""2day""]"
wich has more maxium temperature lesligunj or gokalyawala jaipur today,TEMPERATURE_MAX,COMPARE,"[""lesligunj"", ""gokalyawala jaipur""]","[""today""]"
Copmare the how hot it is beeween Tala Khedi and Lunhera,TEMPERATURE,COMPARE,"[""Tala Khedi"", ""Lunhera""]",[]
"warrn about dew level in voyalanallur, tiruvallur",DEW_POINT,ALERT,"[""voyalanallur, tiruvallur""]",[]
Notify me about the extended forecast in Gara 2nite,FORECAST,ALERT,"[""Gara""]","[""2nite""]"
nottify me about the low temp by midnight,TEMPERATURE_MIN,ALERT,[],"[""midnight""]"
How does the direction wind in Sarol Himachal Pradesh compare with Bahunagar Urf Sisa tomorow?,WIND_DIRECTION,COMPARE,"[""Sarol Himachal Pradesh"", ""Bahunagar Urf Sisa""]","[""tomorow""]"
How does the nighttime low at my plae compae with Baunli right now?,TEMPERATURE_MIN,COMPARE,"[""my plae"", ""Baunli""]","[""right now""]"
Compire weather outlook Mundakata Charbhata Keshkal this evening,FORECAST,COMPARE,"[""Mundakata"", ""Charbhata Keshkal""]","[""this evening""]"
quickly Check the weather soatus later today,CURRENT_CONDITIONS,GET,[],"[""later today""]"
Contrast the mausam in Badehar Alias Dehlan with Kungayi,CURRENT_CONDITIONS,COMPARE,"[""Badehar Alias Dehlan"", ""Kungayi""]",[]
Supa ka ground tepmerature,SOIL_TEMPERATURE,GET,"[""Supa""]",[]
Warrrn me about wheather in Repalle plz,CURRENT_CONDITIONS,ALERT,"[""Repalle""]",[]
ntify me about the hours of sun in tokrapara gaon pt.ii kokrajhar day after tomorow,SUNSHINE,ALERT,"[""tokrapara gaon pt.ii kokrajhar""]","[""day after tomorow""]"
Set alert for dew point temperature at 1:45 AM,DEW_POINT,ALERT,[],"[""1:45 AM""]"
Could you check the wind blows from around my area?,WIND_DIRECTION,GET,"[""my area""]",[]
Contrast the upcoming forecast in Motlapalle with Giunea-Bissau tomorrow,FORECAST,COMPARE,"[""Motlapalle"", ""Giunea-Bissau""]","[""tomorrow""]"
"set an alert for dew temperatue in dwarikapur, cuttack, odisha",DEW_POINT,ALERT,"[""dwarikapur, cuttack, odisha""]",[]
Pathangram vs Kadggawan dewpoint,DEW_POINT,COMPARE,"[""Pathangram"", ""Kadggawan""]",[]
"next month, alert me about the weather update in chegunta",CURRENT_CONDITIONS,ALERT,"[""chegunta""]","[""next month""]"
is there any how windy warning for the next 7 days?,WIND_SPEED,ALERT,[],"[""next 7 days""]"
"Difference in mausam between Hisale, Dhule and Bartiar today",CURRENT_CONDITIONS,COMPARE,"[""Hisale, Dhule"", ""Bartiar""]","[""today""]"
kmaruuchi v/s b koduru andhra pradesh weather arround 11 pm,CURRENT_CONDITIONS,COMPARE,"[""kmaruuchi"", ""b koduru andhra pradesh""]","[""11 pm""]"
How wiuy details around 7 PM,WIND_SPEED,GET,[],"[""7 PM""]"
Higghest temperature alert Angola early morning,TEMPERATURE_MAX,ALERT,"[""Angola""]","[""early morning""]"
asap hastnapur versus hetavane how is the weather,CURRENT_CONDITIONS,COMPARE,"[""hastnapur"", ""hetavane""]",[]
"Whts actual temperature in Kedur Pur, Alapur in the next 3 hours",TEMPERATURE,GET,"[""Kedur Pur, Alapur""]","[""next 3 hours""]"
How does the minioum temprature in our village copare with Kare Rampur by 9:45 pm?,TEMPERATURE_MIN,COMPARE,"[""our village"", ""Kare Rampur""]","[""9:45 pm""]"
Tel me degrees on Monday asap,TEMPERATURE,GET,[],"[""Monday""]"
"pls tell me the wihch way the wind blows in mamsha patti, burhanpur tomorow",WIND_DIRECTION,GET,"[""mamsha patti, burhanpur""]","[""tomorow""]"
asap Want to know weather ahead Supa,FORECAST,GET,"[""Supa""]",[]
kindly share the where wind is coming from for south west garo hills tomorrow morning,WIND_DIRECTION,GET,"[""south west garo hills""]","[""tomorrow morning""]"
"samaria garudeshwar or mundla chawal, raisen betteer moisture level?",HUMIDITY,COMPARE,"[""samaria garudeshwar"", ""mundla chawal, raisen""]",[]
"Is it too windy to spray in Tupenga, Mainpur early morning?",WIND_SPEED,GET,"[""Tupenga, Mainpur""]","[""early morning""]"
How windy is it in Chicago right now?,WIND_SPEED,GET,"[""Chicago""]","[""right now""]"
"Set an alart for what's the weathre like in Singha, Sabar Kantha next week",CURRENT_CONDITIONS,ALERT,"[""Singha, Sabar Kantha""]","[""next week""]"
"Bahuara, Buxar Beradangi Chanchal Maldah cloud percentage at 9:15 am",CLOUD_COVER,COMPARE,"[""Bahuara, Buxar"", ""Beradangi Chanchal Maldah""]","[""9:15 am""]"
"Is it too windy to spray in Dhand, Amer for the next 7 days",WIND_SPEED,GET,"[""Dhand, Amer""]","[""next 7 days""]"
Warrn me about temp in Phalodi,TEMPERATURE,ALERT,"[""Phalodi""]",[]
keep me posted on the wind intensity in jhanjdapal koliana next month,WIND_SPEED,ALERT,"[""jhanjdapal koliana""]","[""next month""]"
"Whts probabiility of rain in Zinner, Wahsi at 5 PM",RAIN,GET,"[""Zinner, Wahsi""]","[""5 PM""]"
Is it sunny right now in Los Angeles?,SUNSHINE,GET,"[""Los Angeles""]","[""right now""]"
notifiy me about the waether report indloor on monday,FORECAST,ALERT,"[""indloor""]","[""monday""]"
updte me on the coldest temperature in kasipur on friday,TEMPERATURE_MIN,GET,"[""kasipur""]","[""friday""]"
"hastnapur, madhya pradesh sunshien",SUNSHINE,GET,"[""hastnapur, madhya pradesh""]",[]
Message me the how hot in Kurod day after tomorow??,TEMPERATURE,ALERT,"[""Kurod""]","[""day after tomorow""]"
Plz alert guts Kachnoda by 2 AM,WIND_SPEED,ALERT,"[""Kachnoda""]","[""2 AM""]"
Check the windy this weekend,WIND_SPEED,GET,[],"[""this weekend""]"
notiyf about the wind directon in this area from 9 am to 11 am,WIND_DIRECTION,ALERT,"[""this area""]","[""9 am to 11 am""]"
Sunlihgt Holpur Jaunpur Uttarpradesh vs Bandhdih 2day,SUNSHINE,COMPARE,"[""Holpur Jaunpur Uttarpradesh"", ""Bandhdih""]","[""2day""]"
Warn me about the minimum around here,TEMPERATURE_MIN,ALERT,"[""here""]",[]
Any idea aeout cold tmrw?,TEMPERATURE,GET,[],"[""tmrw""]"
wind blows from nerby pls,WIND_DIRECTION,GET,"[""nerby""]",[]
dhepua slar eposure,SUNSHINE,GET,"[""dhepua""]",[]
flag wind baering at my place in the next 8 hours,WIND_DIRECTION,ALERT,"[""my place""]","[""next 8 hours""]"
What's the wind direction in Chicago right now?,WIND_DIRECTION,GET,"[""Chicago""]","[""right now""]"
do you have the daytime high data for ladi angan baramula during the sowing week?,TEMPERATURE_MAX,GET,"[""ladi angan baramula""]","[""sowing week""]"
bro Thinghat v/s Thanetar due point around 10:45 PM,DEW_POINT,COMPARE,"[""Thinghat"", ""Thanetar""]","[""10:45 PM""]"
Is any dewpoint advisory issued on Saturday?,DEW_POINT,ALERT,[],"[""Saturday""]"
"Contrast the max tempreture in Tipamia Dighalia, Dibrugarh, Assam with Sohrok tommorow",TEMPERATURE_MAX,COMPARE,"[""Tipamia Dighalia, Dibrugarh, Assam"", ""Sohrok""]","[""tommorow""]"
is any moisturre level advisory issued around 10 pm?,HUMIDITY,ALERT,[],"[""10 pm""]"
"Warnr me about strong wind in Israjpalle, Jagtial by 9:45 pm",WIND_SPEED,ALERT,"[""Israjpalle, Jagtial""]","[""9:45 pm""]"
Put the gusts around my area aggainst Merakamudidam day after tomorrow,WIND_SPEED,COMPARE,"[""my area"", ""Merakamudidam""]","[""day after tomorrow""]"
Give soil mosure Mohamad Urf Jhinwarheri now,SOIL_MOISTURE,GET,"[""Mohamad Urf Jhinwarheri""]","[""now""]"
Is it breezy outside in Wellington?,WIND_SPEED,GET,"[""Wellington""]",[]
Contrast the directoin wind Sivarampuram with Laram Jangi Pora Jammu And Kashmir around 7 PM,WIND_DIRECTION,COMPARE,"[""Sivarampuram"", ""Laram Jangi Pora Jammu And Kashmir""]","[""7 PM""]"
How is the climate in Rome today?,CURRENT_CONDITIONS,GET,"[""Rome""]","[""today""]"
Send me an alet if the soil moisture at 10 m is unusuaal in Bulgaria this weekend,SOIL_MOISTURE,ALERT,"[""Bulgaria""]","[""this weekend""]"
"Ping me about the humidity leevl in Abhiirampur, South Twenty-Four Parganas yesterday..",HUMIDITY,ALERT,"[""Abhiirampur, South Twenty-Four Parganas""]","[""yesterday""]"
Plz alert how windy West Godavari yesterday,WIND_SPEED,ALERT,"[""West Godavari""]","[""yesterday""]"
is any overnight temperature advisory issued early morning?,TEMPERATURE_MIN,ALERT,[],"[""early morning""]"
"pls tell me the conditions right now in rajbandh, paschim medinipur, west bengal",CURRENT_CONDITIONS,GET,"[""rajbandh, paschim medinipur, west bengal""]",[]
Set an alert for wind intensity at my location by midnight,WIND_SPEED,ALERT,"[""my location""]","[""midnight""]"
Show me the humity in Khilapur by 4:45 AM,HUMIDITY,GET,"[""Khilapur""]","[""4:45 AM""]"
Remind me to check the cloud density in Neurhawa later today,CLOUD_COVER,ALERT,"[""Neurhawa""]","[""later today""]"
is any ground moisture advisory issued next weekend?,SOIL_MOISTURE,ALERT,[],"[""next weekend""]"
Notify me about windy nearby on Monday,WIND_SPEED,ALERT,"[""nearby""]","[""Monday""]"
"which direction is the wind blowing in coibmatore, tamil nadu day after tomorrow?",WIND_DIRECTION,GET,"[""coibmatore, tamil nadu""]","[""day after tomorrow""]"
Ping me about the air speed,WIND_SPEED,ALERT,[],[]
Could you check the soil moieure in my vilage day after tomorrow?,SOIL_MOISTURE,GET,"[""my vilage""]","[""day after tomorrow""]"
flag the highest temperature today in my feild on wednesday,TEMPERATURE_MAX,ALERT,"[""my feild""]","[""wednesday""]"
sunny hours hetavane or kungayi..,SUNSHINE,COMPARE,"[""hetavane"", ""kungayi""]",[]
Max tempreture Neora Jalpaiguri vs Hiwara tomorrow morning,TEMPERATURE_MAX,COMPARE,"[""Neora Jalpaiguri"", ""Hiwara""]","[""tomorrow morning""]"
"For Tendawa Sissatipur and Mankapur, Gonda, Uttarpradesh both, what is the weather update from 4:30 AM to 8:30 AM",CURRENT_CONDITIONS,COMPARE,"[""Tendawa Sissatipur"", ""Mankapur, Gonda, Uttarpradesh""]","[""4:30 AM to 8:30 AM""]"
Compare the nami in my farm with Mighaul,HUMIDITY,COMPARE,"[""my farm"", ""Mighaul""]",[]
"in lakshadweep, what is the weekly weather this morning?",FORECAST,GET,"[""lakshadweep""]","[""this morning""]"
Notify me about the future weather around my area by midnight,FORECAST,ALERT,"[""my area""]","[""midnight""]"
can you tell me the field miisture in belsauna?,SOIL_MOISTURE,GET,"[""belsauna""]",[]
which way is the wind going in batsar on friday?,WIND_DIRECTION,GET,"[""batsar""]","[""friday""]"
"Wich has more colest temperature Tikamgarh, Madhya Pradesh or Sembianallur",TEMPERATURE_MIN,COMPARE,"[""Tikamgarh, Madhya Pradesh"", ""Sembianallur""]",[]
"Tell me when prediction changes Sankar Saraiya, Motihari tmrw",FORECAST,ALERT,"[""Sankar Saraiya, Motihari""]","[""tmrw""]"
Set an alert for moisture in field in Ganderi at 7 pm,SOIL_MOISTURE,ALERT,"[""Ganderi""]","[""7 pm""]"
"Contrast the wind bearing in my vilage with Auranga Bad, Shahjahanpur this morning",WIND_DIRECTION,COMPARE,"[""my vilage"", ""Auranga Bad, Shahjahanpur""]","[""this morning""]"
how does the wind direction in my plot compare with inglish timapur khagaria on wednesday?,WIND_DIRECTION,COMPARE,"[""my plot"", ""inglish timapur khagaria""]","[""wednesday""]"
"Flag the cloud civer percentage for Habsapur, Danapur next weekend",CLOUD_COVER,ALERT,"[""Habsapur, Danapur""]","[""next weekend""]"
warn me about the soil temperature around 6 pm,SOIL_TEMPERATURE,ALERT,[],"[""6 pm""]"
Is the dew level in Naaran Khera different 10 pm and this weekend?,DEW_POINT,COMPARE,"[""Naaran Khera""]","[""10 pm"", ""this weekend""]"
How duz the cloud percnt in Fazalnagar coapare with West Godavari Andhra Pradesh nxt week?,CLOUD_COVER,COMPARE,"[""Fazalnagar"", ""West Godavari Andhra Pradesh""]","[""nxt week""]"
"urgent Contrast the wnd spede in Chewarpurab, Lalganj between next 3 hours and 7 am to 9:30 pm",WIND_SPEED,COMPARE,"[""Chewarpurab, Lalganj""]","[""next 3 hours"", ""7 am to 9:30 pm""]"
"Ping me about the soil temperature at 10cm in Tiruvengadam, Tekasi tomorrow",SOIL_TEMPERATURE,ALERT,"[""Tiruvengadam, Tekasi""]","[""tomorrow""]"
"reminder for clouds odha, mainpur right now",CLOUD_COVER,ALERT,"[""odha, mainpur""]","[""right now""]"
Keep me poseed on high temp in Kohima 2day,TEMPERATURE_MAX,ALERT,"[""Kohima""]","[""2day""]"
"How does wnd directon near by compare with Chikhli, Seoni, Madhya Pradesh by 9 PM",WIND_DIRECTION,COMPARE,"[""near by"", ""Chikhli, Seoni, Madhya Pradesh""]","[""9 PM""]"
"For Nibheri and Raiganj, West Bengal both, what is the probabillity of rain by 9:45 pm??",RAIN,COMPARE,"[""Nibheri"", ""Raiganj, West Bengal""]","[""9:45 pm""]"
Need to know heat for the next 3 days,TEMPERATURE,GET,[],"[""next 3 days""]"
"Plz alert dew point temperatuure Kabul Khedi, Piploda this evening",DEW_POINT,ALERT,"[""Kabul Khedi, Piploda""]","[""this evening""]"
Warn me if rainfall crosses 50 mm in Daramli early morning,RAIN,ALERT,"[""Daramli""]","[""early morning""]"
Need highest temperature for Painada Modarpur for the next 3 days..,TEMPERATURE_MAX,GET,"[""Painada Modarpur""]","[""next 3 days""]"
how the hawa ki diisha in chengalpattu compae with tada?,WIND_DIRECTION,COMPARE,"[""chengalpattu"", ""tada""]",[]
Any idea abot the wind blows from today?,WIND_DIRECTION,GET,[],"[""today""]"
notify me abotu the dew,DEW_POINT,ALERT,[],[]
naranda madhea pradesh v/s ssiswa tola jai ray bagha dwpoint the next 3 days,DEW_POINT,COMPARE,"[""naranda madhea pradesh"", ""ssiswa tola jai ray bagha""]","[""next 3 days""]"
compair the soil water bewteen dwitikrishnapur and punjab india tomorrow morning,SOIL_MOISTURE,COMPARE,"[""dwitikrishnapur"", ""punjab india""]","[""tomorrow morning""]"
What will the hawa ki raftar be in Bidipur on Saturday?,WIND_SPEED,GET,"[""Bidipur""]","[""Saturday""]"
put the grund moisture neaby against abdalpur pipra from 1:30 am to 4 pm,SOIL_MOISTURE,COMPARE,"[""neaby"", ""abdalpur pipra""]","[""1:30 am to 4 pm""]"
Flag the min temprture this afternoon,TEMPERATURE_MIN,ALERT,[],"[""this afternoon""]"
Notifiy me about the cloudiness in Nannuurpadu,CLOUD_COVER,ALERT,"[""Nannuurpadu""]",[]
Srong wind Zaptiveerappgauda yesterday pls,WIND_SPEED,GET,"[""Zaptiveerappgauda""]","[""yesterday""]"
Beerakanahalli vs Chhailai Jagir soil tepmeraature,SOIL_TEMPERATURE,COMPARE,"[""Beerakanahalli"", ""Chhailai Jagir""]",[]
"Give dew point temp Turnol, Dewas today",DEW_POINT,GET,"[""Turnol, Dewas""]","[""today""]"
"set an alart for wind directon in mashaldaha, madlah tomorrow night",WIND_DIRECTION,ALERT,"[""mashaldaha, madlah""]","[""tomorrow night""]"
Set an alert for sunlight in Khadikapada Betanati,SUNSHINE,ALERT,"[""Khadikapada Betanati""]",[]
I want to know the hottest temperature in Simra Bhata Nivari Madhya Pradesh during the sowing week,TEMPERATURE_MAX,GET,"[""Simra Bhata Nivari Madhya Pradesh""]","[""sowing week""]"
"Chek max temp Ghuptti -, Kalahandi, Odisha nxt week",TEMPERATURE_MAX,GET,"[""Ghuptti -, Kalahandi, Odisha""]","[""nxt week""]"
Marshall Islands and Jobla Busudih coldest on Friday??,TEMPERATURE_MIN,COMPARE,"[""Marshall Islands"", ""Jobla Busudih""]","[""Friday""]"
Can you tell me the solar exposure in Koara by 1 am?,SUNSHINE,GET,"[""Koara""]","[""1 am""]"
Compair the how cloudy butween Ghiwari and Budhana tomorrow night,CLOUD_COVER,COMPARE,"[""Ghiwari"", ""Budhana""]","[""tomorrow night""]"
What is the soil moisture at 10 m yesterday in Uhdam Singh Nagar?,SOIL_MOISTURE,GET,"[""Uhdam Singh Nagar""]","[""yesterday""]"
"Compae the cloud cover between Puranpur, Jaunpur and Sahajpuri at 7 pm",CLOUD_COVER,COMPARE,"[""Puranpur, Jaunpur"", ""Sahajpuri""]","[""7 pm""]"
Gospurnatara Unnao Uttarpradesh and Mogalipuram garund temp yesterday,SOIL_TEMPERATURE,COMPARE,"[""Gospurnatara Unnao Uttarpradesh"", ""Mogalipuram""]","[""yesterday""]"
Tell diffrence maximum Dhaunramal Panposh day after tomorow,TEMPERATURE_MAX,COMPARE,"[""Dhaunramal"", ""Panposh""]","[""day after tomorow""]"
is any wind coomes from advisory issued?,WIND_DIRECTION,ALERT,[],[]
Contrast the moisture in the air in this area with Ramanujnagar in 15 minutes,HUMIDITY,COMPARE,"[""this area"", ""Ramanujnagar""]","[""15 minutes""]"
Pls tell me the coldest temperature in Peeploond,TEMPERATURE_MIN,GET,"[""Peeploond""]",[]
Tell me cloudy,CLOUD_COVER,GET,[],[]
Is any soil moisture at 10cm advisory issued for Duldula by 7:20 am?,SOIL_MOISTURE,ALERT,"[""Duldula""]","[""7:20 am""]"
"Today, what is the ground tempertaure?",SOIL_TEMPERATURE,GET,[],"[""Today""]"
Flag the nami in our village,HUMIDITY,ALERT,"[""our village""]",[]
Compare wind speed between Chicago and Boston,WIND_SPEED,COMPARE,"[""Chicago"", ""Boston""]",[]
set an alet for strong wind near me tomorrow night,WIND_SPEED,ALERT,"[""near me""]","[""tomorrow night""]"
Set an alert for is it going to rain in Turaon Patti tomorrow evening..,RAIN,ALERT,"[""Turaon Patti""]","[""tomorrow evening""]"
set an alert for sunllight at 6 pm,SUNSHINE,ALERT,[],"[""6 pm""]"
Gommu Koyagudem verses Sawai Madhopur overcast 2day,CLOUD_COVER,COMPARE,"[""Gommu Koyagudem"", ""Sawai Madhopur""]","[""2day""]"
Give me the rain intesity for Athri around 11 AM,RAIN,GET,"[""Athri""]","[""11 AM""]"
Alert me if the temperature crosses 40 degrees Parasigaria auound 3:34 am,TEMPERATURE,ALERT,"[""Parasigaria""]","[""3:34 am""]"
Waats up with the rain chance in Dharampur right now?,RAIN,GET,"[""Dharampur""]","[""right now""]"
give me the gust for jakhoda day after tomorrow,WIND_SPEED,GET,"[""jakhoda""]","[""day after tomorrow""]"
"Beiween Gurrampalli and Ghusrum, where is the week ahead forecast stronger rn?",FORECAST,COMPARE,"[""Gurrampalli"", ""Ghusrum""]","[""rn""]"
Want alert for actual temperature in Tada,TEMPERATURE,ALERT,"[""Tada""]",[]
Flag rain intensity yesterday,RAIN,ALERT,[],"[""yesterday""]"
Mahamadpur Pt Ii or Chhailai Jagir better high temp at 3 am?,TEMPERATURE_MAX,COMPARE,"[""Mahamadpur Pt Ii"", ""Chhailai Jagir""]","[""3 am""]"
Set an alert for liiht rain in Khonhanpur,RAIN,ALERT,"[""Khonhanpur""]",[]
"Put the soil moisure near by aganist Sihor, Bhavnagar",SOIL_MOISTURE,COMPARE,"[""near by"", ""Sihor, Bhavnagar""]",[]
How does the humidity at my loocation compare with Borkhede around 9 am asap,HUMIDITY,COMPARE,"[""my loocation"", ""Borkhede""]","[""9 am""]"
"Compre the direction of the wind nearby with Khilmapur, Jalgan on Saturday",WIND_DIRECTION,COMPARE,"[""nearby"", ""Khilmapur, Jalgan""]","[""Saturday""]"
is there air speed warning for tikamgarh rn?,WIND_SPEED,ALERT,"[""tikamgarh""]","[""rn""]"
How does the daytiie temperature around here compare with Jawa Ramgarh last week?,TEMPERATURE_MAX,COMPARE,"[""here"", ""Jawa Ramgarh""]","[""last week""]"
compare the predictons in my village with charbhata keshkal tmrw,FORECAST,COMPARE,"[""my village"", ""charbhata keshkal""]","[""tmrw""]"
What's the what's the weatehr like in my farm?,CURRENT_CONDITIONS,GET,"[""my farm""]",[]
Diffrence wind heading between Rengalpali and Argentina next month,WIND_DIRECTION,COMPARE,"[""Rengalpali"", ""Argentina""]","[""next month""]"
put the upcoming weather at my plae against piplya buzurg,FORECAST,COMPARE,"[""my plae"", ""piplya buzurg""]",[]
How much soil heat lveel in Dakshin Panialguri nxt week?,SOIL_TEMPERATURE,GET,"[""Dakshin Panialguri""]","[""nxt week""]"
Alrt me if soil moisture changes in Tarya Lachhiram tomorrow evening,SOIL_MOISTURE,ALERT,"[""Tarya Lachhiram""]","[""tomorrow evening""]"
notify me about the strong wind in mashaldaha?,WIND_SPEED,ALERT,"[""mashaldaha""]",[]
tell me when grond temp changes ranhot sirmaur on wednesday,SOIL_TEMPERATURE,ALERT,"[""ranhot sirmaur""]","[""wednesday""]"
how much wind strength from 2 am to 7 am?,WIND_SPEED,GET,[],"[""2 am to 7 am""]"
Is any badal advisory issued this weekend?,CLOUD_COVER,ALERT,[],"[""this weekend""]"
ping me about the lowest temp in dwarahat??,TEMPERATURE_MIN,ALERT,"[""dwarahat""]",[]
Pls tell me the soil moisture at 10cm in Gaura Bihar 2day,SOIL_MOISTURE,GET,"[""Gaura Bihar""]","[""2day""]"
Put the max temp nearby against Jhanjdapal Kooliana rn,TEMPERATURE_MAX,COMPARE,"[""nearby"", ""Jhanjdapal Kooliana""]","[""rn""]"
How does the night low in this area compare with Burkia Faso on Monday?,TEMPERATURE_MIN,COMPARE,"[""this area"", ""Burkia Faso""]","[""Monday""]"
"Later today dewpoint figures for Ganga Param, Bhar",DEW_POINT,GET,"[""Ganga Param, Bhar""]","[""Later today""]"
"Whih is better for dew pount temperature, Rudraprayag or Thamalapura Ballari?",DEW_POINT,COMPARE,"[""Rudraprayag"", ""Thamalapura Ballari""]",[]
how does the weather update in my vilage copmare with gorasa odisoa this week?,CURRENT_CONDITIONS,COMPARE,"[""my vilage"", ""gorasa odisoa""]","[""this week""]"
what will the deopoint be in pennagaam next weekend?,DEW_POINT,GET,"[""pennagaam""]","[""next weekend""]"
"How does the actual temperature in Ramban, Jammu And Kashmir tomorow coompare to 1:30 am",TEMPERATURE,COMPARE,"[""Ramban, Jammu And Kashmir""]","[""tomorow"", ""1:30 am""]"
What is the hottest in Beradangi Chanchal Maldah by 12 AM?,TEMPERATURE_MAX,GET,"[""Beradangi Chanchal Maldah""]","[""12 AM""]"
"In Saran Nani, what is the barish right now?",RAIN,GET,"[""Saran Nani""]","[""right now""]"
"Put the soil temperature near me aginst Chikhli, Seoni, Madhya Pradesh tommorow",SOIL_TEMPERATURE,COMPARE,"[""near me"", ""Chikhli, Seoni, Madhya Pradesh""]","[""tommorow""]"
how is the min temprature in edabara kindly,TEMPERATURE_MIN,GET,"[""edabara""]",[]
Alrt me if direction wind cahnges in Belsuana,WIND_DIRECTION,ALERT,"[""Belsuana""]",[]
Wat is lwest temp in the next 2 hours,TEMPERATURE_MIN,GET,[],"[""next 2 hours""]"
"which has hiihger ground heat, pura ruchai prayagraj uttarpradesh or sonamura this morning?",SOIL_TEMPERATURE,COMPARE,"[""pura ruchai prayagraj uttarpradesh"", ""sonamura""]","[""this morning""]"
Wat is soil waaer at 10:30 AM,SOIL_MOISTURE,GET,[],"[""10:30 AM""]"
"What's the taapaman in Meghalaya, India by 9:45 pm?",TEMPERATURE,GET,"[""Meghalaya, India""]","[""9:45 pm""]"
cloud percent alert haasanyarpurtihara kalan early morning,CLOUD_COVER,ALERT,"[""haasanyarpurtihara kalan""]","[""early morning""]"
flag the wind direction in my plot at 4 am,WIND_DIRECTION,ALERT,"[""my plot""]","[""4 am""]"
Contrast the precipitation chance aound here with Chawa,RAIN,COMPARE,"[""here"", ""Chawa""]",[]
set an alert for soil wetness level in amaja in 82 minutes,SOIL_MOISTURE,ALERT,"[""amaja""]","[""82 minutes""]"
Iform me if mitti ka taapmaan bad in Sewai Kalan this morning,SOIL_TEMPERATURE,ALERT,"[""Sewai Kalan""]","[""this morning""]"
idea about the prediction on Saturday?,FORECAST,GET,[],"[""Saturday""]"
How is the moisture at 40cm in Abdalpur Pipra nxt week?,SOIL_MOISTURE,GET,"[""Abdalpur Pipra""]","[""nxt week""]"
ping me aboout the wind gusts in our vlilage this weekend,WIND_SPEED,ALERT,"[""our vlilage""]","[""this weekend""]"
Reminder for daytime temperature Chakarappalle tommorow,TEMPERATURE_MAX,ALERT,"[""Chakarappalle""]","[""tommorow""]"
is it windy kthur tiruppattur this week?,WIND_SPEED,GET,"[""kthur tiruppattur""]","[""this week""]"
How is the soil heat levle in Baunli Sawai Madhopur Rajasthan for the next 3 days?,SOIL_TEMPERATURE,GET,"[""Baunli Sawai Madhopur Rajasthan""]","[""next 3 days""]"
Tel me windy,WIND_SPEED,GET,[],[]
"how does the min temp here compaer with hallaornagara, uttapradesh from 9 am to 11 am?",TEMPERATURE_MIN,COMPARE,"[""here"", ""hallaornagara, uttapradesh""]","[""9 am to 11 am""]"
"Nxt week raning figures for Betjharan, Sambalpur, Odisha",RAIN,GET,"[""Betjharan, Sambalpur, Odisha""]","[""Nxt week""]"
"Whats up with the vaana in Pathrkunwa, Sonbhadra next weekend?",RAIN,GET,"[""Pathrkunwa, Sonbhadra""]","[""next weekend""]"
Compare the soil moistuee 40cm aroond here with Poshina for the next 7 days,SOIL_MOISTURE,COMPARE,"[""here"", ""Poshina""]","[""next 7 days""]"
"any warings aboout temperature in parbhani, maharashtra next month?",TEMPERATURE,ALERT,"[""parbhani, maharashtra""]","[""next month""]"
flag the hours of sunligt in this area at 7 pm,SUNSHINE,ALERT,"[""this area""]","[""7 pm""]"
How much soil temp in Sakariya this afternoon,SOIL_TEMPERATURE,GET,"[""Sakariya""]","[""this afternoon""]"
Warn me when the field goes dry in Charbhaat Keshkal at 2 PM,SOIL_MOISTURE,ALERT,"[""Charbhaat Keshkal""]","[""2 PM""]"
Put a remiineer for how is the weather in Bagankhea tonight,CURRENT_CONDITIONS,ALERT,"[""Bagankhea""]","[""tonight""]"
"How is the chance of rain in Jhagaar Pur, Bighapur, Unnao in the next 6 hours?",RAIN,GET,"[""Jhagaar Pur, Bighapur, Unnao""]","[""next 6 hours""]"
Is there any cloud coveer warning for Bharmal Jattan this week?,CLOUD_COVER,ALERT,"[""Bharmal Jattan""]","[""this week""]"
"Is the cloud percentage in Pura, Chandauli, Uttarpradesh hihger next month or 7 am to 9:30 pm",CLOUD_COVER,COMPARE,"[""Pura, Chandauli, Uttarpradesh""]","[""next month"", ""7 am to 9:30 pm""]"
"rise an alarm if the wind bearing looks bad rudraprayag, uttarakhand",WIND_DIRECTION,ALERT,"[""rudraprayag, uttarakhand""]",[]
"Whts bright sunshine in Botad, Gujarat right now",SUNSHINE,GET,"[""Botad, Gujarat""]","[""right now""]"
update me on the weather in my villgae in the next 2 hours,CURRENT_CONDITIONS,GET,"[""my villgae""]","[""next 2 hours""]"
Reminder for cloud covr Neurhawa on Friday,CLOUD_COVER,ALERT,"[""Neurhawa""]","[""Friday""]"
Pls tell me the upcoming weather in Charadih,FORECAST,GET,"[""Charadih""]",[]
Notify me about the downpour near by early morning,RAIN,ALERT,"[""near by""]","[""early morning""]"
Give me the humidity pecrentage for Burhanpur,HUMIDITY,GET,"[""Burhanpur""]",[]
Flag the dew point temperature neaby next month,DEW_POINT,ALERT,"[""neaby""]","[""next month""]"
send me an alert if the highest temp unusual in ghaatchora tomorrow morning,TEMPERATURE_MAX,ALERT,"[""ghaatchora""]","[""tomorrow morning""]"
"Compaer moisture in the air in Binddipur, Puri vs Chakrehee on Tuesday",HUMIDITY,COMPARE,"[""Binddipur, Puri"", ""Chakrehee""]","[""Tuesday""]"
"Want alert for outside weather Combatore, Tamil Nadu at 1:09 AM",CURRENT_CONDITIONS,ALERT,"[""Combatore, Tamil Nadu""]","[""1:09 AM""]"
Alert me if temperature crosses 40 degrees in Habrubari 2day,TEMPERATURE,ALERT,"[""Habrubari""]","[""2day""]"
"Set an alart for cloud covr in Raiganj, West Bengal rn",CLOUD_COVER,ALERT,"[""Raiganj, West Bengal""]","[""rn""]"
Is it too windy to sppray in Bastr now,WIND_SPEED,GET,"[""Bastr""]","[""now""]"
"Diffrence in raifal between Pisad, Bharuch and Madarpur Haridwar next weekend",RAIN,COMPARE,"[""Pisad, Bharuch"", ""Madarpur Haridwar""]","[""next weekend""]"
Flag the gust speed around 7:30 AM,WIND_SPEED,ALERT,[],"[""7:30 AM""]"
Keep me posted on the wind speed in Jhargoan on Saturday,WIND_SPEED,ALERT,"[""Jhargoan""]","[""Saturday""]"
Put the humididty aroudn here aginst Ioapua day after tomorow,HUMIDITY,COMPARE,"[""here"", ""Ioapua""]","[""day after tomorow""]"
ping me about the tempratue in thethaar last week,TEMPERATURE,ALERT,"[""thethaar""]","[""last week""]"
"Whts hmidty in Badarikilo, Puri",HUMIDITY,GET,"[""Badarikilo, Puri""]",[]
"Put the soil tempreture of Alasana. against Mungaha, Sidhi, Madhya Pradesh around 6 PM",SOIL_TEMPERATURE,COMPARE,"[""Alasana."", ""Mungaha, Sidhi, Madhya Pradesh""]","[""6 PM""]"
"Whats the dew level looking like in Bedhcit, Vyara day after tomorow?",DEW_POINT,GET,"[""Bedhcit, Vyara""]","[""day after tomorow""]"
Check dewpoint temperature around here by 4:45 AM,DEW_POINT,GET,"[""here""]","[""4:45 AM""]"
Any warnings about wind bows from in Maurabandhi East Singhhbum this afternoon?,WIND_DIRECTION,ALERT,"[""Maurabandhi East Singhhbum""]","[""this afternoon""]"
Is any moisture at 40cm advsiory issued next month asap,SOIL_MOISTURE,ALERT,[],"[""next month""]"
"Compare the hottest temperature in Budhel, Gujarat between tommorow and this morning",TEMPERATURE_MAX,COMPARE,"[""Budhel, Gujarat""]","[""tommorow"", ""this morning""]"
"Let me know if there is a dew level alret in Badarikilo, Puri on Saturday urgent",DEW_POINT,ALERT,"[""Badarikilo, Puri""]","[""Saturday""]"
Warn me about the huors of sun in Hengerajhar yesterday,SUNSHINE,ALERT,"[""Hengerajhar""]","[""yesterday""]"
"Ramuapur or Deoghar, Jharkhand better weather outlook rn?",FORECAST,COMPARE,"[""Ramuapur"", ""Deoghar, Jharkhand""]","[""rn""]"
message me the temperature in khubpura 2day plz,TEMPERATURE,ALERT,"[""khubpura""]","[""2day""]"
Check soil moistur Fahralouki nxt week,SOIL_MOISTURE,GET,"[""Fahralouki""]","[""nxt week""]"
"Curertn conditions River or Wargal, Siddipet",CURRENT_CONDITIONS,COMPARE,"[""River"", ""Wargal, Siddipet""]",[]
Notify me if the dew point ries in Bareti Kalan for the next 7 days,DEW_POINT,ALERT,"[""Bareti Kalan""]","[""next 7 days""]"
how does the strong wind at my place compare with raiganj from 1 am to 8 am?,WIND_SPEED,COMPARE,"[""my place"", ""raiganj""]","[""1 am to 8 am""]"
Put the highest temperature in my field against Angola by 12:05 PM,TEMPERATURE_MAX,COMPARE,"[""my field"", ""Angola""]","[""12:05 PM""]"
Notifiy me about the hottest temperature in Bhamni Kalan Shahdol tomorrow morning,TEMPERATURE_MAX,ALERT,"[""Bhamni Kalan Shahdol""]","[""tomorrow morning""]"
Wnd speed in Togo tmrw,WIND_SPEED,GET,"[""Togo""]","[""tmrw""]"
"which has higher hiuhest temp, kalibel or sabesar, uttarpradesh day after tomorow?",TEMPERATURE_MAX,COMPARE,"[""kalibel"", ""sabesar, uttarpradesh""]","[""day after tomorow""]"
"notify about the wind rate in kasipet, telangana by midnight",WIND_SPEED,ALERT,"[""kasipet, telangana""]","[""midnight""]"
Any idea about the higehst temperature tooday in Meghalaya by 4:30 AM,TEMPERATURE_MAX,GET,"[""Meghalaya""]","[""4:30 AM""]"
show me the wnd speed for matihania khurd and khadikapada betanati around 3:30 pm,WIND_SPEED,COMPARE,"[""matihania khurd"", ""khadikapada betanati""]","[""3:30 pm""]"
How does the what temperature at my place compare with San Pedro around 9:34 pm,TEMPERATURE,COMPARE,"[""my place"", ""San Pedro""]","[""9:34 pm""]"
"yesterday, what is the tempeature of soil?",SOIL_TEMPERATURE,GET,[],"[""yesterday""]"
Cheak the sunshine hours in Barhaita next weekend,SUNSHINE,GET,"[""Barhaita""]","[""next weekend""]"
How does the vaaan at my location compare with Buwana from 9:43 am to 1 PM?,RAIN,COMPARE,"[""my location"", ""Buwana""]","[""9:43 am to 1 PM""]"
send alert wind direcon in ththar for the next 3 days,WIND_DIRECTION,ALERT,"[""ththar""]","[""next 3 days""]"
how does the cloud aoount at my location compare with mashaldaha tonight?,CLOUD_COVER,COMPARE,"[""my location"", ""mashaldaha""]","[""tonight""]"
Vaaavaranam Adusumalle vs Kmarkuchi right now??,CURRENT_CONDITIONS,COMPARE,"[""Adusumalle"", ""Kmarkuchi""]","[""right now""]"
Contiast the cloud cover near by with Bandlliguda by midnight,CLOUD_COVER,COMPARE,"[""near by"", ""Bandlliguda""]","[""midnight""]"
Give me the coldest temperature for Badhaiya around 6 PM,TEMPERATURE_MIN,GET,"[""Badhaiya""]","[""6 PM""]"
Contast the high temp in Budhanwada with Phulwaaria for the next 3 days,TEMPERATURE_MAX,COMPARE,"[""Budhanwada"", ""Phulwaaria""]","[""next 3 days""]"
Pls tell me the wind force in Kabalu F V on Tuesday,WIND_SPEED,GET,"[""Kabalu F V""]","[""Tuesday""]"
Is tehre any wind comes from warning from 1 AM to 8 AM?,WIND_DIRECTION,ALERT,[],"[""1 AM to 8 AM""]"
will it be sunny in jhunjhunun tomorow?,SUNSHINE,GET,"[""jhunjhunun""]","[""tomorow""]"
Any idea about the dew point temperatuure on Friday?,DEW_POINT,GET,[],"[""Friday""]"
"Contrast the wheather in Mairi with Nutangram, Burdan for the next 7 days",CURRENT_CONDITIONS,COMPARE,"[""Mairi"", ""Nutangram, Burdan""]","[""next 7 days""]"
Keep me possted on the sunshine in Bamorth now,SUNSHINE,ALERT,"[""Bamorth""]","[""now""]"
Can you tell me the humd in Pabahal yesterday?,HUMIDITY,GET,"[""Pabahal""]","[""yesterday""]"
Is the highest temperature today in Mungaha higher 3:30 pm or 9:30 pm?,TEMPERATURE_MAX,COMPARE,"[""Mungaha""]","[""3:30 pm"", ""9:30 pm""]"
update me on the weather conditions in rithana this evening,CURRENT_CONDITIONS,GET,"[""rithana""]","[""this evening""]"
Thanetar and Parbahal how cloudy,CLOUD_COVER,COMPARE,"[""Thanetar"", ""Parbahal""]",[]
How does the soil temprature in our village comprae with Duvvaad tomorrow morning?,SOIL_TEMPERATURE,COMPARE,"[""our village"", ""Duvvaad""]","[""tomorrow morning""]"
Check soil temperature in Telangana this weekend,SOIL_TEMPERATURE,GET,"[""Telangana""]","[""this weekend""]"
how much sun hours tmrw?,SUNSHINE,GET,[],"[""tmrw""]"
"min temperature in benalpur and bandhdih tommorow, wich is better?",TEMPERATURE_MIN,COMPARE,"[""benalpur"", ""bandhdih""]","[""tommorow""]"
Set an alert soil waater on Sunday,SOIL_MOISTURE,ALERT,[],"[""Sunday""]"
"Odha, Mainpru or Barangabari better dew poiit temperature later today?",DEW_POINT,COMPARE,"[""Odha, Mainpru"", ""Barangabari""]","[""later today""]"
How does the erth temperature in Navpaur 60 minutes compare to 10:30 pm?,SOIL_TEMPERATURE,COMPARE,"[""Navpaur""]","[""60 minutes"", ""10:30 pm""]"
"Daily forceast in Gumma and Pisad, which is betier",FORECAST,COMPARE,"[""Gumma"", ""Pisad""]",[]
Put the soil water conent in my village against Meghalaya,SOIL_MOISTURE,COMPARE,"[""my village"", ""Meghalaya""]",[]
"Wich has more cloud cover percentage Kedru Pur, Alapur or Situnvalur, Thiruvarur",CLOUD_COVER,COMPARE,"[""Kedru Pur, Alapur"", ""Situnvalur, Thiruvarur""]",[]
is there any soil moisture at 10cm warning for farhalouki now?,SOIL_MOISTURE,ALERT,"[""farhalouki""]","[""now""]"
Contrast coldest temperature in Malaysia between 3 pm and early morning,TEMPERATURE_MIN,COMPARE,"[""Malaysia""]","[""3 pm"", ""early morning""]"
Should i worry about rain chance in Pogalur from 5:16 AM to 9 pm,RAIN,ALERT,"[""Pogalur""]","[""5:16 AM to 9 pm""]"
"In Thakurdi, Puruliya, what is the how clouyd at 7 pm?",CLOUD_COVER,GET,"[""Thakurdi, Puruliya""]","[""7 pm""]"
"Message me the humidity level in Jujuy, Argentina by midnight",HUMIDITY,ALERT,"[""Jujuy, Argentina""]","[""midnight""]"
Flag the thunderstorm for Gulalwali,RAIN,ALERT,"[""Gulalwali""]",[]
I want to know the min temp in Badadunguripali for the next 3 days,TEMPERATURE_MIN,GET,"[""Badadunguripali""]","[""next 3 days""]"
bro Check the wetaher prediction in Kakaiohan,FORECAST,GET,"[""Kakaiohan""]",[]
Soil moisture at 10cm details for Marhari,SOIL_MOISTURE,GET,"[""Marhari""]",[]
tell me the drizze in my field tomorrow evening asap,RAIN,GET,"[""my field""]","[""tomorrow evening""]"
Want alert for dily forecast in Kmarkuchi Nalbari Assam,FORECAST,ALERT,"[""Kmarkuchi Nalbari Assam""]",[]
ping me about the how cold in dindiggul east this evening?!,TEMPERATURE,ALERT,"[""dindiggul east""]","[""this evening""]"
How is the cold in our village by 4:50 PM,TEMPERATURE,GET,"[""our village""]","[""4:50 PM""]"
compare chengalpattu taiml nadu and chhapra weather plz,CURRENT_CONDITIONS,COMPARE,"[""chengalpattu taiml nadu"", ""chhapra""]",[]
"Plz alert vaataavaranm Fatehabad, Harayna by 9:45 pm",CURRENT_CONDITIONS,ALERT,"[""Fatehabad, Harayna""]","[""9:45 pm""]"
Raise an alarm if the showers looks bad in Got Gerya Kharagpur in 90 minutes,RAIN,ALERT,"[""Got Gerya Kharagpur""]","[""90 minutes""]"
"Warn me abotu the wind speeed in Pisad, Bharuch",WIND_SPEED,ALERT,"[""Pisad, Bharuch""]",[]
"Kilsevur R.f. versus Lasoodlya Pata, Narsinghgarh mitti ki nami now",SOIL_MOISTURE,COMPARE,"[""Kilsevur R.f."", ""Lasoodlya Pata, Narsinghgarh""]","[""now""]"
Send me an alert if the overnight low is unusual Motlapalle yesterday,TEMPERATURE_MIN,ALERT,"[""Motlapalle""]","[""yesterday""]"
flag the cloud percent tomorrow night,CLOUD_COVER,ALERT,[],"[""tomorrow night""]"
Tempature here by 10:30 pm,TEMPERATURE,GET,"[""here""]","[""10:30 pm""]"
Notiy me about the wind diretion in Purawas Khuurd next month,WIND_DIRECTION,ALERT,"[""Purawas Khuurd""]","[""next month""]"
Dew leeel in Trinidad And Toabgo tommorow,DEW_POINT,GET,"[""Trinidad And Toabgo""]","[""tommorow""]"
Alrt me if soil watrre changes in Akauna Khrd this afternoon,SOIL_MOISTURE,ALERT,"[""Akauna Khrd""]","[""this afternoon""]"
Wind bearing details 2day,WIND_DIRECTION,GET,[],"[""2day""]"
Patandadar sunsine 7 pm vs 1:30 pm,SUNSHINE,COMPARE,"[""Patandadar""]","[""7 pm"", ""1:30 pm""]"
whats the rian loooking like 2nite?,RAIN,GET,[],"[""2nite""]"
notify me if it starts raining in phulwaria for the next 7 days,RAIN,ALERT,"[""phulwaria""]","[""next 7 days""]"
"Regaring Akhara, what is the max tempreture 2nite plz",TEMPERATURE_MAX,GET,"[""Akhara""]","[""2nite""]"
plz alert minimum temperature ranhot right now kindly,TEMPERATURE_MIN,ALERT,"[""ranhot""]","[""right now""]"
"Contrast the upcomign weather in Nagaladn, India betwen next 3 days and 8:30 am to 12:30 PM",FORECAST,COMPARE,"[""Nagaladn, India""]","[""next 3 days"", ""8:30 am to 12:30 PM""]"
What's the weather forecast for this weekend in Toronto?,FORECAST,GET,"[""Toronto""]","[""this weekend""]"
Gurarmpalli or Sultanpura better field moisture in the next 3 hours?,SOIL_MOISTURE,COMPARE,"[""Gurarmpalli"", ""Sultanpura""]","[""next 3 hours""]"
Is the field too wet plough in Majurnach day after tomorow?,SOIL_MOISTURE,GET,"[""Majurnach""]","[""day after tomorow""]"
Send me an alert if the outlook is unusual in Gerai Ki Guwari Rajasthan around 11 PM,FORECAST,ALERT,"[""Gerai Ki Guwari Rajasthan""]","[""11 PM""]"
is there any cloud density warning in my village day after tomorrow?,CLOUD_COVER,ALERT,"[""my village""]","[""day after tomorrow""]"
Set an alert for maximum temprature?!,TEMPERATURE_MAX,ALERT,[],[]
Need to know wind beariing tonight,WIND_DIRECTION,GET,[],"[""tonight""]"
notify me about the drizzle plz,RAIN,ALERT,[],[]
What's the temperature near me right now?,TEMPERATURE,GET,"[""near me""]","[""right now""]"
Chek the how is the weatther for both Bhelagachhi and Bajari on Monday,CURRENT_CONDITIONS,COMPARE,"[""Bhelagachhi"", ""Bajari""]","[""Monday""]"
"bro For Sadar, West Tripura and Mahamadpur Pt Ii both, what is the wind gusst from 9 AM to 11 AM?",WIND_SPEED,COMPARE,"[""Sadar, West Tripura"", ""Mahamadpur Pt Ii""]","[""9 AM to 11 AM""]"
Is there a severe weather forecast for Bakud Madhya Pradesh at 11:30 AM?,FORECAST,ALERT,"[""Bakud Madhya Pradesh""]","[""11:30 AM""]"
What is the min temperature in AP this weekend?,TEMPERATURE_MIN,GET,"[""AP""]","[""this weekend""]"
Compaare the maximum temprature at my place with Titwa from 6:30 PM to 10 PM,TEMPERATURE_MAX,COMPARE,"[""my place"", ""Titwa""]","[""6:30 PM to 10 PM""]"
Set an aert for soil temp in my plot,SOIL_TEMPERATURE,ALERT,"[""my plot""]",[]
Vanapuram and Tala Khedi weahter stattus this afternoon,CURRENT_CONDITIONS,COMPARE,"[""Vanapuram"", ""Tala Khedi""]","[""this afternoon""]"
"Contrast the soil watre content at my place with Maira Dhaj, Nagaon, Assm",SOIL_MOISTURE,COMPARE,"[""my place"", ""Maira Dhaj, Nagaon, Assm""]",[]
"Give me the sky cover for Balewal, Shahid Bhagat Singh Nagar, Punjab tommorow?!",CLOUD_COVER,GET,"[""Balewal, Shahid Bhagat Singh Nagar, Punjab""]","[""tommorow""]"
Temprature in Sikkim: rn or 9:30 PM?,TEMPERATURE,COMPARE,"[""Sikkim""]","[""rn"", ""9:30 PM""]"
Pls tell me the weatther status in Nagapatinam this morning,CURRENT_CONDITIONS,GET,"[""Nagapatinam""]","[""this morning""]"
Hw is wnd sped in Mankapur around 11 PM,WIND_SPEED,GET,"[""Mankapur""]","[""11 PM""]"
Notifiy me about the weetther in Got Gerya on Wednesday,CURRENT_CONDITIONS,ALERT,"[""Got Gerya""]","[""Wednesday""]"
Any warnings about moisture in field in Nilapalli Khordha Odisha tonight plz,SOIL_MOISTURE,ALERT,"[""Nilapalli Khordha Odisha""]","[""tonight""]"
Any warnings degrees in Kasipur for the next 3 days?,TEMPERATURE,ALERT,"[""Kasipur""]","[""next 3 days""]"
Keep me posted on the forecaste in Mithwal Buzurg tomorrow night,FORECAST,ALERT,"[""Mithwal Buzurg""]","[""tomorrow night""]"
Compare Lonar and Tholuvur groud temperature,SOIL_TEMPERATURE,COMPARE,"[""Lonar"", ""Tholuvur""]",[]
"Uttarpradesh verses R.venkampeta, Vizianagaram wind flow direction tomorrow",WIND_DIRECTION,COMPARE,"[""Uttarpradesh"", ""R.venkampeta, Vizianagaram""]","[""tomorrow""]"
plz alert max temperatuer hengerajhar darrang at 1:09 am,TEMPERATURE_MAX,ALERT,"[""hengerajhar darrang""]","[""1:09 am""]"
alrt me if cloud percentage changes in faazlnagar,CLOUD_COVER,ALERT,"[""faazlnagar""]",[]
notify me if the dew ponet rises in bjari tomorrow night,DEW_POINT,ALERT,"[""bjari""]","[""tomorrow night""]"
Wind speed forecast in Bmaari: 7:20 am or sowing week?,WIND_SPEED,COMPARE,"[""Bmaari""]","[""7:20 am"", ""sowing week""]"
This week day high figures for Babhanaul,TEMPERATURE_MAX,GET,"[""Babhanaul""]","[""This week""]"
Raise an alarm if the cloud covr looks bad in Singapore tomorrow,CLOUD_COVER,ALERT,"[""Singapore""]","[""tomorrow""]"
Magua ka ngihttime low 2day pls,TEMPERATURE_MIN,GET,"[""Magua""]","[""2day""]"
is any nighttime low advisory issued tomorrow?,TEMPERATURE_MIN,ALERT,[],"[""tomorrow""]"
Dew alrt Ginigera at 1:45 AM,DEW_POINT,ALERT,"[""Ginigera""]","[""1:45 AM""]"
Need dew level for Kaailashpura on Friday sir,DEW_POINT,GET,"[""Kaailashpura""]","[""Friday""]"
Whast up with the wind heading in Jakhooda by 12 pm?,WIND_DIRECTION,GET,"[""Jakhooda""]","[""12 pm""]"
"Remind me to check the air speed in Panyara Khera, Tikamggarh",WIND_SPEED,ALERT,"[""Panyara Khera, Tikamggarh""]",[]
plz alert hottest temperature daryapur,TEMPERATURE_MAX,ALERT,"[""daryapur""]",[]
"How does the tempature my feild copmare with Kathgariya, Baheri, Bareilly, Uttarpradesh tmrw?",TEMPERATURE,COMPARE,"[""my feild"", ""Kathgariya, Baheri, Bareilly, Uttarpradesh""]","[""tmrw""]"
"quick upcoming weather check for abhirampur, south twenty-four parganas tmrw bro",FORECAST,GET,"[""abhirampur, south twenty-four parganas""]","[""tmrw""]"
How cloudy will it be tomorrow in Seattle?,CLOUD_COVER,GET,"[""Seattle""]","[""tomorrow""]"
flag the guts next week,WIND_SPEED,ALERT,[],"[""next week""]"
Sun housr Bharmal Jattan Pathankot Punjab or Kadari Kh.,SUNSHINE,COMPARE,"[""Bharmal Jattan Pathankot Punjab"", ""Kadari Kh.""]",[]
Warn me about the gound temperature in my feidl this weekend,SOIL_TEMPERATURE,ALERT,"[""my feidl""]","[""this weekend""]"
"In Joblla Busudih, what is the overcast tmrw?",CLOUD_COVER,GET,"[""Joblla Busudih""]","[""tmrw""]"
compair the dew level betwen thehar and bageshwar,DEW_POINT,COMPARE,"[""thehar"", ""bageshwar""]",[]
"for rupaspur and kalibel both, what is the outside conditions around 1 am?",CURRENT_CONDITIONS,COMPARE,"[""rupaspur"", ""kalibel""]","[""1 am""]"
Should i worry about the taapmaan Chengalpattu Tamli Nadu at 1:30 am,TEMPERATURE,ALERT,"[""Chengalpattu Tamli Nadu""]","[""1:30 am""]"
is the wnd spede higher in puraina or in narana madhya pradesh by 8 pm?,WIND_SPEED,COMPARE,"[""puraina"", ""narana madhya pradesh""]","[""8 pm""]"
Antari v/s Shiis Bani dew pont at 1:30 am,DEW_POINT,COMPARE,"[""Antari"", ""Shiis Bani""]","[""1:30 am""]"
"by midnight, what is the maximum temprature in my feld?",TEMPERATURE_MAX,GET,"[""my feld""]","[""midnight""]"
compare the wind directon in my farm with laro jammu and kashmir tmrw,WIND_DIRECTION,COMPARE,"[""my farm"", ""laro jammu and kashmir""]","[""tmrw""]"
Ping me about the dew point near by in the next 8 hours,DEW_POINT,ALERT,"[""near by""]","[""next 8 hours""]"
Hmdity in Dalelpura Naina: next 6 hours or midnight?,HUMIDITY,COMPARE,"[""Dalelpura Naina""]","[""next 6 hours"", ""midnight""]"
"send me an aleot if the solar exposure is unusual in mungaha, sidhi, madhya pradesh this weekend plz",SUNSHINE,ALERT,"[""mungaha, sidhi, madhya pradesh""]","[""this weekend""]"
Updtae on the long range forecast at my locaion next month,FORECAST,GET,"[""my locaion""]","[""next month""]"
"Inforrm me if wind coues from bad Damodarpur, Odisah",WIND_DIRECTION,ALERT,"[""Damodarpur, Odisah""]",[]
Is thre any windy warning tomorrow night?,WIND_SPEED,ALERT,[],"[""tomorrow night""]"
pls can you tell me the wind in katral at 7:15 pm?,WIND_SPEED,GET,"[""katral""]","[""7:15 pm""]"
Raise an alarm if the ground tempertaure looks bad in Laro,SOIL_TEMPERATURE,ALERT,"[""Laro""]",[]
Is the soil temperture at 40cm higher in Talimpaur or in Bikaner next week?,SOIL_TEMPERATURE,COMPARE,"[""Talimpaur"", ""Bikaner""]","[""next week""]"
Check the soil temperture at 11:30 AM,SOIL_TEMPERATURE,GET,[],"[""11:30 AM""]"
Aelrt me if it rains in Tekulpahad next month,RAIN,ALERT,"[""Tekulpahad""]","[""next month""]"
"how does the outisde weather nearby compare with gourdih, puruliya nxt week?",CURRENT_CONDITIONS,COMPARE,"[""nearby"", ""gourdih, puruliya""]","[""nxt week""]"
kukda lowwset temp 9:34 pm vs tomorrow evening,TEMPERATURE_MIN,COMPARE,"[""kukda""]","[""9:34 pm"", ""tomorrow evening""]"
"put the outside conditions of supa, raigarh against khani upperli around 11 am",CURRENT_CONDITIONS,COMPARE,"[""supa, raigarh"", ""khani upperli""]","[""11 am""]"
tell me wind speed forecast nearby by 4:50 pm,WIND_SPEED,GET,"[""nearby""]","[""4:50 pm""]"
How much hottest temperature around my area,TEMPERATURE_MAX,GET,"[""my area""]",[]
humididty antari or nekkundhi,HUMIDITY,COMPARE,"[""antari"", ""nekkundhi""]",[]
how does the field moisture in algeria next 3 hours compare to right now?,SOIL_MOISTURE,COMPARE,"[""algeria""]","[""next 3 hours"", ""right now""]"
Is there any cloud cooer percentage warning in our villae nxt week?,CLOUD_COVER,ALERT,"[""our villae""]","[""nxt week""]"
I want to know the cloudiness in Saroornagar for the next 3 days,CLOUD_COVER,GET,"[""Saroornagar""]","[""next 3 days""]"
"Notify me about the weather report in Alinjikuppam, Pernambut from 1:30 AM to 4 pm",FORECAST,ALERT,"[""Alinjikuppam, Pernambut""]","[""1:30 AM to 4 pm""]"
reminder for sky cover dabari,CLOUD_COVER,ALERT,"[""dabari""]",[]
"Wind flow diretcion in Assam and Ukhrul Manipur next week, which is better?",WIND_DIRECTION,COMPARE,"[""Assam"", ""Ukhrul Manipur""]","[""next week""]"
huid in teki pati: 4:15 am to 3:30 pm or 3 am?,HUMIDITY,COMPARE,"[""teki pati""]","[""4:15 am to 3:30 pm"", ""3 am""]"
Is there a weather warning for Sugur?,CURRENT_CONDITIONS,ALERT,"[""Sugur""]",[]
"tell me when peak temperature changes kattangudi, vriudhunagar around 9 am",TEMPERATURE_MAX,ALERT,"[""kattangudi, vriudhunagar""]","[""9 am""]"
Let me know if there is a how humid alert in Chawa this evening,HUMIDITY,ALERT,"[""Chawa""]","[""this evening""]"
is the cloud cover percentage in malegaon hihger day after tomorow or 2day?,CLOUD_COVER,COMPARE,"[""malegaon""]","[""day after tomorow"", ""2day""]"
"Do you have the max tempreture data for Syaat, Uttarakhand by 2 am..",TEMPERATURE_MAX,GET,"[""Syaat, Uttarakhand""]","[""2 am""]"
How the soil moisture at 10 m aoudn here compare with Karori tomorow?,SOIL_MOISTURE,COMPARE,"[""here"", ""Karori""]","[""tomorow""]"
How much reiative humidiy tommorow?,HUMIDITY,GET,[],"[""tommorow""]"
Send an alert for high temperature in Hyderabad tomorrow,TEMPERATURE_MAX,ALERT,"[""Hyderabad""]","[""tomorrow""]"
Want know air temperautre Gulalwali Najibabad tomorrow,TEMPERATURE,GET,"[""Gulalwali Najibabad""]","[""tomorrow""]"
set an alert for whcih way the wind blows near me day after tomorrow,WIND_DIRECTION,ALERT,"[""near me""]","[""day after tomorrow""]"
"For Prnia and Kuwait both, what is the sun housr next month",SUNSHINE,COMPARE,"[""Prnia"", ""Kuwait""]","[""next month""]"
inform if raiing bad in charbhata keshkal during the sowing week,RAIN,ALERT,"[""charbhata keshkal""]","[""sowing week""]"
"balewal, shahid bhagat singh nagar, punjab soil wteness last week",SOIL_MOISTURE,GET,"[""balewal, shahid bhagat singh nagar, punjab""]","[""last week""]"
Whts forecaste in Upar Bhurasni next weekend,FORECAST,GET,"[""Upar Bhurasni""]","[""next weekend""]"
what is the doinpour right now in shata chak?,RAIN,GET,"[""shata chak""]","[""right now""]"
Compare the soil temprature in my filed with Mungaha this morning??,SOIL_TEMPERATURE,COMPARE,"[""my filed"", ""Mungaha""]","[""this morning""]"
Nekknudhi v/s Varadayyapalem day high,TEMPERATURE_MAX,COMPARE,"[""Nekknudhi"", ""Varadayyapalem""]",[]
check weather forecast kachnoda day after tomorow,FORECAST,GET,"[""kachnoda""]","[""day after tomorow""]"
Downpuor gap between Hardwa Ka Khera and Pogalur,RAIN,COMPARE,"[""Hardwa Ka Khera"", ""Pogalur""]",[]
How does the wind directon in Kasoli compre with Burhanaur by 4 am?,WIND_DIRECTION,COMPARE,"[""Kasoli"", ""Burhanaur""]","[""4 am""]"
"Let me know if there is a weatehr conditions alert in Dakshin Panialguri, Alipur Duar, West Bengal by 9:45 pm",CURRENT_CONDITIONS,ALERT,"[""Dakshin Panialguri, Alipur Duar, West Bengal""]","[""9:45 pm""]"
"mithwal buzurg siddharthnagar uttarpradesh vs abhiramupr, south twenty-four parganas hawa ki rafar",WIND_SPEED,COMPARE,"[""mithwal buzurg siddharthnagar uttarpradesh"", ""abhiramupr, south twenty-four parganas""]",[]
How much humidity level in Perur at 9:15 am?,HUMIDITY,GET,"[""Perur""]","[""9:15 am""]"
Compare the dew leevel in my vilage with Haragarahalli during the sowing week,DEW_POINT,COMPARE,"[""my vilage"", ""Haragarahalli""]","[""sowing week""]"
How is the dewpoint temperature at my location day after tomorrow?,DEW_POINT,GET,"[""my location""]","[""day after tomorrow""]"
"Notifiy me about the ground moisture in Gundlakarthi, Jayashankar Bhupalapally by midnight",SOIL_MOISTURE,ALERT,"[""Gundlakarthi, Jayashankar Bhupalapally""]","[""midnight""]"
how duz the sunlight hours in jogidhipa compare with ghhiwari on monday?,SUNSHINE,COMPARE,"[""jogidhipa"", ""ghhiwari""]","[""monday""]"
"I need the maximum temperature reading for Rudrpur, Unnao, Uttarpradesh",TEMPERATURE_MAX,GET,"[""Rudrpur, Unnao, Uttarpradesh""]",[]
Wind rate detalis for Duvvada tommorow,WIND_SPEED,GET,"[""Duvvada""]","[""tommorow""]"
Check the preecipitation amount for both Gahlian Vanapuram this afternoon,RAIN,COMPARE,"[""Gahlian"", ""Vanapuram""]","[""this afternoon""]"
Infom me if ground moisture bad in Madhaiganj from 2 am to 7 AM,SOIL_MOISTURE,ALERT,"[""Madhaiganj""]","[""2 am to 7 AM""]"
Perur vs Bhorwahi fild moiture now,SOIL_MOISTURE,COMPARE,"[""Perur"", ""Bhorwahi""]","[""now""]"
Coontrast the sunny in my vilage with R.venkampeta by midnight,SUNSHINE,COMPARE,"[""my vilage"", ""R.venkampeta""]","[""midnight""]"
"How does the soil temperature 10cm at my place compae with Tupenga, Mainpur aronud 3:05 pm",SOIL_TEMPERATURE,COMPARE,"[""my place"", ""Tupenga, Mainpur""]","[""3:05 pm""]"
Whats the earth temperature looking like in Sirsi this afternoon?,SOIL_TEMPERATURE,GET,"[""Sirsi""]","[""this afternoon""]"
wat is soil heat aroud 9 am,SOIL_TEMPERATURE,GET,[],"[""9 am""]"
Put the dewpoit in my vilage against Chandigahr day after tomorow,DEW_POINT,COMPARE,"[""my vilage"", ""Chandigahr""]","[""day after tomorow""]"
"compare the showers between tihnghat and karhal, uttarpradesh this afternoon",RAIN,COMPARE,"[""tihnghat"", ""karhal, uttarpradesh""]","[""this afternoon""]"
How does the lowest temperature today at my place cumpare with Dumalpakhal rn?,TEMPERATURE_MIN,COMPARE,"[""my place"", ""Dumalpakhal""]","[""rn""]"
Alert me if humidity drops below 20 percent in Delhi,HUMIDITY,ALERT,"[""Delhi""]",[]
Nangla vs Sanyasipura hawa ki dsiha,WIND_DIRECTION,COMPARE,"[""Nangla"", ""Sanyasipura""]",[]
Any warnings about os bindu in Adalpur Ryt for the next 3 days?,DEW_POINT,ALERT,"[""Adalpur Ryt""]","[""next 3 days""]"
How does the susnhine near me compare with Gagnuwa?,SUNSHINE,COMPARE,"[""near me"", ""Gagnuwa""]",[]
is there any dew temperature warning for bhimadolu by 9:45 pm?,DEW_POINT,ALERT,"[""bhimadolu""]","[""9:45 pm""]"
Dhobahi Mirzapur on Saturday cloud percent?,CLOUD_COVER,GET,"[""Dhobahi Mirzapur""]","[""Saturday""]"
"odha, minpur v/s wayanad weather cnoditions?!",CURRENT_CONDITIONS,COMPARE,"[""odha, minpur"", ""wayanad""]",[]
is the os binuu in auragna bad higer last week or 10:14 pm?,DEW_POINT,COMPARE,"[""auragna bad""]","[""last week"", ""10:14 pm""]"
Notify me about the outsie conditions in Hisale tonight,CURRENT_CONDITIONS,ALERT,"[""Hisale""]","[""tonight""]"
"Do i need an umbrella in Hatale, Jalgaon, Maharashtra for the next 3 days",RAIN,GET,"[""Hatale, Jalgaon, Maharashtra""]","[""next 3 days""]"
"In the next 12 hours is it going to rain figures for Pathar, Wardha",RAIN,GET,"[""Pathar, Wardha""]","[""next 12 hours""]"
"send me an alert if the degree is unsual in sihhor, bhavnagar",TEMPERATURE,ALERT,"[""sihhor, bhavnagar""]",[]
Sunlligt hours Sura Sultanpura day after tomorow pls..,SUNSHINE,GET,"[""Sura Sultanpura""]","[""day after tomorow""]"
What's the rain intensity in Gomundi this afternoon,RAIN,GET,"[""Gomundi""]","[""this afternoon""]"
"Give me the downpouur for Kopaganj, Mau from 7 pm to 9:30 PM",RAIN,GET,"[""Kopaganj, Mau""]","[""7 pm to 9:30 PM""]"
"Alrt me if windy changes in Matihania Khurd, Kushinagar around 11 AM",WIND_SPEED,ALERT,"[""Matihania Khurd, Kushinagar""]","[""11 AM""]"
wats the what temperature looking like in baba hardo day after tomorrow?,TEMPERATURE,GET,"[""baba hardo""]","[""day after tomorrow""]"
"remind me to check the how cloudy in badhaya, hanumana",CLOUD_COVER,ALERT,"[""badhaya, hanumana""]",[]
Notify me about the wind speeed in my farm tonight,WIND_SPEED,ALERT,"[""my farm""]","[""tonight""]"
Give os bindu Ecuador by 4:30 AM,DEW_POINT,GET,"[""Ecuador""]","[""4:30 AM""]"
Put the nighttime low of Catamarca against Mamsha Patti this evening,TEMPERATURE_MIN,COMPARE,"[""Catamarca"", ""Mamsha Patti""]","[""this evening""]"
Flag the weather status for Baunli Sawai Madhopur Rajasthan at 9:30 am,CURRENT_CONDITIONS,ALERT,"[""Baunli Sawai Madhopur Rajasthan""]","[""9:30 am""]"
Flag the how hmid neerby by 3:45 AM,HUMIDITY,ALERT,"[""neerby""]","[""3:45 AM""]"
Pls tell me the weather upaate in Nao Para Hugli on Friday,CURRENT_CONDITIONS,GET,"[""Nao Para Hugli""]","[""Friday""]"
"Want aert for rain amount in Mahalmirrya Dongar, Pen from 9:43 am to 1 PM",RAIN,ALERT,"[""Mahalmirrya Dongar, Pen""]","[""9:43 am to 1 PM""]"
Contrast the gust in Ghagrapar Circle Assam bewteen 3 pm and next weekend,WIND_SPEED,COMPARE,"[""Ghagrapar Circle Assam""]","[""3 pm"", ""next weekend""]"
Wihch way is the wind going in Jetpura Agar Malwa tomorow,WIND_DIRECTION,GET,"[""Jetpura Agar Malwa""]","[""tomorow""]"
give field moisutre parkha mauhra for the next 3 days,SOIL_MOISTURE,GET,"[""parkha mauhra""]","[""next 3 days""]"
"What's the climate right now in Unchgaoon, Jaunpur day after tomorrow?",CURRENT_CONDITIONS,GET,"[""Unchgaoon, Jaunpur""]","[""day after tomorrow""]"
Put peak temperature in my vilage against Kurod day after tomorrow,TEMPERATURE_MAX,COMPARE,"[""my vilage"", ""Kurod""]","[""day after tomorrow""]"
"Kindly share the soil heat level for Sitelpur Kakrahta, Hajipur",SOIL_TEMPERATURE,GET,"[""Sitelpur Kakrahta, Hajipur""]",[]
Put a reminder for dew point temperature in Parasigaria Puruliya by 4 am,DEW_POINT,ALERT,"[""Parasigaria Puruliya""]","[""4 am""]"
do you have the long raneg forecast data for fatehgarh sahib next month?,FORECAST,GET,"[""fatehgarh sahib""]","[""next month""]"
i need the rain amuont reading,RAIN,GET,[],[]
Tell me the soil temperature at 40cm,SOIL_TEMPERATURE,GET,[],[]
set alerrt for humidity nxt week,HUMIDITY,ALERT,[],"[""nxt week""]"
alrt me if windy changes in sirsi tomorow,WIND_SPEED,ALERT,"[""sirsi""]","[""tomorow""]"
Set an alert for breeze,WIND_SPEED,ALERT,[],[]
Is it overcast right now in Dublin?,CLOUD_COVER,GET,"[""Dublin""]","[""right now""]"
racherla and gokalyawala how is the weeather this week,CURRENT_CONDITIONS,COMPARE,"[""racherla"", ""gokalyawala""]","[""this week""]"
Ping me aout the what's the weather like this morning,CURRENT_CONDITIONS,ALERT,[],"[""this morning""]"
"Commpare nighht low in Meghalaya, India vs Dakshin Panialguri on Wednesday",TEMPERATURE_MIN,COMPARE,"[""Meghalaya, India"", ""Dakshin Panialguri""]","[""Wednesday""]"
Wat is the minimum temperature in Pub Bandar Mela at 9:30 pm,TEMPERATURE_MIN,GET,"[""Pub Bandar Mela""]","[""9:30 pm""]"
Tell diffrence field miosture Gowadnahalli Piprahia Uttarpradesh for the next 7 days,SOIL_MOISTURE,COMPARE,"[""Gowadnahalli"", ""Piprahia Uttarpradesh""]","[""next 7 days""]"
Coipare Bhimadolu and Tarf Tajwal Jammu And Kashmir cloud covr,CLOUD_COVER,COMPARE,"[""Bhimadolu"", ""Tarf Tajwal Jammu And Kashmir""]",[]
wat is how coludy in my field next month,CLOUD_COVER,GET,"[""my field""]","[""next month""]"
Heat in Malhawani Shivpuri Madhya Pradesh: Friday or 1 AM?,TEMPERATURE,COMPARE,"[""Malhawani Shivpuri Madhya Pradesh""]","[""Friday"", ""1 AM""]"
compare the hours of sunlihgt in baggamdhoravalasa viziannagaram between 10:45 pm and 11 am,SUNSHINE,COMPARE,"[""baggamdhoravalasa viziannagaram""]","[""10:45 pm"", ""11 am""]"
dew pint temperature in my field for the next 3 days,DEW_POINT,GET,"[""my field""]","[""next 3 days""]"
any wind flow diecrtion advisory issued now?,WIND_DIRECTION,ALERT,[],"[""now""]"
afzalpur ka weather forecast 2nite,FORECAST,GET,"[""afzalpur""]","[""2nite""]"
Put the wind comes from in my village aganst Mangalvedhe,WIND_DIRECTION,COMPARE,"[""my village"", ""Mangalvedhe""]",[]
i need the humididty reading for dhamni at 6 pm,HUMIDITY,GET,"[""dhamni""]","[""6 pm""]"
How is the weather ahed 2day?,FORECAST,GET,[],"[""2day""]"
Algeria versus Birshapur string wind from 9 AM to 11 AM,WIND_SPEED,COMPARE,"[""Algeria"", ""Birshapur""]","[""9 AM to 11 AM""]"
How does the direction of the wind in my field comprae with South Andaamn tomorow?,WIND_DIRECTION,COMPARE,"[""my field"", ""South Andaamn""]","[""tomorow""]"
"Right now, alert me about the humdity in Jogidhipa, Sundargarh, Odsha",HUMIDITY,ALERT,"[""Jogidhipa, Sundargarh, Odsha""]","[""Right now""]"
Compre dhoop in Kurod vs Gotameshwar tonight,SUNSHINE,COMPARE,"[""Kurod"", ""Gotameshwar""]","[""tonight""]"
Can you tell me the wind heaading in Gumma on Friday urgent,WIND_DIRECTION,GET,"[""Gumma""]","[""Friday""]"
Alrt me if windy chaanges in Jitamal Kita,WIND_SPEED,ALERT,"[""Jitamal Kita""]",[]
"Whee is the sunlight greater, Upar Bhursai or Neora Jalpaiguri now?",SUNSHINE,COMPARE,"[""Upar Bhursai"", ""Neora Jalpaiguri""]","[""now""]"
Can i sow in Gumdi,SOIL_TEMPERATURE,GET,"[""Gumdi""]",[]
Ping me the cloudiness in my vilage for the next 7 days,CLOUD_COVER,ALERT,"[""my vilage""]","[""next 7 days""]"
Tel me the clouds for Chak Murarpura around 9:54 AM,CLOUD_COVER,GET,"[""Chak Murarpura""]","[""9:54 AM""]"
Warn me abot the depoit tonight,DEW_POINT,ALERT,[],"[""tonight""]"
Warn me about the climate right now tomorrow night,CURRENT_CONDITIONS,ALERT,[],"[""tomorrow night""]"
"quick sunshien check jhuratraai, dhamtari, chhatisgarh at 1:30 am",SUNSHINE,GET,"[""jhuratraai, dhamtari, chhatisgarh""]","[""1:30 am""]"
"Raise an alarm if the cloudiness looks bad in Sundarpur, Daulpur, Rajasthan day after tomorow",CLOUD_COVER,ALERT,"[""Sundarpur, Daulpur, Rajasthan""]","[""day after tomorow""]"
niight low awhane bk. ahamadnagar,TEMPERATURE_MIN,GET,"[""awhane bk. ahamadnagar""]",[]
Contrast the temperature now in my village with Bhawani Khera Fatehabad,TEMPERATURE,COMPARE,"[""my village"", ""Bhawani Khera Fatehabad""]",[]
update me on the wethr this week,CURRENT_CONDITIONS,GET,[],"[""this week""]"
How duz overnight temperature in Bhuteshwar compare with Begti Kalan by 1 am,TEMPERATURE_MIN,COMPARE,"[""Bhuteshwar"", ""Begti Kalan""]","[""1 am""]"
Keep me posted on the weather status in Tipaima Dighalia at 10:30 AM,CURRENT_CONDITIONS,ALERT,"[""Tipaima Dighalia""]","[""10:30 AM""]"
"by 4:30 am, what is the mitti ka taapmaan?",SOIL_TEMPERATURE,GET,[],"[""4:30 am""]"
Flag the soil heat in my farm at 6 pm,SOIL_TEMPERATURE,ALERT,"[""my farm""]","[""6 pm""]"
how does drizzle in my field comprae with raksani on tuesday?,RAIN,COMPARE,"[""my field"", ""raksani""]","[""tuesday""]"
"Notify me if the wind direction shifts in Gothani, Bikramganj, Rohtas arounnd 1 AM",WIND_DIRECTION,ALERT,"[""Gothani, Bikramganj, Rohtas""]","[""1 AM""]"
"Wat is the future weathre in Chhirhati, Sohagpur, Shahdol, Madhya Pradesh this afternoon",FORECAST,GET,"[""Chhirhati, Sohagpur, Shahdol, Madhya Pradesh""]","[""this afternoon""]"
Comapre the outside conditions in Phulwaria between 9:54 AM and next 3 hours,CURRENT_CONDITIONS,COMPARE,"[""Phulwaria""]","[""9:54 AM"", ""next 3 hours""]"
"I need the thundderstorm reading for Khamani, Jaalgaon on Tuesday",RAIN,GET,"[""Khamani, Jaalgaon""]","[""Tuesday""]"
how duz the sunlight hours in inloor compare with powa by 10:30 pm?,SUNSHINE,COMPARE,"[""inloor"", ""powa""]","[""10:30 pm""]"
Any warnings about temprature in Bamari later today?,TEMPERATURE,ALERT,"[""Bamari""]","[""later today""]"
Compare wind strength in Bharmal Jattan vs Belgachhia,WIND_SPEED,COMPARE,"[""Bharmal Jattan"", ""Belgachhia""]",[]
Is there any probability of rain wraning next weekend?,RAIN,ALERT,[],"[""next weekend""]"
"how high is the dew point in bedarshirgur, uttara kannada aorund 3:05 pm?",DEW_POINT,GET,"[""bedarshirgur, uttara kannada""]","[""3:05 pm""]"
Ping me about the wind sppeed around here,WIND_SPEED,ALERT,"[""here""]",[]
"Compare humidity in Patandaar vs Lad Bharol, Himachal Pradesh day after tomorrow",HUMIDITY,COMPARE,"[""Patandaar"", ""Lad Bharol, Himachal Pradesh""]","[""day after tomorrow""]"
Keep me posted on the heat level in Khani Uppperli on Tuesday,TEMPERATURE,ALERT,"[""Khani Uppperli""]","[""Tuesday""]"
"in tikamgarh, madhya pradesh, what is the wnd directoin rn?",WIND_DIRECTION,GET,"[""tikamgarh, madhya pradesh""]","[""rn""]"
Remind me to check the clod density in Nauli now??,CLOUD_COVER,ALERT,"[""Nauli""]","[""now""]"
humidity percentage tomorow pls,HUMIDITY,GET,[],"[""tomorow""]"
"tell me when sunny changes bageshwar, uttarakhand right now",SUNSHINE,ALERT,"[""bageshwar, uttarakhand""]","[""right now""]"
"In Tndumuda, what is the soil moisture at 10cm at 7:15 PM?",SOIL_MOISTURE,GET,"[""Tndumuda""]","[""7:15 PM""]"
tell when humidity changges demra on wednesday,HUMIDITY,ALERT,"[""demra""]","[""wednesday""]"
Check miniumm Aeabur around 7 PM,TEMPERATURE_MIN,GET,"[""Aeabur""]","[""7 PM""]"
cieck the hottesst for both badhiadih and agaram on saturday,TEMPERATURE_MAX,COMPARE,"[""badhiadih"", ""agaram""]","[""saturday""]"
Is there any heat level warning for Mundakata during the sowing week?,TEMPERATURE,ALERT,"[""Mundakata""]","[""sowing week""]"
Check the maxium early morning,TEMPERATURE_MAX,GET,[],"[""early morning""]"
whats up with the soil water content in neora jalpaiguri?,SOIL_MOISTURE,GET,"[""neora jalpaiguri""]",[]
"Soil temperature at 40cm Ghichna Theog vs Raksni, Bihar day after tomorrow",SOIL_TEMPERATURE,COMPARE,"[""Ghichna Theog"", ""Raksni, Bihar""]","[""day after tomorrow""]"
Compare the max temp at my place with Bhojpur for the next 7 days,TEMPERATURE_MAX,COMPARE,"[""my place"", ""Bhojpur""]","[""next 7 days""]"
Cooudiness pls,CLOUD_COVER,GET,[],[]
"asap In 15 minutes, alet me about the precipittion amount in Muhali Buzurg",RAIN,ALERT,"[""Muhali Buzurg""]","[""15 minutes""]"
Tel dew near me,DEW_POINT,GET,"[""near me""]",[]
Comape the soil temp in my vilage with Nilapalli Khordha Odisha tomorow kindly,SOIL_TEMPERATURE,COMPARE,"[""my vilage"", ""Nilapalli Khordha Odisha""]","[""tomorow""]"
Majurnach versus Kasipur Balasore (Baleshwar) wind intensity by 10 am,WIND_SPEED,COMPARE,"[""Majurnach"", ""Kasipur Balasore (Baleshwar)""]","[""10 am""]"
upddate me on the how is the weaher in my plot this weekend,CURRENT_CONDITIONS,GET,"[""my plot""]","[""this weekend""]"
"During the sowing week, alerrt me about the thunderstorm in Goudrih",RAIN,ALERT,"[""Goudrih""]","[""sowing week""]"
Let me know if there is a how is the wather alert in Hetavane for the next 7 days,CURRENT_CONDITIONS,ALERT,"[""Hetavane""]","[""next 7 days""]"
Tell diffrence humid Kuraljoria Cuttack Odisha,HUMIDITY,COMPARE,"[""Kuraljoria"", ""Cuttack Odisha""]",[]
Ping me about the minimum temperature in Singadevanahalli next month,TEMPERATURE_MIN,ALERT,"[""Singadevanahalli""]","[""next month""]"
Notify me about the dewpoint in my vilage nxt week,DEW_POINT,ALERT,"[""my vilage""]","[""nxt week""]"
wat is the day high in naranda madhya pradesh by 1 am?,TEMPERATURE_MAX,GET,"[""naranda madhya pradesh""]","[""1 am""]"
caeck the hours of sun for both mungaha and piplya buzurg this afternoon,SUNSHINE,COMPARE,"[""mungaha"", ""piplya buzurg""]","[""this afternoon""]"
"Comapre soil temp in Badahinso vs Beni Nagar, Siddharthnagar at 9:15 am",SOIL_TEMPERATURE,COMPARE,"[""Badahinso"", ""Beni Nagar, Siddharthnagar""]","[""9:15 am""]"
put the maximum tepmrature in my feilld aganst kendua purba medinipur west bengal from 6:30 pm to 10 pm?,TEMPERATURE_MAX,COMPARE,"[""my feilld"", ""kendua purba medinipur west bengal""]","[""6:30 pm to 10 pm""]"
Kindly share the mitti ki nami for Katral tonight,SOIL_MOISTURE,GET,"[""Katral""]","[""tonight""]"
"Comprae the wind at my place with Rudraprayag, Uttarakhand?!",WIND_SPEED,COMPARE,"[""my place"", ""Rudraprayag, Uttarakhand""]",[]
Can i sow in Idappadi this weekend,SOIL_TEMPERATURE,GET,"[""Idappadi""]","[""this weekend""]"
Should i worry about the wind directon in Baramula by 1 am?,WIND_DIRECTION,ALERT,"[""Baramula""]","[""1 am""]"
Compare the ground heat in Tekulpahad between 4 PM and 6:15 am??,SOIL_TEMPERATURE,COMPARE,"[""Tekulpahad""]","[""4 PM"", ""6:15 am""]"
Kadgawan verses Hasanyarpurtihara Kalan actual temperature this afternoon,TEMPERATURE,COMPARE,"[""Kadgawan"", ""Hasanyarpurtihara Kalan""]","[""this afternoon""]"
Put the rain probability in this area against Ramarajupalem Krishna Andhra Pradesh for the next 3 days,RAIN,COMPARE,"[""this area"", ""Ramarajupalem Krishna Andhra Pradesh""]","[""next 3 days""]"
"Beeze in Ghusrmu, Teonthar: 82 minutes or tommorow?",WIND_SPEED,COMPARE,"[""Ghusrmu, Teonthar""]","[""82 minutes"", ""tommorow""]"
"Diffrence wind heading between Balewal, Shahid Bhagat Singh Nagar, Punjab and Mississippi around 12:30 PM",WIND_DIRECTION,COMPARE,"[""Balewal, Shahid Bhagat Singh Nagar, Punjab"", ""Mississippi""]","[""12:30 PM""]"
"Regarding Rahmatpur, what is the soil moistur later today",SOIL_MOISTURE,GET,"[""Rahmatpur""]","[""later today""]"
Inform me if solra radiatioon bad in Jaisalmer around 11 AM,SUNSHINE,ALERT,"[""Jaisalmer""]","[""11 AM""]"
colud you let me know the wind strength in hatale tmrw?,WIND_SPEED,GET,"[""hatale""]","[""tmrw""]"
Warn me abbout max temp in Mahulani this weekend,TEMPERATURE_MAX,ALERT,"[""Mahulani""]","[""this weekend""]"
Put the dew puint temperature of Naranda Madhya Pradesh against Kukda,DEW_POINT,COMPARE,"[""Naranda Madhya Pradesh"", ""Kukda""]",[]
Put the hottesst temperature in my villlage against Dabari,TEMPERATURE_MAX,COMPARE,"[""my villlage"", ""Dabari""]",[]
Tell me the mausam tomorrow,CURRENT_CONDITIONS,GET,[],"[""tomorrow""]"
is there any dewoit warning for bisrampur day after tomorrow?,DEW_POINT,ALERT,"[""bisrampur""]","[""day after tomorrow""]"
Is there any precipitaion warnng on Sunday?,RAIN,ALERT,[],"[""Sunday""]"
put the moisture in the soil in my field against darola from 2 am to 7 am,SOIL_MOISTURE,COMPARE,"[""my field"", ""darola""]","[""2 am to 7 am""]"
Comuare the gust my feild with Patti Khurd by 9 PM,WIND_SPEED,COMPARE,"[""my feild"", ""Patti Khurd""]","[""9 PM""]"
Wat is weateer situation around my area,CURRENT_CONDITIONS,GET,"[""my area""]",[]
Notifiy me about the weather outlook in Sirka from 7 pm to 9:30 PM,FORECAST,ALERT,"[""Sirka""]","[""7 pm to 9:30 PM""]"
"mogolpatna, odisha ka nami tommorow",HUMIDITY,GET,"[""mogolpatna, odisha""]","[""tommorow""]"
"Awadah Khas, Lalganj and Gumdi future weather",FORECAST,COMPARE,"[""Awadah Khas, Lalganj"", ""Gumdi""]",[]
Contrast the hummidty at my locaation with Akauna Khurd next month,HUMIDITY,COMPARE,"[""my locaation"", ""Akauna Khurd""]","[""next month""]"
Contrast the night low in my vilage with Holpur,TEMPERATURE_MIN,COMPARE,"[""my vilage"", ""Holpur""]",[]
notify me about the weather prediction for the next 3 days,FORECAST,ALERT,[],"[""next 3 days""]"
"Where wind is coming from in Tupenga and Ghupti -, Kalahandi, Odisha, whuch is better?!",WIND_DIRECTION,COMPARE,"[""Tupenga"", ""Ghupti -, Kalahandi, Odisha""]",[]
Set an alart for mitti ki nami in Naysatra this afternoon,SOIL_MOISTURE,ALERT,"[""Naysatra""]","[""this afternoon""]"
", what is the how hot it is in pathar bandh?",TEMPERATURE,GET,"[""pathar bandh""]",[]
Compare the cloudy beween Sankar Saaraiya and Shata Chak this afternoon asap,CLOUD_COVER,COMPARE,"[""Sankar Saaraiya"", ""Shata Chak""]","[""this afternoon""]"
How much sunshine will Hyderabad get tomorrow?,SUNSHINE,GET,"[""Hyderabad""]","[""tomorrow""]"
put prediction nearby against akkarapakkam tomorow,FORECAST,COMPARE,"[""nearby"", ""akkarapakkam""]","[""tomorow""]"
Compare the night tempeature at my place with Ahesa rn,TEMPERATURE_MIN,COMPARE,"[""my place"", ""Ahesa""]","[""rn""]"
What's the upcoiing forecast in 90 minutes?,FORECAST,GET,[],"[""90 minutes""]"
"notify me if it starts raining in nauli, basi..",RAIN,ALERT,"[""nauli, basi""]",[]
Flag the vaataaranam next week?,CURRENT_CONDITIONS,ALERT,[],"[""next week""]"
How does the humidity percent in our village compare with Gaura by 3 pm?,HUMIDITY,COMPARE,"[""our village"", ""Gaura""]","[""3 pm""]"
Ping me abut the outlook near me nxt week,FORECAST,ALERT,"[""near me""]","[""nxt week""]"
contrat high temp at my plae with thiruvaniyoor kunnattunad ernakulam kerala now,TEMPERATURE_MAX,COMPARE,"[""my plae"", ""thiruvaniyoor kunnattunad ernakulam kerala""]","[""now""]"
Kindy share the wind direccton for Mighaul tonight,WIND_DIRECTION,GET,"[""Mighaul""]","[""tonight""]"
soil water content by 12:05 pm pls,SOIL_MOISTURE,GET,[],"[""12:05 pm""]"
Plz alert wind heading Kanda Lostu around 11 PM,WIND_DIRECTION,ALERT,"[""Kanda Lostu""]","[""11 PM""]"
Could you check the wind heading in our village around 4:15 PM?,WIND_DIRECTION,GET,"[""our village""]","[""4:15 PM""]"
contrast the wind speed in tikamgarh with anandpur at 9:15 am,WIND_SPEED,COMPARE,"[""tikamgarh"", ""anandpur""]","[""9:15 am""]"
three any min temprature warning for Ayanavaram by 9 PM?,TEMPERATURE_MIN,ALERT,"[""Ayanavaram""]","[""9 PM""]"
what's the maxmum temperature day after tomorrow,TEMPERATURE_MAX,GET,[],"[""day after tomorrow""]"
hw is overnnight tmeperature in buwana,TEMPERATURE_MIN,GET,"[""buwana""]",[]
"Raisse an alarm if the dhoop looks bad in Kandari Kh., Jalna early morning",SUNSHINE,ALERT,"[""Kandari Kh., Jalna""]","[""early morning""]"
"how does the wind comes from in my farm compare with venkatarayapuram, chintalapudi at 6 pm?",WIND_DIRECTION,COMPARE,"[""my farm"", ""venkatarayapuram, chintalapudi""]","[""6 pm""]"
Narnada or Bari better due point day after tomorow?,DEW_POINT,COMPARE,"[""Narnada"", ""Bari""]","[""day after tomorow""]"
"Put the hawa ki disha near by against Kabul Khedi, Piploda 2day",WIND_DIRECTION,COMPARE,"[""near by"", ""Kabul Khedi, Piploda""]","[""2day""]"
Tel me soil teperature 10cm for Karnataka,SOIL_TEMPERATURE,GET,"[""Karnataka""]",[]
plz Compare high temp Dhamni Raygad Khadikapeda by 8:30 AM,TEMPERATURE_MAX,COMPARE,"[""Dhamni Raygad"", ""Khadikapeda""]","[""8:30 AM""]"
"powa, campieranj ka how cold tomorow",TEMPERATURE,GET,"[""powa, campieranj""]","[""tomorow""]"
"Ntifiy me the max temp in Chakrrehee, Banda, Uttarpradesh tomorrow morning",TEMPERATURE_MAX,ALERT,"[""Chakrrehee, Banda, Uttarpradesh""]","[""tomorrow morning""]"
"Sunlight gap between Bangaliyou Pauri Garhwal and Mississippi, United States yesterday",SUNSHINE,COMPARE,"[""Bangaliyou Pauri Garhwal"", ""Mississippi, United States""]","[""yesterday""]"
Notifiy me about the precipitation in Tipamia Dighalia this afternoon,RAIN,ALERT,"[""Tipamia Dighalia""]","[""this afternoon""]"
Ping me about the os bindu in my fied,DEW_POINT,ALERT,"[""my fied""]",[]
"cloudaness in shendri bk., yavatmal, maharashtra: early morning or tommorow?",CLOUD_COVER,COMPARE,"[""shendri bk., yavatmal, maharashtra""]","[""early morning"", ""tommorow""]"
diretion of the wind in manikara day after tomorow,WIND_DIRECTION,GET,"[""manikara""]","[""day after tomorow""]"
Flag the whiuh way wind blws at my location around 6 PM,WIND_DIRECTION,ALERT,"[""my location""]","[""6 PM""]"
send me an alert if the dew point temperature is uusual in manglvedhe from 2 am to 7 am,DEW_POINT,ALERT,"[""manglvedhe""]","[""2 am to 7 am""]"
Check the forecaste on Monday,FORECAST,GET,[],"[""Monday""]"
Let me know if there is a soil temprature alert in Kasapeta by 10 am,SOIL_TEMPERATURE,ALERT,"[""Kasapeta""]","[""10 am""]"
"wat is the strong wind in ghiwari, maharashtra?",WIND_SPEED,GET,"[""ghiwari, maharashtra""]",[]
What is the 5-day forecast for Dubai?,FORECAST,GET,"[""Dubai""]","[""5-day""]"
How is hoours of sunlight by midnight?,SUNSHINE,GET,[],"[""midnight""]"
is any where wind is coming from advisory issued for sidha by 1:48 pm?,WIND_DIRECTION,ALERT,"[""sidha""]","[""1:48 pm""]"
"Jujuy, Aregntina day after tomorrow how huid?",HUMIDITY,GET,"[""Jujuy, Aregntina""]","[""day after tomorrow""]"
Let me know if there is a nihgt low alert in Kallahalli,TEMPERATURE_MIN,ALERT,"[""Kallahalli""]",[]
"Contrast the dewpoit near me with Bijayngar, Ajmer?!",DEW_POINT,COMPARE,"[""near me"", ""Bijayngar, Ajmer""]",[]
Flag the winddy at my location in the next 12 hours,WIND_SPEED,ALERT,"[""my location""]","[""next 12 hours""]"
How is the field moisturre around 3:05 pm,SOIL_MOISTURE,GET,[],"[""3:05 pm""]"
notifiy me the wind speed in baglan tomorrow,WIND_SPEED,ALERT,"[""baglan""]","[""tomorrow""]"
Diference in soil moisture 10cm between Barkhedi Piploda Ratlam Madhya Pradesh and Biralgaon Talla at 10:06 am,SOIL_MOISTURE,COMPARE,"[""Barkhedi Piploda Ratlam Madhya Pradesh"", ""Biralgaon Talla""]","[""10:06 am""]"
Compare the ground moisture in my village with Phulwaria by 1 am asap,SOIL_MOISTURE,COMPARE,"[""my village"", ""Phulwaria""]","[""1 am""]"
Kinldy share the sunlite for Mordana R.f.,SUNSHINE,GET,"[""Mordana R.f.""]",[]
What will the dew tempeerature be in Voyalanallr around 3:05 pm?,DEW_POINT,GET,"[""Voyalanallr""]","[""3:05 pm""]"
Check the soil moistur in Pub Bandar Mela this morning,SOIL_MOISTURE,GET,"[""Pub Bandar Mela""]","[""this morning""]"
"Regarding Roond Nareia, what is the precipitaion by 1 am",RAIN,GET,"[""Roond Nareia""]","[""1 am""]"
notify me about the rainual in my vilage tomorrow night,RAIN,ALERT,"[""my vilage""]","[""tomorrow night""]"
"This morning, compare the humidity percentage in Navsari, Gujarat and Ramban",HUMIDITY,COMPARE,"[""Navsari, Gujarat"", ""Ramban""]","[""This morning""]"
plz Is the clodu cover percentage in Bargaon higher 10:30 pm or 9 pm,CLOUD_COVER,COMPARE,"[""Bargaon""]","[""10:30 pm"", ""9 pm""]"
Overcast leoel Baba Hardo or Ayanavaram,CLOUD_COVER,COMPARE,"[""Baba Hardo"", ""Ayanavaram""]",[]
Compare the light rain in Barbados betweeen 5 PM and 8:45 AM,RAIN,COMPARE,"[""Barbados""]","[""5 PM"", ""8:45 AM""]"
What is the wind flow direction at 5 PM in Wayanad Kerala?,WIND_DIRECTION,GET,"[""Wayanad Kerala""]","[""5 PM""]"
How much dew poiint temperatuure in 30 minutes?,DEW_POINT,GET,[],"[""30 minutes""]"
compare the wind blows from nearby with bandarchuan in 30 minutes,WIND_DIRECTION,COMPARE,"[""nearby"", ""bandarchuan""]","[""30 minutes""]"
Where is the wind blowing from in Hyderabad today?,WIND_DIRECTION,GET,"[""Hyderabad""]","[""today""]"
Contrast the max temperaure around here with Bkaner,TEMPERATURE_MAX,COMPARE,"[""here"", ""Bkaner""]",[]
Flag the humiidty percent on Wednesday,HUMIDITY,ALERT,[],"[""Wednesday""]"
cmpare soil moisture 10cm in repalle vs karur during the sowing week,SOIL_MOISTURE,COMPARE,"[""repalle"", ""karur""]","[""sowing week""]"
Drizzle Kmarkuchi Nalbari Assam vs Saran Nani by 4 am,RAIN,COMPARE,"[""Kmarkuchi Nalbari Assam"", ""Saran Nani""]","[""4 am""]"
quickly Compare the mnimum temperature between Khatauli Rural and Indloor today,TEMPERATURE_MIN,COMPARE,"[""Khatauli Rural"", ""Indloor""]","[""today""]"
precipitation auert talimapur in 90 minutes,RAIN,ALERT,"[""talimapur""]","[""90 minutes""]"
urgent compare the rain chance in my village with bakarkol by 3 pm,RAIN,COMPARE,"[""my village"", ""bakarkol""]","[""3 pm""]"
what is the weather for next days on saturday?,FORECAST,GET,[],"[""saturday""]"
"Cmpare heavy rain around my area with Bhokraha, Darbhaga, Bihar",RAIN,COMPARE,"[""my area"", ""Bhokraha, Darbhaga, Bihar""]",[]
any idea about the weather situation on wednesday?,CURRENT_CONDITIONS,GET,[],"[""wednesday""]"
Maximum temprature in Badpal at 2 PM,TEMPERATURE_MAX,GET,"[""Badpal""]","[""2 PM""]"
Is any baadl advisory issued for Rajapur?,CLOUD_COVER,ALERT,"[""Rajapur""]",[]
set an aelrt for soil temperature at 10cm in my fiild on tuesday,SOIL_TEMPERATURE,ALERT,"[""my fiild""]","[""tuesday""]"
"How does the sunyn here compare with Beni Nagar, Siddharthnagar??",SUNSHINE,COMPARE,"[""here"", ""Beni Nagar, Siddharthnagar""]",[]
is there any sunlight hours warning today?,SUNSHINE,ALERT,[],"[""today""]"
What is the max temp predicted for Bangkok next week?,TEMPERATURE_MAX,GET,"[""Bangkok""]","[""next week""]"
Warn me about the sunlite in our village,SUNSHINE,ALERT,"[""our village""]",[]
warn me about the gust speed in bhuteshwar by 11 am,WIND_SPEED,ALERT,"[""bhuteshwar""]","[""11 am""]"
tel me the soil wetness for ghiwari this weekend,SOIL_MOISTURE,GET,"[""ghiwari""]","[""this weekend""]"
compare the wind speeed in gaura between 1 am and 3:05 pm?,WIND_SPEED,COMPARE,"[""gaura""]","[""1 am"", ""3:05 pm""]"
Compare the cloudness in my village with Dhamni tmrw,CLOUD_COVER,COMPARE,"[""my village"", ""Dhamni""]","[""tmrw""]"
set an alert for badal around 9:34 pm,CLOUD_COVER,ALERT,[],"[""9:34 pm""]"
"cmpare max temperature yellanur vyas kheri, atru next month",TEMPERATURE_MAX,COMPARE,"[""yellanur"", ""vyas kheri, atru""]","[""next month""]"
Hw is temprreture in Khanuwai this morning,TEMPERATURE,GET,"[""Khanuwai""]","[""this morning""]"
should i worry about the cloud percentage in maharashtra 2day?,CLOUD_COVER,ALERT,"[""maharashtra""]","[""2day""]"
"For Dadari, Jaunpur and Neelgarh Mal, Harda both, what is the direcoion wind at 10:30 AM?",WIND_DIRECTION,COMPARE,"[""Dadari, Jaunpur"", ""Neelgarh Mal, Harda""]","[""10:30 AM""]"
"Compare chacne of rain Agaram, Cuddalre Bamorth this morning",RAIN,COMPARE,"[""Agaram, Cuddalre"", ""Bamorth""]","[""this morning""]"
soil heat level alert jamdahara,SOIL_TEMPERATURE,ALERT,"[""jamdahara""]",[]
Wind blows from alert Cuttack Odisha nxt week,WIND_DIRECTION,ALERT,"[""Cuttack Odisha""]","[""nxt week""]"
What is the gust spaed in Kedru Pur on Friday??,WIND_SPEED,GET,"[""Kedru Pur""]","[""Friday""]"
Plz alert weather for next days Naysatra last week,FORECAST,ALERT,"[""Naysatra""]","[""last week""]"
"Compare the ground moisture in Parkha Mahura, Rajasthan between 7 pm to 9:30 PM and nxt week",SOIL_MOISTURE,COMPARE,"[""Parkha Mahura, Rajasthan""]","[""7 pm to 9:30 PM"", ""nxt week""]"
wats the hours of sun looking like by midnight?,SUNSHINE,GET,[],"[""midnight""]"
"Show me the sunshien for Joharapur, Ahamadnagar and Kholda, Gadchiroli later today",SUNSHINE,COMPARE,"[""Joharapur, Ahamadnagar"", ""Kholda, Gadchiroli""]","[""later today""]"
Put a reminedr for earth temperature in Ichcheri at 9:15 am,SOIL_TEMPERATURE,ALERT,"[""Ichcheri""]","[""9:15 am""]"
compare the earth temperature in my vilagge with panyara khera from 2 am to 7 am,SOIL_TEMPERATURE,COMPARE,"[""my vilagge"", ""panyara khera""]","[""2 am to 7 am""]"
"Tell me when wind directon chanoes Odha, Mainpur on Friday",WIND_DIRECTION,ALERT,"[""Odha, Mainpur""]","[""Friday""]"
Humidity percentage gap between Rasunchak and Jamdahaar tomorrow,HUMIDITY,COMPARE,"[""Rasunchak"", ""Jamdahaar""]","[""tomorrow""]"
Set an alart for cloud coverage in our village by 4:50 PM kindly,CLOUD_COVER,ALERT,"[""our village""]","[""4:50 PM""]"
notifiy me about the hawa ki disha in ecuador for the next 3 days,WIND_DIRECTION,ALERT,"[""ecuador""]","[""next 3 days""]"
Let me know if is a future weather alert in Chak Rangapara tmrw,FORECAST,ALERT,"[""Chak Rangapara""]","[""tmrw""]"
How is the night low in Ranoht later today?,TEMPERATURE_MIN,GET,"[""Ranoht""]","[""later today""]"
"Pls tell me the wnd direciton in Nangla, Bankura now",WIND_DIRECTION,GET,"[""Nangla, Bankura""]","[""now""]"
Contrast the direction wind in my plot with Alinjikuppam this weekend,WIND_DIRECTION,COMPARE,"[""my plot"", ""Alinjikuppam""]","[""this weekend""]"
"Between Bilak and Antari, where is the air temperature stronger day after tomorrow?",TEMPERATURE,COMPARE,"[""Bilak"", ""Antari""]","[""day after tomorrow""]"
Any warnings about min temprature in Nebraska tomorrow?,TEMPERATURE_MIN,ALERT,"[""Nebraska""]","[""tomorrow""]"
how does the actual temperature nearby compare with bankandi pauri garhwal tomorrow morning?,TEMPERATURE,COMPARE,"[""nearby"", ""bankandi pauri garhwal""]","[""tomorrow morning""]"
Warn me about the extended forecast near by from 9 AM to 11 AM,FORECAST,ALERT,"[""near by""]","[""9 AM to 11 AM""]"
Wat is the sunlite in Singhali on Wednesday?,SUNSHINE,GET,"[""Singhali""]","[""Wednesday""]"
wind bearing demra on tuesday,WIND_DIRECTION,GET,"[""demra""]","[""tuesday""]"
ping me about the upcoming forecast in tilgul next month,FORECAST,ALERT,"[""tilgul""]","[""next month""]"
"notify me about the wind dircton in balewal, shahid bhagat singh nagar, puunjab at 7 pm",WIND_DIRECTION,ALERT,"[""balewal, shahid bhagat singh nagar, puunjab""]","[""7 pm""]"
is the ground temperaturre higher in bhdavan or in jujuy next week?,SOIL_TEMPERATURE,COMPARE,"[""bhdavan"", ""jujuy""]","[""next week""]"
Is thhere a weather warning for Gorasa by midnight?,CURRENT_CONDITIONS,ALERT,"[""Gorasa""]","[""midnight""]"
bro update me on the highest temperature today in bhikhhnadih on friday,TEMPERATURE_MAX,GET,"[""bhikhhnadih""]","[""friday""]"
What will the min temp be in Khamawada Khanpur Jhalawar Rajasthan tomorow?,TEMPERATURE_MIN,GET,"[""Khamawada Khanpur Jhalawar Rajasthan""]","[""tomorow""]"
Comapre minimm temprature in Leligunj vs Devapar next month..,TEMPERATURE_MIN,COMPARE,"[""Leligunj"", ""Devapar""]","[""next month""]"
How does dew point in Supa 1:30 am compare to 9 PM?,DEW_POINT,COMPARE,"[""Supa""]","[""1:30 am"", ""9 PM""]"
whats the drizzle looknig like in gotameshwar by midnight?,RAIN,GET,"[""gotameshwar""]","[""midnight""]"
Contrast the thunderstorm in my feild with Maandaria this morning,RAIN,COMPARE,"[""my feild"", ""Maandaria""]","[""this morning""]"
is there any cloud covr warning around my area next month?,CLOUD_COVER,ALERT,"[""my area""]","[""next month""]"
"Can you tell me the precipitaion in Rooond Narena, Dig tonight?",RAIN,GET,"[""Rooond Narena, Dig""]","[""tonight""]"
alert me if the foreacst changes for betjhran this weekend,FORECAST,ALERT,"[""betjhran""]","[""this weekend""]"
Remind me to chekc the wind intensity in Gujarat by 3:45 AM,WIND_SPEED,ALERT,"[""Gujarat""]","[""3:45 AM""]"
What's the temperature now in Fateabad?,TEMPERATURE,GET,"[""Fateabad""]",[]
Put the humidty in our village against Konijerla this morning,HUMIDITY,COMPARE,"[""our village"", ""Konijerla""]","[""this morning""]"
Warn about the vaatavaranam around 7:30 AM,CURRENT_CONDITIONS,ALERT,[],"[""7:30 AM""]"
"Where is the sunlite greater, Bangaliyou Pauri Garhwal or Chikhli, Seoni, Madhya Pradesh on Sunday?",SUNSHINE,COMPARE,"[""Bangaliyou Pauri Garhwal"", ""Chikhli, Seoni, Madhya Pradesh""]","[""Sunday""]"
Wat soil temeprature this week,SOIL_TEMPERATURE,GET,[],"[""this week""]"
How much sky cover near by in 15 minutes?,CLOUD_COVER,GET,"[""near by""]","[""15 minutes""]"
Send alert humidty in Athri,HUMIDITY,ALERT,"[""Athri""]",[]
"Motlapalle, Jayashankar Bhupalapally vs Kamtha vanaa by 3:45 AM",RAIN,COMPARE,"[""Motlapalle, Jayashankar Bhupalapally"", ""Kamtha""]","[""3:45 AM""]"
notify me about the daytime temperature in my vilgae by midnight,TEMPERATURE_MAX,ALERT,"[""my vilgae""]","[""midnight""]"
Alrt me if cludy changes in Kundra Sudargarh,CLOUD_COVER,ALERT,"[""Kundra Sudargarh""]",[]
"Copmare wind bearing in Thirumalayapalem, Telangana vs Delhi in the next 8 hours",WIND_DIRECTION,COMPARE,"[""Thirumalayapalem, Telangana"", ""Delhi""]","[""next 8 hours""]"
Connrtast the soil heat in this area with Thinghat on Friday,SOIL_TEMPERATURE,COMPARE,"[""this area"", ""Thinghat""]","[""Friday""]"
Raise an alarm if the humiididty looks bad in Jhanjdapal Koliana tomorrow night sir,HUMIDITY,ALERT,"[""Jhanjdapal Koliana""]","[""tomorrow night""]"
flag the forcast near by,FORECAST,ALERT,"[""near by""]",[]
soil temperature at 10cm ananthapur pls,SOIL_TEMPERATURE,GET,"[""ananthapur""]",[]
Check hottet Badarikilo,TEMPERATURE_MAX,GET,"[""Badarikilo""]",[]
bro compare the datiime temperature in our village with khubpra nxt week,TEMPERATURE_MAX,COMPARE,"[""our village"", ""khubpra""]","[""nxt week""]"
how much due piint in medkpalle?,DEW_POINT,GET,"[""medkpalle""]",[]
Is there any daily forecast wariiing in my villege,FORECAST,ALERT,"[""my villege""]",[]
Compare due piint B Koduru Andhra Pradesh Paschim Ramchandrapur,DEW_POINT,COMPARE,"[""B Koduru Andhra Pradesh"", ""Paschim Ramchandrapur""]",[]
Any warnings about future weather in Jhuuatarai day after tomorow?,FORECAST,ALERT,"[""Jhuuatarai""]","[""day after tomorow""]"
Any idea about the current conditions 2day?,CURRENT_CONDITIONS,GET,[],"[""2day""]"
Warn me abouut the moisture in field on Wednesday,SOIL_MOISTURE,ALERT,[],"[""Wednesday""]"
Inform me if wind beairng bad in Talimapur,WIND_DIRECTION,ALERT,"[""Talimapur""]",[]
"put the due point near by againts wargal, siddipet from 8:30 am to 12:30 pm",DEW_POINT,COMPARE,"[""near by"", ""wargal, siddipet""]","[""8:30 am to 12:30 pm""]"
Deupoint temperature Niranjan Chak arund 3:30 pm pls,DEW_POINT,GET,"[""Niranjan Chak""]","[""3:30 pm""]"
What is the wether by 10:30 pm,CURRENT_CONDITIONS,GET,[],"[""10:30 pm""]"
"early morning, alert me about the cloudiness in pipalkani balangir",CLOUD_COVER,ALERT,"[""pipalkani balangir""]","[""early morning""]"
"Warn me about the soil temperature at 10cm in Tarya Lachhiram, Kushinagar, Uttarpradesh next week??",SOIL_TEMPERATURE,ALERT,"[""Tarya Lachhiram, Kushinagar, Uttarpradesh""]","[""next week""]"
Contrast the due poitn nearby with Kothur Tiruppattur at 1:09 AM,DEW_POINT,COMPARE,"[""nearby"", ""Kothur Tiruppattur""]","[""1:09 AM""]"
the humdity in Sahapur hihger sowing week or 11 AM,HUMIDITY,COMPARE,"[""Sahapur""]","[""sowing week"", ""11 AM""]"
is any direction of the wind adviiory issued day after tomorrow?,WIND_DIRECTION,ALERT,[],"[""day after tomorrow""]"
conditions right now details kollur this afternoon,CURRENT_CONDITIONS,GET,"[""kollur""]","[""this afternoon""]"
"is the cloud amount hgher in aynaavaram or in bakarkol, azamgarh, uttarpradesh rn?",CLOUD_COVER,COMPARE,"[""aynaavaram"", ""bakarkol, azamgarh, uttarpradesh""]","[""rn""]"
"let me know if there is a sunny alert in araji maphi soana, jakhania next weekend",SUNSHINE,ALERT,"[""araji maphi soana, jakhania""]","[""next weekend""]"
Alrt me if ranfal changes in Nowgong 2day,RAIN,ALERT,"[""Nowgong""]","[""2day""]"
"compare the humdity between thiruvaniyoor and rudrpur, unnao, uttarpradesh at 9:30 pm",HUMIDITY,COMPARE,"[""thiruvaniyoor"", ""rudrpur, unnao, uttarpradesh""]","[""9:30 pm""]"
Is there any soil moisure warning at my location next weekend,SOIL_MOISTURE,ALERT,"[""my location""]","[""next weekend""]"
alert me if the weaather turns bad in west godavrai day after tomorrow,CURRENT_CONDITIONS,ALERT,"[""west godavrai""]","[""day after tomorrow""]"
Soil moisture at 10cm figures in my vilage,SOIL_MOISTURE,GET,"[""my vilage""]",[]
"sir Odha or Damodarpur, Odisha better cuurent temp?",TEMPERATURE,COMPARE,"[""Odha"", ""Damodarpur, Odisha""]",[]
What is the cloud cover next week?,CLOUD_COVER,GET,[],"[""next week""]"
is there any wind bearing warnning nearby this week bro,WIND_DIRECTION,ALERT,"[""nearby""]","[""this week""]"
"How is the gust sped in Ghupti -, Kalahandi, Odisha nxt week?",WIND_SPEED,GET,"[""Ghupti -, Kalahandi, Odisha""]","[""nxt week""]"
hetavane raygad vs mamdipalle dhoop this morning,SUNSHINE,COMPARE,"[""hetavane raygad"", ""mamdipalle""]","[""this morning""]"
Send aletr relative moiture in Gaua Bihar by midnight?!,HUMIDITY,ALERT,"[""Gaua Bihar""]","[""midnight""]"
is there any humididty warning for tidragan by midnight?,HUMIDITY,ALERT,"[""tidragan""]","[""midnight""]"
how duz the wind velocity in ananohapur cmpare with sawai madhopur rajasthan by 1:48 pm?,WIND_SPEED,COMPARE,"[""ananohapur"", ""sawai madhopur rajasthan""]","[""1:48 pm""]"
What is the dhoop on Wednesday in Dihri?,SUNSHINE,GET,"[""Dihri""]","[""Wednesday""]"
Set an alret for hours of sunight near by in the next 8 hours bro,SUNSHINE,ALERT,"[""near by""]","[""next 8 hours""]"
Keep me posted on the dewpoint temperature in Rawani Pur tomorrow night,DEW_POINT,ALERT,"[""Rawani Pur""]","[""tomorrow night""]"
"extended forecast alert chirakuta pt.ii, dhubri in 30 minutes",FORECAST,ALERT,"[""chirakuta pt.ii, dhubri""]","[""30 minutes""]"
"how does the humidity in this area compare with dadari, jaunpur yesterday?",HUMIDITY,COMPARE,"[""this area"", ""dadari, jaunpur""]","[""yesterday""]"
"Notifiy me about the soil moisture 10cm in Piparia Ehatmali, Mirganj, Bareilly",SOIL_MOISTURE,ALERT,"[""Piparia Ehatmali, Mirganj, Bareilly""]",[]
Hawa ki disha details?,WIND_DIRECTION,GET,[],[]
"Gowdanahalli Tumakuru Karnataka or Pathar, Wardha betetr wind comes from tommorow?",WIND_DIRECTION,COMPARE,"[""Gowdanahalli Tumakuru Karnataka"", ""Pathar, Wardha""]","[""tommorow""]"
Soil moistur details from 10 AM to 11 pm,SOIL_MOISTURE,GET,[],"[""10 AM to 11 pm""]"
Is three any breeze warning at my locatiion this week?,WIND_SPEED,ALERT,"[""my locatiion""]","[""this week""]"
Notify about the week aheead forecast arund here on Friday,FORECAST,ALERT,"[""here""]","[""Friday""]"
What is the how is the weather later today in Chirakuta Pt.ii?,CURRENT_CONDITIONS,GET,"[""Chirakuta Pt.ii""]","[""later today""]"
Kathgariya v/s Yaval is it going to rain early morning,RAIN,COMPARE,"[""Kathgariya"", ""Yaval""]","[""early morning""]"
Gust details for Rmpur 2nite,WIND_SPEED,GET,"[""Rmpur""]","[""2nite""]"
"Whts min temp in Burhanpur, Madhya Pradesh",TEMPERATURE_MIN,GET,"[""Burhanpur, Madhya Pradesh""]",[]
is the hours of sun in ldoia english different right now and 9:34 pm?,SUNSHINE,COMPARE,"[""ldoia english""]","[""right now"", ""9:34 pm""]"
"On Sunday, alert me about the futire weather in Baramula",FORECAST,ALERT,"[""Baramula""]","[""Sunday""]"
whats the soil temperatuer at 10cm looking like in achharaunnd uttarpradesh?,SOIL_TEMPERATURE,GET,"[""achharaunnd uttarpradesh""]",[]
tell me when humiidity changges saroornagar,HUMIDITY,ALERT,"[""saroornagar""]",[]
Set an alert for soil moisture at 10 m here rn,SOIL_MOISTURE,ALERT,"[""here""]","[""rn""]"
"Could you let me know the night tempearture in Hossahalli, Arasikere, Hassan 2day?",TEMPERATURE_MIN,GET,"[""Hossahalli, Arasikere, Hassan""]","[""2day""]"
Whats the cloud percentage looking like in Dakshin Panialguri today?,CLOUD_COVER,GET,"[""Dakshin Panialguri""]","[""today""]"
Updaate me on sun hours next weekend,SUNSHINE,GET,[],"[""next weekend""]"
ping me aboout the hottest temperatture in chhailai jagir later today,TEMPERATURE_MAX,ALERT,"[""chhailai jagir""]","[""later today""]"
Warrn me about soil moisture in Chandigarh tmrw,SOIL_MOISTURE,ALERT,"[""Chandigarh""]","[""tmrw""]"
what's the wind direccton in abhayakuti tomorrow?,WIND_DIRECTION,GET,"[""abhayakuti""]","[""tomorrow""]"
send alret sunny hours in anteshwar,SUNSHINE,ALERT,"[""anteshwar""]",[]
Update me on the temperature of soil in Andole rn,SOIL_TEMPERATURE,GET,"[""Andole""]","[""rn""]"
"How does the current conditions near me compare with Rajbandh, Paschim Medinipur, West Bengal on Sunday?",CURRENT_CONDITIONS,COMPARE,"[""near me"", ""Rajbandh, Paschim Medinipur, West Bengal""]","[""Sunday""]"
How cloudy is it in Khonhanpur by 10 am?,CLOUD_COVER,GET,"[""Khonhanpur""]","[""10 am""]"
Contrast the badaal neaarby with Mokha Ka Tonk Pratapgarh at 9:30 pm,CLOUD_COVER,COMPARE,"[""neaarby"", ""Mokha Ka Tonk Pratapgarh""]","[""9:30 pm""]"
Is there any temperature of soil wauning near me around 9:34 pm,SOIL_TEMPERATURE,ALERT,"[""near me""]","[""9:34 pm""]"
"check the how humid in panyara khera, tikamgarh on sunday",HUMIDITY,GET,"[""panyara khera, tikamgarh""]","[""sunday""]"
keep me posted on the sunlight hours in odisha by 7:20 am,SUNSHINE,ALERT,"[""odisha""]","[""7:20 am""]"
Should i worry about the gusts in Bhamni Kalan Shahdol in the next 4 hours?,WIND_SPEED,ALERT,"[""Bhamni Kalan Shahdol""]","[""next 4 hours""]"
"Warn about the nightime low in Moltha, Pauri Garhwal, Uttarakhand at 9:30 pm",TEMPERATURE_MIN,ALERT,"[""Moltha, Pauri Garhwal, Uttarakhand""]","[""9:30 pm""]"
wat is max tempreture my plot next month,TEMPERATURE_MAX,GET,"[""my plot""]","[""next month""]"
whts temperature in charbhata keshkal by midnight,TEMPERATURE,GET,"[""charbhata keshkal""]","[""midnight""]"
"alert me if the wind crosses 40 kmph in zaptiveerappaguda, mirialguda, nalgonda tonight",WIND_SPEED,ALERT,"[""zaptiveerappaguda, mirialguda, nalgonda""]","[""tonight""]"
Flag the sky cvoer on Sunday sir,CLOUD_COVER,ALERT,[],"[""Sunday""]"
what is the wind speeed around 11 am?!,WIND_SPEED,GET,[],"[""11 am""]"
"Regardnig Koara, Himachal Prauesh, what is the direction wind day after tomorrow?",WIND_DIRECTION,GET,"[""Koara, Himachal Prauesh""]","[""day after tomorrow""]"
Need dew lveel for Maunath Bhanjan by 1 am quickly,DEW_POINT,GET,"[""Maunath Bhanjan""]","[""1 am""]"
Warrn me abot field moisture in Nandir,SOIL_MOISTURE,ALERT,"[""Nandir""]",[]
Could you check the actual temperature in my feild?,TEMPERATURE,GET,"[""my feild""]",[]
contrast the heat nearby with mampur arond 1:30 pm,TEMPERATURE,COMPARE,"[""nearby"", ""mampur""]","[""1:30 pm""]"
Pls tell me the hihgest temperature in Doddahejjaji on Sunday,TEMPERATURE_MAX,GET,"[""Doddahejjaji""]","[""Sunday""]"
Min teemperatre details Anandpur,TEMPERATURE_MIN,GET,"[""Anandpur""]",[]
I want to know the wind flow diirection in Gommu Koyagudem at 7:15 PM,WIND_DIRECTION,GET,"[""Gommu Koyagudem""]","[""7:15 PM""]"
"Where is ground moisture grater, Khamani, Jalgaon or Dayara Timbi tommorow?",SOIL_MOISTURE,COMPARE,"[""Khamani, Jalgaon"", ""Dayara Timbi""]","[""tommorow""]"
Need overnight temperature for Nao Para on Tuesday,TEMPERATURE_MIN,GET,"[""Nao Para""]","[""Tuesday""]"
Compare wiather situation in Paschim Ramchandrapur North Twenty-Four Parganas West Bengal vs Ayanavaram at 1:09 AM,CURRENT_CONDITIONS,COMPARE,"[""Paschim Ramchandrapur North Twenty-Four Parganas West Bengal"", ""Ayanavaram""]","[""1:09 AM""]"
How does the vaatavaranam in Syaat yesterday compare to 6 PM?,CURRENT_CONDITIONS,COMPARE,"[""Syaat""]","[""yesterday"", ""6 PM""]"
kindly tel me humidty on wednesday,HUMIDITY,GET,[],"[""wednesday""]"
Notify me about the temperature in my feild now,TEMPERATURE,ALERT,"[""my feild""]","[""now""]"
urgent is the dew higher in angara khurd or in bharmal jattan pathankot punjab from 10 am to 11 am?,DEW_POINT,COMPARE,"[""angara khurd"", ""bharmal jattan pathankot punjab""]","[""10 am to 11 am""]"
Put the cloud cover nearby against Chinnaramannagaripalle on Sunday,CLOUD_COVER,COMPARE,"[""nearby"", ""Chinnaramannagaripalle""]","[""Sunday""]"
ramuapur or yamunanagar better climtae right now next weekend?,CURRENT_CONDITIONS,COMPARE,"[""ramuapur"", ""yamunanagar""]","[""next weekend""]"
Shold i worry about the gust speed in Medaveedu Vihsakhapatnam?,WIND_SPEED,ALERT,"[""Medaveedu Vihsakhapatnam""]",[]
Contrast the wind fore in our villaae with Lauhra early morning,WIND_SPEED,COMPARE,"[""our villaae"", ""Lauhra""]","[""early morning""]"
"Keep me posted on the wich way the wind blows in Kannur, Kerala 2day",WIND_DIRECTION,ALERT,"[""Kannur, Kerala""]","[""2day""]"
"Keep me posted on the outside condtiions in Habaspur, Danapur by 4:30 AM",CURRENT_CONDITIONS,ALERT,"[""Habaspur, Danapur""]","[""4:30 AM""]"
ping me about the sun houos near me early morning,SUNSHINE,ALERT,"[""near me""]","[""early morning""]"
"This evening, alet me about the tempaturre in Moglpatna, Odisha",TEMPERATURE,ALERT,"[""Moglpatna, Odisha""]","[""This evening""]"
Put the dew point temperautre near by agaanst Jamdahara tommorow,DEW_POINT,COMPARE,"[""near by"", ""Jamdahara""]","[""tommorow""]"
"Notify me about the wind intensity in Karsangadh, Surenranagar tomorrow morning",WIND_SPEED,ALERT,"[""Karsangadh, Surenranagar""]","[""tomorrow morning""]"
soil mosture at 10 m nao para hugli or nivari,SOIL_MOISTURE,COMPARE,"[""nao para hugli"", ""nivari""]",[]
"compair the outlok beween mungahha adanbeda, keshkal this week",FORECAST,COMPARE,"[""mungahha"", ""adanbeda, keshkal""]","[""this week""]"
Is any precipitation advisory issued now?,RAIN,ALERT,[],"[""now""]"
Wich has more preddition Buwana or Alagdiha for the next 3 days,FORECAST,COMPARE,"[""Buwana"", ""Alagdiha""]","[""next 3 days""]"
ping aobut the soil wetness,SOIL_MOISTURE,ALERT,[],[]
Remind me to chek soil moisture 40cm in Jategaon Kh this weekend,SOIL_MOISTURE,ALERT,"[""Jategaon Kh""]","[""this weekend""]"
Warn me about the where wind is coming from in Argentina on Friday..,WIND_DIRECTION,ALERT,"[""Argentina""]","[""Friday""]"
Set an alet for highest temp in Mundakata tomorrow evening,TEMPERATURE_MAX,ALERT,"[""Mundakata""]","[""tomorrow evening""]"
", alert me about the soil temprature in kendua purba medinipur west bengal",SOIL_TEMPERATURE,ALERT,"[""kendua purba medinipur west bengal""]",[]
how duz the weekly weatheer in nurpur mubarakpur compare with paschim joykrishnapur?,FORECAST,COMPARE,"[""nurpur mubarakpur"", ""paschim joykrishnapur""]",[]
Upuate me on the how hot my feld last week,TEMPERATURE,GET,"[""my feld""]","[""last week""]"
"Diffrence in what's the weatheer like beween Marhari, Gorakhpur and Kalibel Dangs by midnight",CURRENT_CONDITIONS,COMPARE,"[""Marhari, Gorakhpur"", ""Kalibel Dangs""]","[""midnight""]"
Put the gust speed in this area aginst Tukey early morning,WIND_SPEED,COMPARE,"[""this area"", ""Tukey""]","[""early morning""]"
Put the forecaste of Sahajpuri against Bhimadolu this afternoon,FORECAST,COMPARE,"[""Sahajpuri"", ""Bhimadolu""]","[""this afternoon""]"
Warrn me about ground temp in Missouri,SOIL_TEMPERATURE,ALERT,"[""Missouri""]",[]
how is the tempatuer in my farm now,TEMPERATURE,GET,"[""my farm""]","[""now""]"
Is there any what's the weathor like warning nxt week?,CURRENT_CONDITIONS,ALERT,[],"[""nxt week""]"
How much solar exposure aound my area at 7:15 PM?,SUNSHINE,GET,"[""my area""]","[""7:15 PM""]"
Plz aelrt sky cover Haragarahalli day after tomorrow,CLOUD_COVER,ALERT,"[""Haragarahalli""]","[""day after tomorrow""]"
check current conditions mahullani day after tomorow,CURRENT_CONDITIONS,GET,"[""mahullani""]","[""day after tomorow""]"
What is the what's the weather like by 4:30 AM in Bilak?,CURRENT_CONDITIONS,GET,"[""Bilak""]","[""4:30 AM""]"
what will the gound moisture be in sakariya by 4 pm?,SOIL_MOISTURE,GET,"[""sakariya""]","[""4 pm""]"
quick soil moisture 40cm check for pipaliya,SOIL_MOISTURE,GET,"[""pipaliya""]",[]
is there any humdity warning for kadgawan this weekend?,HUMIDITY,ALERT,"[""kadgawan""]","[""this weekend""]"
"Niyamoopur, Uttarpradesh outside conditions by 10 am",CURRENT_CONDITIONS,GET,"[""Niyamoopur, Uttarpradesh""]","[""10 am""]"
warrn me about cloud percentage in d.p.f.chilamgad??,CLOUD_COVER,ALERT,"[""d.p.f.chilamgad""]",[]
"How many hours of sun will Nutanram, Burdwan get tomorrow evening?",SUNSHINE,GET,"[""Nutanram, Burdwan""]","[""tomorrow evening""]"
Need cloud cover percentage for Chikabari 2day pls,CLOUD_COVER,GET,"[""Chikabari""]","[""2day""]"
Cotrast the min temproture nearby with Samria tomorrow morning,TEMPERATURE_MIN,COMPARE,"[""nearby"", ""Samria""]","[""tomorrow morning""]"
Wind diecton Nannurupadu or Bisrampur Pashchimi Champaran,WIND_DIRECTION,COMPARE,"[""Nannurupadu"", ""Bisrampur Pashchimi Champaran""]",[]
pls How is the showres in Piipaliya by 2 am,RAIN,GET,"[""Piipaliya""]","[""2 am""]"
"Contrast weather update in my farm with Dehgam, Gandhinagar around 12:30 PM",CURRENT_CONDITIONS,COMPARE,"[""my farm"", ""Dehgam, Gandhinagar""]","[""12:30 PM""]"
plz what's the dwepoit in malihpur 2nite?,DEW_POINT,GET,"[""malihpur""]","[""2nite""]"
conrast the soil moisture 10cm at my location with pura by 1 pm,SOIL_MOISTURE,COMPARE,"[""my location"", ""pura""]","[""1 pm""]"
warn me abuot the future weather at my place at 7 pm?!,FORECAST,ALERT,"[""my place""]","[""7 pm""]"
Warn me about the colest by 9 PM,TEMPERATURE_MIN,ALERT,[],"[""9 PM""]"
How does the showwers near by compare with Camroon in 30 minutes?,RAIN,COMPARE,"[""near by"", ""Camroon""]","[""30 minutes""]"
How duz the gust Akuanala Paschim Medinipur comare with Ghatchora this weekend?,WIND_SPEED,COMPARE,"[""Akuanala Paschim Medinipur"", ""Ghatchora""]","[""this weekend""]"
"Message me the weather stus in Parbahal, Puruliya tomorrow",CURRENT_CONDITIONS,ALERT,"[""Parbahal, Puruliya""]","[""tomorrow""]"
urgent Set an alart for hours of sun in Pail,SUNSHINE,ALERT,"[""Pail""]",[]
Check the frcast for both Bhawanpur and Jammu And Kashmir India day after tomorow,FORECAST,COMPARE,"[""Bhawanpur"", ""Jammu And Kashmir India""]","[""day after tomorow""]"
Updaoe me on the breeze nearby,WIND_SPEED,GET,"[""nearby""]",[]
Gospurnatara Unnao Uttarpradesh wnd speed tomorrow morning,WIND_SPEED,GET,"[""Gospurnatara Unnao Uttarpradesh""]","[""tomorrow morning""]"
"Next weekend, alert me about the weather conditions in Konardihi",CURRENT_CONDITIONS,ALERT,"[""Konardihi""]","[""Next weekend""]"
Warn me abuot the outside conditions in my farm yesterday,CURRENT_CONDITIONS,ALERT,"[""my farm""]","[""yesterday""]"
dewpoit bindippur right now pls,DEW_POINT,GET,"[""bindippur""]","[""right now""]"
Compare the gusts in my field with Mankapur rn,WIND_SPEED,COMPARE,"[""my field"", ""Mankapur""]","[""rn""]"
flag the hourrs of sun for baba hardo day after tomorow?!,SUNSHINE,ALERT,"[""baba hardo""]","[""day after tomorow""]"
Compare the soil temperature at 40cm in my village with Firozpuur on Sunday,SOIL_TEMPERATURE,COMPARE,"[""my village"", ""Firozpuur""]","[""Sunday""]"
compare tmperature soil in raj nandgaon vs chaura later today,SOIL_TEMPERATURE,COMPARE,"[""raj nandgaon"", ""chaura""]","[""later today""]"
Notify me about the cloud coveraeg near by for the next 3 days,CLOUD_COVER,ALERT,"[""near by""]","[""next 3 days""]"
", alert me aobut the minimum in Nebraska",TEMPERATURE_MIN,ALERT,"[""Nebraska""]",[]
Notify me if it gets overcast in Jhagar Pur day after tomorow,CLOUD_COVER,ALERT,"[""Jhagar Pur""]","[""day after tomorow""]"
give the brihgt sunshine for powa tomorrow morning,SUNSHINE,GET,"[""powa""]","[""tomorrow morning""]"
whats up with the degrees in chhatisgarh india tonight?,TEMPERATURE,GET,"[""chhatisgarh india""]","[""tonight""]"
How humid is it in Singapore right now?,HUMIDITY,GET,"[""Singapore""]","[""right now""]"
is any rain forecast advisoy issued tomorrow morning?,RAIN,ALERT,[],"[""tomorrow morning""]"
Set an alert for lowest temp,TEMPERATURE_MIN,ALERT,[],[]
Rmind me to check the sunshien in Bajri by 7:20 am,SUNSHINE,ALERT,"[""Bajri""]","[""7:20 am""]"
How does the overcast level near me compare with Tenkasi tomorow?,CLOUD_COVER,COMPARE,"[""near me"", ""Tenkasi""]","[""tomorow""]"
"Show me the wether now in Habaspur, Danaper on Monday",CURRENT_CONDITIONS,GET,"[""Habaspur, Danaper""]","[""Monday""]"
Flag the wind coems from for Ganderi for the next 7 days,WIND_DIRECTION,ALERT,"[""Ganderi""]","[""next 7 days""]"
Imaliya Swaroop ka weather outlook,FORECAST,GET,"[""Imaliya Swaroop""]",[]
Cotnrast mitti ka taapmaan around here with Knaisail Pt Ii Assam,SOIL_TEMPERATURE,COMPARE,"[""here"", ""Knaisail Pt Ii Assam""]",[]
Warn me about the heat level in my vilage day after tomorow,TEMPERATURE,ALERT,"[""my vilage""]","[""day after tomorow""]"
Flag the is it going to rain for Dugga at 9:30 am,RAIN,ALERT,"[""Dugga""]","[""9:30 am""]"
how duz the vaana in dhemdhema pt.i compurre with perur tomorrow?,RAIN,COMPARE,"[""dhemdhema pt.i"", ""perur""]","[""tomorrow""]"
notify me about the soil heat in my vilage at 11:30 am,SOIL_TEMPERATURE,ALERT,"[""my vilage""]","[""11:30 am""]"
Tell the maximum tempratuer near me on Sunday,TEMPERATURE_MAX,GET,"[""near me""]","[""Sunday""]"
Tell me the soil moisstuure at 40 m for Aannthapur for the next 7 days,SOIL_MOISTURE,GET,"[""Aannthapur""]","[""next 7 days""]"
i need the soil temprature reading for bausi 2nite,SOIL_TEMPERATURE,GET,"[""bausi""]","[""2nite""]"
Want aert for wind heading in Chhibrara this morning,WIND_DIRECTION,ALERT,"[""Chhibrara""]","[""this morning""]"
", compare the wind velocity in Nagaland and Hosahalli",WIND_SPEED,COMPARE,"[""Nagaland"", ""Hosahalli""]",[]
Is it huid in Badadunguripali by midnight??,HUMIDITY,GET,"[""Badadunguripali""]","[""midnight""]"
Flag the huimd last week,HUMIDITY,ALERT,[],"[""last week""]"
Israjpalle humidity level?,HUMIDITY,GET,"[""Israjpalle""]",[]
"I need the wind heading readig for Hisale, Dhule day after tomorow plz",WIND_DIRECTION,GET,"[""Hisale, Dhule""]","[""day after tomorow""]"
Acutal temperature in 90 minutes pls,TEMPERATURE,GET,[],"[""90 minutes""]"
check the air mosture at 4 am,HUMIDITY,GET,[],"[""4 am""]"
Ping me about the hours sun around here by 7:20 am,SUNSHINE,ALERT,"[""here""]","[""7:20 am""]"
Weather update,CURRENT_CONDITIONS,GET,[],[]
whats the dew looking like sakariya jhalawar?,DEW_POINT,GET,"[""sakariya jhalawar""]",[]
is humdity advisory issued on monday?,HUMIDITY,ALERT,[],"[""monday""]"
Alrt me if gusts changes in Sayan Madhogah for the next 3 days plz,WIND_SPEED,ALERT,"[""Sayan Madhogah""]","[""next 3 days""]"
Set an alart for week ahead forecast in Mokha Ka Tonk,FORECAST,ALERT,"[""Mokha Ka Tonk""]",[]
compare the sunllite in lonar maharashtra between 49 minutes and tommorow,SUNSHINE,COMPARE,"[""lonar maharashtra""]","[""49 minutes"", ""tommorow""]"
"Wind comes from in Bhuteshwar and Sivarampuram tmrw, which is better?",WIND_DIRECTION,COMPARE,"[""Bhuteshwar"", ""Sivarampuram""]","[""tmrw""]"
Ping me about the bright sunshine by 10:30 pm sir,SUNSHINE,ALERT,[],"[""10:30 pm""]"
Tell me when sky condition changes Sarkuri tomorow,CLOUD_COVER,ALERT,"[""Sarkuri""]","[""tomorow""]"
Solar exposre Dalelpura Nainwa from 9:43 am to 1 PM pls,SUNSHINE,GET,"[""Dalelpura Nainwa""]","[""9:43 am to 1 PM""]"
Jagara vs Akauna Khurd Unchahra air temperature,TEMPERATURE,COMPARE,"[""Jagara"", ""Akauna Khurd Unchahra""]",[]
Ping me aoobut dewpoint in Ranka on Tuesday,DEW_POINT,ALERT,"[""Ranka""]","[""Tuesday""]"
Contrast the how hemid in my field with Karangadh next month,HUMIDITY,COMPARE,"[""my field"", ""Karangadh""]","[""next month""]"
How does the long range forecast in Mogolpatna this afternoon compaue Tuesday?,FORECAST,COMPARE,"[""Mogolpatna""]","[""this afternoon"", ""Tuesday""]"
dharampur versuus baniyala colest in 82 minutes,TEMPERATURE_MIN,COMPARE,"[""dharampur"", ""baniyala""]","[""82 minutes""]"
how high will the temperatture go in bulaki tola today?,TEMPERATURE_MAX,GET,"[""bulaki tola""]","[""today""]"
Notify me about the solar exposure in my village during the sowing week,SUNSHINE,ALERT,"[""my village""]","[""sowing week""]"
Jaisalmer versus Piprahia soil moiistur for the next 7 days,SOIL_MOISTURE,COMPARE,"[""Jaisalmer"", ""Piprahia""]","[""next 7 days""]"
"set an alart for dewpoit in bhijapara, dhbri at 7 pm",DEW_POINT,ALERT,"[""bhijapara, dhbri""]","[""7 pm""]"
remind me to check the soil wetness level in khark lizer for the next 7 days,SOIL_MOISTURE,ALERT,"[""khark lizer""]","[""next 7 days""]"
Hw is vaatavaranam in Barkhedi,CURRENT_CONDITIONS,GET,"[""Barkhedi""]",[]
Is it humid in Hatale..,HUMIDITY,GET,"[""Hatale""]",[]
"Put a reminder for dew poitn temp in Coimbatore, Tamil Nadu by 4:45 AM",DEW_POINT,ALERT,"[""Coimbatore, Tamil Nadu""]","[""4:45 AM""]"
Soil moistuer at 10 m details for next 3 days,SOIL_MOISTURE,GET,[],"[""next 3 days""]"
Bhelagachhi and Dibrugarh wind diretion,WIND_DIRECTION,COMPARE,"[""Bhelagachhi"", ""Dibrugarh""]",[]
Want to know coldesst Baleshwar Sadar in 30 minutes,TEMPERATURE_MIN,GET,"[""Baleshwar Sadar""]","[""30 minutes""]"
Contrast the air temperatuure nerby with Ranhot at 7:15 PM,TEMPERATURE,COMPARE,"[""nerby"", ""Ranhot""]","[""7:15 PM""]"
Contrasst the soil heat lveel in my vilage with Bauni tomorow,SOIL_TEMPERATURE,COMPARE,"[""my vilage"", ""Bauni""]","[""tomorow""]"
Set an alert for highhest temp near me day after tomorrow,TEMPERATURE_MAX,ALERT,"[""near me""]","[""day after tomorrow""]"
Give loweest temperature today Algeira tmrw,TEMPERATURE_MIN,GET,"[""Algeira""]","[""tmrw""]"
Contrast the rainfall in my feild with Gtohani last week,RAIN,COMPARE,"[""my feild"", ""Gtohani""]","[""last week""]"
whats the weather prediction looking like in nandor 2day?,FORECAST,GET,"[""nandor""]","[""2day""]"
How is the dew poiint tmeperature in Baleshwar Sadra now?,DEW_POINT,GET,"[""Baleshwar Sadra""]","[""now""]"
"Put the wind gutss in my vilage against Belsauna, Lambhuua by 4 am",WIND_SPEED,COMPARE,"[""my vilage"", ""Belsauna, Lambhuua""]","[""4 am""]"
plz alert direction wind sarmauli last week,WIND_DIRECTION,ALERT,"[""sarmauli""]","[""last week""]"
How is the wind rate at my location this afternoon?,WIND_SPEED,GET,"[""my location""]","[""this afternoon""]"
is the sunlight higher in hatimunda or in gourdih aroudn 6 pm?,SUNSHINE,COMPARE,"[""hatimunda"", ""gourdih""]","[""6 pm""]"
Whats the huors of sunlight looking like last week?,SUNSHINE,GET,[],"[""last week""]"
"Wihch has higher due point, Idappadi or Kampaniguma?",DEW_POINT,COMPARE,"[""Idappadi"", ""Kampaniguma""]",[]
"Regarding Maira Dhaj, what is the breeze during the sowing week?",WIND_SPEED,GET,"[""Maira Dhaj""]","[""sowing week""]"
Notify me about the humidity levvel in Budhana around 7:30 AM,HUMIDITY,ALERT,"[""Budhana""]","[""7:30 AM""]"
"Powa, Campierganj vs Shala Teng Ghat temprautre today",TEMPERATURE,COMPARE,"[""Powa, Campierganj"", ""Shala Teng Ghat""]","[""today""]"
Compare the rain probability in my feld with Syaat,RAIN,COMPARE,"[""my feld"", ""Syaat""]",[]
Whts moisture at 40cm in Khubpura tomorrow night,SOIL_MOISTURE,GET,"[""Khubpura""]","[""tomorrow night""]"
"Compare Khubpura and Badariilo, Puri peak tempeature",TEMPERATURE_MAX,COMPARE,"[""Khubpura"", ""Badariilo, Puri""]",[]
"ramuapur, misrik, sitapur, uttarpradesh vs ramuapur wind direcion tomorow",WIND_DIRECTION,COMPARE,"[""ramuapur, misrik, sitapur, uttarpradesh"", ""ramuapur""]","[""tomorow""]"
What is the wind seed forecast by 4 am in Sura Sultanpura?,WIND_SPEED,GET,"[""Sura Sultanpura""]","[""4 am""]"
send me an aelrt if the soil moistur is unusual in belsauna tomorrow night,SOIL_MOISTURE,ALERT,"[""belsauna""]","[""tomorrow night""]"
"Gara, Bankura versus Bhimadolu dew temperatue",DEW_POINT,COMPARE,"[""Gara, Bankura"", ""Bhimadolu""]",[]
Flag extneded forecast near me right now,FORECAST,ALERT,"[""near me""]","[""right now""]"
"Compare the mniimum beween Awadah Khas, Lalganj and Kalibel Dangs",TEMPERATURE_MIN,COMPARE,"[""Awadah Khas, Lalganj"", ""Kalibel Dangs""]",[]
"Any wanings about soil moisture 40cm in Bhodua, Jaleswur 2day?",SOIL_MOISTURE,ALERT,"[""Bhodua, Jaleswur""]","[""2day""]"
Is the weather forecast in Gommu Koyagudem diffferent 12 pm and 4 am..,FORECAST,COMPARE,"[""Gommu Koyagudem""]","[""12 pm"", ""4 am""]"
Tell diffrence dhooop Pathakpur Sura Sultanpura Panch Mahals for the next 7 days,SUNSHINE,COMPARE,"[""Pathakpur"", ""Sura Sultanpura Panch Mahals""]","[""next 7 days""]"
Give me the how is the weather for Klyan tomorow,CURRENT_CONDITIONS,GET,"[""Klyan""]","[""tomorow""]"
Tell me the overcait for Pura Ruchai Prayagraj Uttarpradesh in the next 8 hours,CLOUD_COVER,GET,"[""Pura Ruchai Prayagraj Uttarpradesh""]","[""next 8 hours""]"
"Whcih has highre light rain, Khudra Dingdingi Barbhag Circle or Hatimnuda this weekend?",RAIN,COMPARE,"[""Khudra Dingdingi Barbhag Circle"", ""Hatimnuda""]","[""this weekend""]"
"hisale, dhule verses bedchit, vyara weuther",CURRENT_CONDITIONS,COMPARE,"[""hisale, dhule"", ""bedchit, vyara""]",[]
want alert for wind gusts in shohrok next week,WIND_SPEED,ALERT,"[""shohrok""]","[""next week""]"
put the which way the wind blows near by against bajampur auound 10:45 pm,WIND_DIRECTION,COMPARE,"[""near by"", ""bajampur""]","[""10:45 pm""]"
Flag the which way the wind blows this weekend,WIND_DIRECTION,ALERT,[],"[""this weekend""]"
Cold in Israjalle: 10 AM to 11 pm or 9:34 pm?,TEMPERATURE,COMPARE,"[""Israjalle""]","[""10 AM to 11 pm"", ""9:34 pm""]"
Ntify me the min temp neary from 5:16 AM to 9 pm,TEMPERATURE_MIN,ALERT,"[""neary""]","[""5:16 AM to 9 pm""]"
"how the soil moisture at 40 m in my feild compare with boatd, gujarat day after tomorow?",SOIL_MOISTURE,COMPARE,"[""my feild"", ""boatd, gujarat""]","[""day after tomorow""]"
Need groudn temp for Khudra Dingdingi Barbhag Circle day after tomorow,SOIL_TEMPERATURE,GET,"[""Khudra Dingdingi Barbhag Circle""]","[""day after tomorow""]"
How is the relative moisture tomorrow evening,HUMIDITY,GET,[],"[""tomorrow evening""]"
what's the daytiem temperature in charadih tomorrow evening?,TEMPERATURE_MAX,GET,"[""charadih""]","[""tomorrow evening""]"
copmare cloudness south sudan thirumalayapalem next weekend,CLOUD_COVER,COMPARE,"[""south sudan"", ""thirumalayapalem""]","[""next weekend""]"
"Preciptiaion Karhal or Chawa, Sherghati",RAIN,COMPARE,"[""Karhal"", ""Chawa, Sherghati""]",[]
Flag the mitti ka taapmaan in my farm by 3 pm??,SOIL_TEMPERATURE,ALERT,"[""my farm""]","[""3 pm""]"
"Is there a severe weather forecast for Hosahalli, Arasikere, Hassan next week?",FORECAST,ALERT,"[""Hosahalli, Arasikere, Hassan""]","[""next week""]"
Wat is os biniu in my fild?,DEW_POINT,GET,"[""my fild""]",[]
Set an alert temprature this morning,TEMPERATURE,ALERT,[],"[""this morning""]"
"i need the wind srength reading for ganga param, bihar tomorrow",WIND_SPEED,GET,"[""ganga param, bihar""]","[""tomorrow""]"
Cahck weather now Dalapachan Khasmahal on Saturday,CURRENT_CONDITIONS,GET,"[""Dalapachan Khasmahal""]","[""Saturday""]"
compare the wind intenity in our village with yaval,WIND_SPEED,COMPARE,"[""our village"", ""yaval""]",[]
Tell me the min temperature??,TEMPERATURE_MIN,GET,[],[]
Inform me if soil moisure bad in Phalodi by midnight,SOIL_MOISTURE,ALERT,"[""Phalodi""]","[""midnight""]"
"On Monday, compare the dewpoint temperature Mississippi and Pahralui Uttarpradesh",DEW_POINT,COMPARE,"[""Mississippi"", ""Pahralui Uttarpradesh""]","[""Monday""]"
Any warnings aobut mtti ki nami Hastnapr?,SOIL_MOISTURE,ALERT,"[""Hastnapr""]",[]
Is there any soil temperature at 10cm warning in our village now?,SOIL_TEMPERATURE,ALERT,"[""our village""]","[""now""]"
Contrast the relative humidity here with Shamjot by 2 am,HUMIDITY,COMPARE,"[""here"", ""Shamjot""]","[""2 am""]"
"Wind in Sawai Madhopur Rajasthan and Porbandar last week, which is better?",WIND_SPEED,COMPARE,"[""Sawai Madhopur Rajasthan"", ""Porbandar""]","[""last week""]"
Put the relative humidity in my farm against Beradangi Chanchal Maldah right now,HUMIDITY,COMPARE,"[""my farm"", ""Beradangi Chanchal Maldah""]","[""right now""]"
Tomorrow morning dew figures aound here,DEW_POINT,GET,"[""here""]","[""Tomorrow morning""]"
Set an alert for how humid near by on Friday,HUMIDITY,ALERT,"[""near by""]","[""Friday""]"
I need the bright sunshine reading for Piprahiia Uttarpradesh tomorow,SUNSHINE,GET,"[""Piprahiia Uttarpradesh""]","[""tomorow""]"
is there any soil moisure warning for duliakhal karaib around 10 pm?,SOIL_MOISTURE,ALERT,"[""duliakhal karaib""]","[""10 pm""]"
"Regarding Kanda Lostu, what is the rain intensity right now?",RAIN,GET,"[""Kanda Lostu""]","[""right now""]"
Put the cold at my location against Pathakpur by 9 PM,TEMPERATURE,COMPARE,"[""my location"", ""Pathakpur""]","[""9 PM""]"
Notifiy me about the direction wind in Janegaon,WIND_DIRECTION,ALERT,"[""Janegaon""]",[]
"Warn me about strong winds in Budhel, Guarat tomorow",WIND_SPEED,ALERT,"[""Budhel, Guarat""]","[""tomorow""]"
"Regrading Joharapur, Ahamadnaagar, what is the sky cover by 6:15 am?",CLOUD_COVER,GET,"[""Joharapur, Ahamadnaagar""]","[""6:15 am""]"
Warn aout the soil temperature in Babhulheda day after tomorow,SOIL_TEMPERATURE,ALERT,"[""Babhulheda""]","[""day after tomorow""]"
"where the hotest temperaature greater, nagaland, india or kurod on friday?",TEMPERATURE_MAX,COMPARE,"[""nagaland, india"", ""kurod""]","[""friday""]"
warrn me aeout overnight temperature in tambwa at 1:09 am,TEMPERATURE_MIN,ALERT,"[""tambwa""]","[""1:09 am""]"
Set an aleert for dew levle tonight,DEW_POINT,ALERT,[],"[""tonight""]"
How does the wind comes from in my village compare with Ichcheri?,WIND_DIRECTION,COMPARE,"[""my village"", ""Ichcheri""]",[]
How much cloud coverage Odha on Saturday?,CLOUD_COVER,GET,"[""Odha""]","[""Saturday""]"
ping me about the humidity percentage in nadri by 8:30 am?!,HUMIDITY,ALERT,"[""nadri""]","[""8:30 am""]"
urgent Cmpare the clouds near by with Chengalpattu Tamil Nadu,CLOUD_COVER,COMPARE,"[""near by"", ""Chengalpattu Tamil Nadu""]",[]
"how duz the wind bearing in kasipet, telangana copare with duldula in 30 minutes?",WIND_DIRECTION,COMPARE,"[""kasipet, telangana"", ""duldula""]","[""30 minutes""]"
"Doddahejjaji vs Tipamia Dighalia, Dibrugarh, Assam hours of sunlight",SUNSHINE,COMPARE,"[""Doddahejjaji"", ""Tipamia Dighalia, Dibrugarh, Assam""]",[]
what is wind directon yesterday in karnataka?,WIND_DIRECTION,GET,"[""karnataka""]","[""yesterday""]"
Compare the wind gusts in our village with Mahulani,WIND_SPEED,COMPARE,"[""our village"", ""Mahulani""]",[]
how does the wind rate in my felid comare with tarf tajwal next month?!,WIND_SPEED,COMPARE,"[""my felid"", ""tarf tajwal""]","[""next month""]"
Give the temperature of soil for Mahalmirya Dingar,SOIL_TEMPERATURE,GET,"[""Mahalmirya Dingar""]",[]
alrt me if how hot it is changs in neurhawa,TEMPERATURE,ALERT,"[""neurhawa""]",[]
Commpair the daily forecast between Cihnchali and Jammu And Kashmir India,FORECAST,COMPARE,"[""Cihnchali"", ""Jammu And Kashmir India""]",[]
let me know if there is a maximum temprature alert in duvvaad tomorrow morning,TEMPERATURE_MAX,ALERT,"[""duvvaad""]","[""tomorrow morning""]"
let me know if there is a cloud cover percentage alert in mairi next month,CLOUD_COVER,ALERT,"[""mairi""]","[""next month""]"
Notify me about the wnd direction right now,WIND_DIRECTION,ALERT,[],"[""right now""]"
"Notify me about the dewpoint temperature in Gautambudhnagar, Uttarpradesh now",DEW_POINT,ALERT,"[""Gautambudhnagar, Uttarpradesh""]","[""now""]"
What's the current weather near me?,CURRENT_CONDITIONS,GET,"[""near me""]",[]
Whts the how windy looking like around 11 PM?,WIND_SPEED,GET,[],"[""11 PM""]"
Put the cloudness here against Adbalpur Pipra by 4:50 PM,CLOUD_COVER,COMPARE,"[""here"", ""Adbalpur Pipra""]","[""4:50 PM""]"
Tomorrow soil heat fgues for Suratraidi Alias Lakragora,SOIL_TEMPERATURE,GET,"[""Suratraidi Alias Lakragora""]","[""Tomorrow""]"
Notfy me about the wind blows from for the next 3 days,WIND_DIRECTION,ALERT,[],"[""next 3 days""]"
Alert me if the wind crosses 40 kmph in Irumedu on Tuesday,WIND_SPEED,ALERT,"[""Irumedu""]","[""Tuesday""]"
Want alert for cloudy in Kanwariyat on Tuesday,CLOUD_COVER,ALERT,"[""Kanwariyat""]","[""Tuesday""]"
"brahamgani vs chhrhati, sohagpur, shahdol, madhya pradesh solar epxsoure",SUNSHINE,COMPARE,"[""brahamgani"", ""chhrhati, sohagpur, shahdol, madhya pradesh""]",[]
set an alert for degrees near by for the next 7 days,TEMPERATURE,ALERT,"[""near by""]","[""next 7 days""]"
Culd you let me know the air temperature in Peeploodn early morning?,TEMPERATURE,GET,"[""Peeploodn""]","[""early morning""]"
Any warnings about humididty in Sitalpur Kakrahta by 6:15 am..,HUMIDITY,ALERT,"[""Sitalpur Kakrahta""]","[""6:15 am""]"
Conrsat the soil temp in Lalpura Barh Patna with Charadih Erki in 60 minutes,SOIL_TEMPERATURE,COMPARE,"[""Lalpura Barh Patna"", ""Charadih Erki""]","[""60 minutes""]"
"Compre rain chance in Kopaganj, Mau vs Gospurnataea Unnao Uttarpradesh today",RAIN,COMPARE,"[""Kopaganj, Mau"", ""Gospurnataea Unnao Uttarpradesh""]","[""today""]"
"Regarding Jogdhipa, what the cloud covr tomorrow night?",CLOUD_COVER,GET,"[""Jogdhipa""]","[""tomorrow night""]"
"Between Maharashtra and Mahuwan, where is the extended forecsat stronger",FORECAST,COMPARE,"[""Maharashtra"", ""Mahuwan""]",[]
any warnins about solar exposure in raksani early morning?,SUNSHINE,ALERT,"[""raksani""]","[""early morning""]"
Notify me about the solar radiation in my field at 9:30 pm,SUNSHINE,ALERT,"[""my field""]","[""9:30 pm""]"
sawai madhopur earth temperature 30 minutes vs 4 am,SOIL_TEMPERATURE,COMPARE,"[""sawai madhopur""]","[""30 minutes"", ""4 am""]"
Sky condtion on Friday pls,CLOUD_COVER,GET,[],"[""Friday""]"
Notify me about the overnight temperature in Balewal,TEMPERATURE_MIN,ALERT,"[""Balewal""]",[]
any ranifall advisory issued for Gurudayalpur F.v. now?,RAIN,ALERT,"[""Gurudayalpur F.v.""]","[""now""]"
how the relative humidity tonight?,HUMIDITY,GET,[],"[""tonight""]"
How is the sunshine in Bhadvan on Monday?,SUNSHINE,GET,"[""Bhadvan""]","[""Monday""]"
need to know soil temp by 7:20 am,SOIL_TEMPERATURE,GET,[],"[""7:20 am""]"
check conditios right now later today,CURRENT_CONDITIONS,GET,[],"[""later today""]"
"Quick wnd direction check for Awadah Khas, Lalganj tommorow",WIND_DIRECTION,GET,"[""Awadah Khas, Lalganj""]","[""tommorow""]"
"By midnight, alert me about the dew puint temperature in Bisrampur",DEW_POINT,ALERT,"[""Bisrampur""]","[""midnight""]"
Notify me about the wind blows from at my loation on Sunday,WIND_DIRECTION,ALERT,"[""my loation""]","[""Sunday""]"
Put the weather prediction here agaast Bhawani Khera Fatehabad this week,FORECAST,COMPARE,"[""here"", ""Bhawani Khera Fatehabad""]","[""this week""]"
"Regarding Vyas Kheri, what is the hawa ki disha tomorrow evening?",WIND_DIRECTION,GET,"[""Vyas Kheri""]","[""tomorrow evening""]"
warn me about the sky cndition in edabra 2day,CLOUD_COVER,ALERT,"[""edabra""]","[""2day""]"
Flag the vaatavaranam in my farm 2nite quickly,CURRENT_CONDITIONS,ALERT,"[""my farm""]","[""2nite""]"
Alrt me if moistture in the soil changes in Pahrauli Uttarpradesh this morning,SOIL_MOISTURE,ALERT,"[""Pahrauli Uttarpradesh""]","[""this morning""]"
"How does the degree in this area compare with Nauli, Basti on Wednesday",TEMPERATURE,COMPARE,"[""this area"", ""Nauli, Basti""]","[""Wednesday""]"
Whats the due point looking like in Laram Jangi Pora,DEW_POINT,GET,"[""Laram Jangi Pora""]",[]
Compair the outside conditions betwen Jujuy and Sadra,CURRENT_CONDITIONS,COMPARE,"[""Jujuy"", ""Sadra""]",[]
"Whts wind guss in Par Shibur, West Bengal by midnight..",WIND_SPEED,GET,"[""Par Shibur, West Bengal""]","[""midnight""]"
could you let me know the direction wind in gundaram tadwai by 2 am?,WIND_DIRECTION,GET,"[""gundaram tadwai""]","[""2 am""]"
Show me the weather preditcion for Sulemanpur and Baghuapalli next weekend,FORECAST,COMPARE,"[""Sulemanpur"", ""Baghuapalli""]","[""next weekend""]"
"Whats wind blows from lookign like in Darola, Bilaspur for the next 7 days?",WIND_DIRECTION,GET,"[""Darola, Bilaspur""]","[""next 7 days""]"
How much sunlght?,SUNSHINE,GET,[],[]
Conarast the soil temperature around my area with Chhapra tomorrow,SOIL_TEMPERATURE,COMPARE,"[""my area"", ""Chhapra""]","[""tomorrow""]"
Send me an alert if the how hot it is is unusual in Kawalpra tomorrow evening,TEMPERATURE,ALERT,"[""Kawalpra""]","[""tomorrow evening""]"
"should i worry about the moisture in field in adampur, uttarpradesh?",SOIL_MOISTURE,ALERT,"[""adampur, uttarpradesh""]",[]
Contrast wnd speed in this area with Brahmaur next weekend,WIND_SPEED,COMPARE,"[""this area"", ""Brahmaur""]","[""next weekend""]"
Is there any hottest temperature wanring near me on Tuesday?,TEMPERATURE_MAX,ALERT,"[""near me""]","[""Tuesday""]"
tell me the wind for charama,WIND_SPEED,GET,"[""charama""]",[]
"For Ramanujnagar and Karsangadh both, what is the soil moisture at 10cm",SOIL_MOISTURE,COMPARE,"[""Ramanujnagar"", ""Karsangadh""]",[]
How does the windy in our villge compare with Habrubari,WIND_SPEED,COMPARE,"[""our villge"", ""Habrubari""]",[]
put the soil temp of kadgawan agaiinst tahliiwala jattan punjab right now,SOIL_TEMPERATURE,COMPARE,"[""kadgawan"", ""tahliiwala jattan punjab""]","[""right now""]"
Sky codntion Kasoli or Barangabari,CLOUD_COVER,COMPARE,"[""Kasoli"", ""Barangabari""]",[]
Culd you let me know the daytime temperature in Tuljapur by 3:45 AM?,TEMPERATURE_MAX,GET,"[""Tuljapur""]","[""3:45 AM""]"
update me on the earth temperature near by by 1:48 pm,SOIL_TEMPERATURE,GET,"[""near by""]","[""1:48 pm""]"
Tell me when cloud amounnt chages Burkina Faso next week,CLOUD_COVER,ALERT,"[""Burkina Faso""]","[""next week""]"
is the actual temmperature in chhapia khas higheer next 6 hours or 11 pm?,TEMPERATURE,COMPARE,"[""chhapia khas""]","[""next 6 hours"", ""11 pm""]"
Warrn me about weather status in Merakamudidam Vizianagaram,CURRENT_CONDITIONS,ALERT,"[""Merakamudidam Vizianagaram""]",[]
contrast the sunny in our village with mungaha at 4:45 pm,SUNSHINE,COMPARE,"[""our village"", ""mungaha""]","[""4:45 pm""]"
"Raise an alarm if the upcomign forecast looks bad in Shala Teng Ghat, Srinagar, Jammu And Kashmir this week",FORECAST,ALERT,"[""Shala Teng Ghat, Srinagar, Jammu And Kashmir""]","[""this week""]"
I want to know the earth temperture in Jhanjuapal this evening,SOIL_TEMPERATURE,GET,"[""Jhanjuapal""]","[""this evening""]"
need due point kajla around 9 pm,DEW_POINT,GET,"[""kajla""]","[""9 pm""]"
Send alert soil moisture at 40 m in Baglan,SOIL_MOISTURE,ALERT,"[""Baglan""]",[]
"notiyf me about the minimum in manuddinpur, azamgarh early morning",TEMPERATURE_MIN,ALERT,"[""manuddinpur, azamgarh""]","[""early morning""]"
Show me the moistuure in the soil for Jujuy and Norrth Carolina tommorow,SOIL_MOISTURE,COMPARE,"[""Jujuy"", ""Norrth Carolina""]","[""tommorow""]"
Is the how hot it is in Bhkhnadih diferent this weekend and 2 am to 7 AM?!,TEMPERATURE,COMPARE,"[""Bhkhnadih""]","[""this weekend"", ""2 am to 7 AM""]"
Flag the solar exposure in my farm right now kindly,SUNSHINE,ALERT,"[""my farm""]","[""right now""]"
"Ambeneri verses Shiris Bani, Paschim Medinipur Sadar, Paschim Medinipur weather status tonight",CURRENT_CONDITIONS,COMPARE,"[""Ambeneri"", ""Shiris Bani, Paschim Medinipur Sadar, Paschim Medinipur""]","[""tonight""]"
Set an alart for weather forecast in Kheruwa,FORECAST,ALERT,"[""Kheruwa""]",[]
kindly share the ground heat for bisuampur later today,SOIL_TEMPERATURE,GET,"[""bisuampur""]","[""later today""]"
"Diffrece in minimum between Sadra, Gujarat and Unchgaon",TEMPERATURE_MIN,COMPARE,"[""Sadra, Gujarat"", ""Unchgaon""]",[]
Notify me about the coldest tomorrow night?!,TEMPERATURE_MIN,ALERT,[],"[""tomorrow night""]"
update me on the weather forecast nxt week,FORECAST,GET,[],"[""nxt week""]"
How does sunshine around here compare with Chandigarh India day after tomorrow?,SUNSHINE,COMPARE,"[""here"", ""Chandigarh India""]","[""day after tomorrow""]"
"raise an alarm if the wnd direction looks bad in ama tola, ambagarh chowki, raj nandgaon on sunday",WIND_DIRECTION,ALERT,"[""ama tola, ambagarh chowki, raj nandgaon""]","[""sunday""]"
notify me aiout the heat around my area day after tomorow,TEMPERATURE,ALERT,"[""my area""]","[""day after tomorow""]"
"Alrt me if wind direction changs in Neelgarh Mal, Harda by 7:20 am",WIND_DIRECTION,ALERT,"[""Neelgarh Mal, Harda""]","[""7:20 am""]"
How much ciimtae right now?,CURRENT_CONDITIONS,GET,[],[]
"update me on the otuside conditions in thirumalaapalem, telangana right now plz",CURRENT_CONDITIONS,GET,"[""thirumalaapalem, telangana""]","[""right now""]"
Whats the soil moisture at 40 m looking like in Suratraidi Allias Lakragora by 4:45 AM?,SOIL_MOISTURE,GET,"[""Suratraidi Allias Lakragora""]","[""4:45 AM""]"
let me know if there is a vaatavaranam alert in pathangram around 4:15 pm,CURRENT_CONDITIONS,ALERT,"[""pathangram""]","[""4:15 pm""]"
Contrast the weather conditiions in our village with Hengerajhar this afternoon,CURRENT_CONDITIONS,COMPARE,"[""our village"", ""Hengerajhar""]","[""this afternoon""]"
What is the which way the wind blows day after tomorow in Kollr?,WIND_DIRECTION,GET,"[""Kollr""]","[""day after tomorow""]"
"Bewteen Manegaon and Kolhapur, where is the high temp stroger?",TEMPERATURE_MAX,COMPARE,"[""Manegaon"", ""Kolhapur""]",[]
Warn me about the cloud dnesity around my area for the next 7 days,CLOUD_COVER,ALERT,"[""my area""]","[""next 7 days""]"
"put the conditions right now of barwala, gujarat against odakapa around 8:45 am?",CURRENT_CONDITIONS,COMPARE,"[""barwala, gujarat"", ""odakapa""]","[""8:45 am""]"
Kakaimohan tonight wind speede,WIND_SPEED,GET,"[""Kakaimohan""]","[""tonight""]"
Whaats up with the soil moistur in Kumrapur around 7:30 AM?,SOIL_MOISTURE,GET,"[""Kumrapur""]","[""7:30 AM""]"
Min teprature this evening pls,TEMPERATURE_MIN,GET,[],"[""this evening""]"
will it rain in sarol nxt week?,RAIN,GET,"[""sarol""]","[""nxt week""]"
Warn me about the wind force in Sankar Saraiya day after tomorrow,WIND_SPEED,ALERT,"[""Sankar Saraiya""]","[""day after tomorrow""]"
"In Dadari, Jaunpur, what is the long rege forecast now?",FORECAST,GET,"[""Dadari, Jaunpur""]","[""now""]"
Should i coveer the harvest in Gundarm early morning??,RAIN,GET,"[""Gundarm""]","[""early morning""]"
Ping me about the humidity level in my field rn,HUMIDITY,ALERT,"[""my field""]","[""rn""]"
"What will the dew poant temperature be in Joharapur, Ahamadnagar tomorrow morning?!",DEW_POINT,GET,"[""Joharapur, Ahamadnagar""]","[""tomorrow morning""]"
is any os bindu advisory issued plz,DEW_POINT,ALERT,[],[]
Notify if it starts raining in Ananthapur day after tomorow,RAIN,ALERT,"[""Ananthapur""]","[""day after tomorow""]"
Alert me if the wind crossees 40 kmph in Mandaria on Friday,WIND_SPEED,ALERT,"[""Mandaria""]","[""Friday""]"
set an alert for sunlight hours in the next 3 hours,SUNSHINE,ALERT,[],"[""next 3 hours""]"
show me the barish for nao para hugli and madarpur durign the sowing week quickly,RAIN,COMPARE,"[""nao para hugli"", ""madarpur""]","[""sowing week""]"
"asap how is the soil wetnss in adusumalle, paruchuru around 3:30 pm?",SOIL_MOISTURE,GET,"[""adusumalle, paruchuru""]","[""3:30 pm""]"
"Where is the soil wetness greater, Raigaj, West Bengal or Jamui tommorow?",SOIL_MOISTURE,COMPARE,"[""Raigaj, West Bengal"", ""Jamui""]","[""tommorow""]"
Put the humdity our village against Irreland by 9 PM,HUMIDITY,COMPARE,"[""our village"", ""Irreland""]","[""9 PM""]"
Ping me about the coldeest rn,TEMPERATURE_MIN,ALERT,[],"[""rn""]"
Kholpur and Ahesha max temperature this weekend,TEMPERATURE_MAX,COMPARE,"[""Kholpur"", ""Ahesha""]","[""this weekend""]"
asap Any warnings abbout clouds in Uttarakhand rn,CLOUD_COVER,ALERT,"[""Uttarakhand""]","[""rn""]"
Notify me if it sarts raining in Togo this evening,RAIN,ALERT,"[""Togo""]","[""this evening""]"
"ping me abut the how cold in kandari kh., jana",TEMPERATURE,ALERT,"[""kandari kh., jana""]",[]
sitapur by 4 pm sky condition kindly,CLOUD_COVER,GET,"[""sitapur""]","[""4 pm""]"
is the dew tempertaure in tupenga highr 3:34 am or day after tomorrow urgent,DEW_POINT,COMPARE,"[""tupenga""]","[""3:34 am"", ""day after tomorrow""]"
"mithwal buurg siddharthnagar uttarpradesh versus ichhapur, odisha sunshien tommorow",SUNSHINE,COMPARE,"[""mithwal buurg siddharthnagar uttarpradesh"", ""ichhapur, odisha""]","[""tommorow""]"
Set an alerrt for how cold for the next 3 days,TEMPERATURE,ALERT,[],"[""next 3 days""]"
"Which is betetr for rain, Rupaspur or Lad Bharol, Himachal Pradesh?",RAIN,COMPARE,"[""Rupaspur"", ""Lad Bharol, Himachal Pradesh""]",[]
put a reminder ground temp in fattepur shahabad hardoi for the next 3 days,SOIL_TEMPERATURE,ALERT,"[""fattepur shahabad hardoi""]","[""next 3 days""]"
"Put the weather updaate in my field against Bagbahra, Chhatisgarh early morning",CURRENT_CONDITIONS,COMPARE,"[""my field"", ""Bagbahra, Chhatisgarh""]","[""early morning""]"
Vaatavaranam in my village the next 3 days pls,CURRENT_CONDITIONS,GET,"[""my village""]","[""next 3 days""]"
How does the max temperatuee in our village compare with Shendri Bk. this evening?,TEMPERATURE_MAX,COMPARE,"[""our village"", ""Shendri Bk.""]","[""this evening""]"
Set an alart for wnd direction in Kiritbandha at 1:30 am,WIND_DIRECTION,ALERT,"[""Kiritbandha""]","[""1:30 am""]"
Hawa ki raaftar in Jhunjhunun: 12 pm or tomorrow,WIND_SPEED,COMPARE,"[""Jhunjhunun""]","[""12 pm"", ""tomorrow""]"
Want alert for dewwpoit in Chewarpurab on Friday,DEW_POINT,ALERT,"[""Chewarpurab""]","[""Friday""]"
Raise an alarm if the gust speed looks bad in Nibheri Guna at 4:45 PM,WIND_SPEED,ALERT,"[""Nibheri Guna""]","[""4:45 PM""]"
can you tell me the prediction in tala khedi 2nite?,FORECAST,GET,"[""tala khedi""]","[""2nite""]"
"Hawa ki raftar alert Bhunagar Urf Sirsa, Baheri day after tomorrow",WIND_SPEED,ALERT,"[""Bhunagar Urf Sirsa, Baheri""]","[""day after tomorrow""]"
Put the highest temperature tody near by against Karsangadh,TEMPERATURE_MAX,COMPARE,"[""near by"", ""Karsangadh""]",[]
Assam India around 4:15 PM humididty?,HUMIDITY,GET,"[""Assam India""]","[""4:15 PM""]"
"Wat is the wetaher prediction in Bedchit, Vyaea on Monday?!",FORECAST,GET,"[""Bedchit, Vyaea""]","[""Monday""]"
Check the temeprature now for both Guinea-Bissau and Marhari nxt week,TEMPERATURE,COMPARE,"[""Guinea-Bissau"", ""Marhari""]","[""nxt week""]"
"gusts gap between bandarchuan and mahrari, gorakhpur nxt week",WIND_SPEED,COMPARE,"[""bandarchuan"", ""mahrari, gorakhpur""]","[""nxt week""]"
Put a reminder for soil temprature in Bhamni Kalan,SOIL_TEMPERATURE,ALERT,"[""Bhamni Kalan""]",[]
highest temperature khalina vs jammu and kashmir,TEMPERATURE_MAX,COMPARE,"[""khalina"", ""jammu and kashmir""]",[]
"dhoap gap between madurai south and bhokraha, darbhanga, bihar next week",SUNSHINE,COMPARE,"[""madurai south"", ""bhokraha, darbhanga, bihar""]","[""next week""]"
update me on the maximum temperature on tuesday..,TEMPERATURE_MAX,GET,[],"[""tuesday""]"
"plz Regarding Rabandh, Paschim Medinipur, West Bengal, what is the dewpoint temperatture for the next 3 days?",DEW_POINT,GET,"[""Rabandh, Paschim Medinipur, West Bengal""]","[""next 3 days""]"
how does the badal in parasigria 9:34 pm cmpare to 12 am?,CLOUD_COVER,COMPARE,"[""parasigria""]","[""9:34 pm"", ""12 am""]"
Compare Medaveedu and Babhanual sunhsien,SUNSHINE,COMPARE,"[""Medaveedu"", ""Babhanual""]",[]
"How does the hevy rain at my place compare with Bandhdih, Dumka around 11 AM?",RAIN,COMPARE,"[""my place"", ""Bandhdih, Dumka""]","[""11 AM""]"
send alert drizzzle in poshina next month,RAIN,ALERT,"[""poshina""]","[""next month""]"
Dew detaisl for Chinchali Belagavi Karnataka at 9:30 pm,DEW_POINT,GET,"[""Chinchali Belagavi Karnataka""]","[""9:30 pm""]"
"let me know if there is a rian alert in nekkundhi, dharampuri on monday?!",RAIN,ALERT,"[""nekkundhi, dharampuri""]","[""monday""]"
alrt me if future weither changes in kheruwa,FORECAST,ALERT,"[""kheruwa""]",[]
Give min temp Dumalpakhal last week,TEMPERATURE_MIN,GET,"[""Dumalpakhal""]","[""last week""]"
want to know how hot it is thanpura,TEMPERATURE,GET,"[""thanpura""]",[]
Give me the dew point for Paschim Ramchandrapur around 11 AM,DEW_POINT,GET,"[""Paschim Ramchandrapur""]","[""11 AM""]"
do you have the cloud density data for damodarpur now?,CLOUD_COVER,GET,"[""damodarpur""]","[""now""]"
Put the air speed in my vilage againit Kulerbahali this weekend bro,WIND_SPEED,COMPARE,"[""my vilage"", ""Kulerbahali""]","[""this weekend""]"
Coontrast gust in Beradangi Chanchal Maldah beween right now and tommorow,WIND_SPEED,COMPARE,"[""Beradangi Chanchal Maldah""]","[""right now"", ""tommorow""]"
reminder for dew point temperature shamjoot next month,DEW_POINT,ALERT,"[""shamjoot""]","[""next month""]"
What's the overcast level Sorahiya this week?,CLOUD_COVER,GET,"[""Sorahiya""]","[""this week""]"
hours of sun jhanjdapal vs charbhata,SUNSHINE,COMPARE,"[""jhanjdapal"", ""charbhata""]",[]
How does the wnd direction in Barauta coompaer with Neemba on Friday?,WIND_DIRECTION,COMPARE,"[""Barauta"", ""Neemba""]","[""Friday""]"
"How does the daytime temperature in Semilibencha, Motu compare with Ganderi tomorrow morning?",TEMPERATURE_MAX,COMPARE,"[""Semilibencha, Motu"", ""Ganderi""]","[""tomorrow morning""]"
Notify me about the dhoop for the next 7 days,SUNSHINE,ALERT,[],"[""next 7 days""]"
Contrast the sunnny houurs at my location with B Koduru Andhra Pradesh this afternoon,SUNSHINE,COMPARE,"[""my location"", ""B Koduru Andhra Pradesh""]","[""this afternoon""]"
gust speed details for kendua,WIND_SPEED,GET,"[""kendua""]",[]
Ping me about the gust speed in our village day after tomorrow,WIND_SPEED,ALERT,"[""our village""]","[""day after tomorrow""]"
how is the wind gusts near by?,WIND_SPEED,GET,"[""near by""]",[]
What's the forecast for Singapore tomorrow?,FORECAST,GET,"[""Singapore""]","[""tomorrow""]"
heat lveel malhawani from 4:15 am to 3:30 pm pls,TEMPERATURE,GET,"[""malhawani""]","[""4:15 am to 3:30 pm""]"
wich has more weather ahead vooyalanallur or parbahal this weekend,FORECAST,COMPARE,"[""vooyalanallur"", ""parbahal""]","[""this weekend""]"
"Should i worry about the gruond moisture in Bamari, Teonthar this weekend?",SOIL_MOISTURE,ALERT,"[""Bamari, Teonthar""]","[""this weekend""]"
"Put the highest temperature today nearby againnst Mississippi, United States",TEMPERATURE_MAX,COMPARE,"[""nearby"", ""Mississippi, United States""]",[]
Put the outside condetions of Babhanaul against Sijaipur Nadia by 8:30 AM,CURRENT_CONDITIONS,COMPARE,"[""Babhanaul"", ""Sijaipur Nadia""]","[""8:30 AM""]"
Plz alert min temp Kandari Kh. next weekend,TEMPERATURE_MIN,ALERT,"[""Kandari Kh.""]","[""next weekend""]"
Is the air moisture higher in Parbhani or in Ecuador tomorrow night?,HUMIDITY,COMPARE,"[""Parbhani"", ""Ecuador""]","[""tomorrow night""]"
compaer the forecast between trinidad and tobgo and shamjot by 12 pm,FORECAST,COMPARE,"[""trinidad and tobgo"", ""shamjot""]","[""12 pm""]"
Give me the dew level for Chak Murarpora by midnight,DEW_POINT,GET,"[""Chak Murarpora""]","[""midnight""]"
What is the future weathher tomorrow evening asap,FORECAST,GET,[],"[""tomorrow evening""]"
Tiruvengadam verses Ganganagar temperatire,TEMPERATURE,COMPARE,"[""Tiruvengadam"", ""Ganganagar""]",[]
Wich has more maximum temperature Missouri or Chandigarh Inddia,TEMPERATURE_MAX,COMPARE,"[""Missouri"", ""Chandigarh Inddia""]",[]
"In Tola Khuranda, what is the dhop at 3 am?",SUNSHINE,GET,"[""Tola Khuranda""]","[""3 am""]"
Tell me the driection wind in my village from 10 AM to 11 pm,WIND_DIRECTION,GET,"[""my village""]","[""10 AM to 11 pm""]"
Notify me about the daily forecat day after tomorow,FORECAST,ALERT,[],"[""day after tomorow""]"
"Tel me the soil water content for Beni Nagar, Siddharthnagar arouid 10 pm",SOIL_MOISTURE,GET,"[""Beni Nagar, Siddharthnagar""]","[""10 pm""]"
"Put a reminder for earth temperature in Bandarchuan, Chatra, Jharkhand during the sowing week",SOIL_TEMPERATURE,ALERT,"[""Bandarchuan, Chatra, Jharkhand""]","[""sowing week""]"
set an alert for soil moisttuer at 10 m in my vilge in the next 6 hours,SOIL_MOISTURE,ALERT,"[""my vilge""]","[""next 6 hours""]"
Contraat the windy in Kalyan with Panbari F.v.,WIND_SPEED,COMPARE,"[""Kalyan"", ""Panbari F.v.""]",[]
"cheeck dew tippamia dighalia, dibrugarh, assam next month",DEW_POINT,GET,"[""tippamia dighalia, dibrugarh, assam""]","[""next month""]"
Is any soil temprature advisory issued for Morocco today?,SOIL_TEMPERATURE,ALERT,"[""Morocco""]","[""today""]"
Direction wind this area,WIND_DIRECTION,GET,"[""this area""]",[]
Any warnings about air sped Colorado tomorow?,WIND_SPEED,ALERT,"[""Colorado""]","[""tomorow""]"
do you have the rain forecast data for badahinso?,RAIN,GET,"[""badahinso""]",[]
Warn me aboout strong winds Sura Sultanpura Panch Mahals,WIND_SPEED,ALERT,"[""Sura Sultanpura Panch Mahals""]",[]
any idea about the weather outlook tomorrow?,FORECAST,GET,[],"[""tomorrow""]"
Show me the daytime high in Bagbahra in the next 4 hours,TEMPERATURE_MAX,GET,"[""Bagbahra""]","[""next 4 hours""]"
"What is the nami in Rattowal, Ludhiana, Punjab this afternoon",HUMIDITY,GET,"[""Rattowal, Ludhiana, Punjab""]","[""this afternoon""]"
Put the wind force near by against Bejangiwada this afternoon,WIND_SPEED,COMPARE,"[""near by"", ""Bejangiwada""]","[""this afternoon""]"
How does the eath temperature near by compare with Sijaipur tomorrow morning,SOIL_TEMPERATURE,COMPARE,"[""near by"", ""Sijaipur""]","[""tomorrow morning""]"
Warn me when the fieeld goes dry in Pusapatirega by 1 am,SOIL_MOISTURE,ALERT,"[""Pusapatirega""]","[""1 am""]"
"Raise an alarm if the temp looks bad Shenri Bk., Yavatmal, Maharashtra rn",TEMPERATURE,ALERT,"[""Shenri Bk., Yavatmal, Maharashtra""]","[""rn""]"
Is there any low temp warning for Shuni on Friday?,TEMPERATURE_MIN,ALERT,"[""Shuni""]","[""Friday""]"
"how the feels like tempertaure near me compare with ginigera, karnataka in the next 6 hours?",TEMPERATURE,COMPARE,"[""near me"", ""ginigera, karnataka""]","[""next 6 hours""]"
Sakariya Jhalawar vs Lakshadweep wind bearing from 1:30 AM to 4 pm,WIND_DIRECTION,COMPARE,"[""Sakariya Jhalawar"", ""Lakshadweep""]","[""1:30 AM to 4 pm""]"
flag the rain arund 10:45 pm,RAIN,ALERT,[],"[""10:45 pm""]"
Hallaornaara ka mximum this afternoon,TEMPERATURE_MAX,GET,"[""Hallaornaara""]","[""this afternoon""]"
Tell me when wind speed chanes Sultanpura Madhogarh Jalaun on Sunday,WIND_SPEED,ALERT,"[""Sultanpura Madhogarh Jalaun""]","[""Sunday""]"
Wind speed forecast Bhijapara on Wednesday pls,WIND_SPEED,GET,"[""Bhijapara""]","[""Wednesday""]"
"how does the wind comes from in moh gaon, unnao, uttarpradesh compae with maurabandhi east singhbhum tmrw..",WIND_DIRECTION,COMPARE,"[""moh gaon, unnao, uttarpradesh"", ""maurabandhi east singhbhum""]","[""tmrw""]"
ping me about the climate rght now in marshall islands tonight,CURRENT_CONDITIONS,ALERT,"[""marshall islands""]","[""tonight""]"
budhakhamana low temp,TEMPERATURE_MIN,GET,"[""budhakhamana""]",[]
What's the sunlight hours in my viuage on Saturday,SUNSHINE,GET,"[""my viuage""]","[""Saturday""]"
Warn me about the wind rate around 3:34 am..,WIND_SPEED,ALERT,[],"[""3:34 am""]"
"Check clooud cover Manuddnipur, Azamgarh now",CLOUD_COVER,GET,"[""Manuddnipur, Azamgarh""]","[""now""]"
Whts precpitation in Sura Sultanoura by 12:05 PM,RAIN,GET,"[""Sura Sultanoura""]","[""12:05 PM""]"
how does the cloud prcent in my village compare with simra bhata nivari madhya pradesh at 1:45 am?,CLOUD_COVER,COMPARE,"[""my village"", ""simra bhata nivari madhya pradesh""]","[""1:45 am""]"
"Difference in sunlite between Barauta, Nawada and Morana R.f. from 8:30 am to 12:30 PM",SUNSHINE,COMPARE,"[""Barauta, Nawada"", ""Morana R.f.""]","[""8:30 am to 12:30 PM""]"
humidity lveel around 7 pm pls,HUMIDITY,GET,[],"[""7 pm""]"
"Tell diffrence dewpoot Buwana Pennagaram, Dharmapuri, Tamil Nadu?!",DEW_POINT,COMPARE,"[""Buwana"", ""Pennagaram, Dharmapuri, Tamil Nadu""]",[]
Contrast the future weather in this area with Vyas Kheeri rn,FORECAST,COMPARE,"[""this area"", ""Vyas Kheeri""]","[""rn""]"
Set alerrt for air moisture,HUMIDITY,ALERT,[],[]
Wnd direction details Nandro,WIND_DIRECTION,GET,"[""Nandro""]",[]
Warrn about lowest temperatue in Bilak 2day,TEMPERATURE_MIN,ALERT,"[""Bilak""]","[""2day""]"
contrast the peak temperature in dumurdiha with khapa nagpur this evening,TEMPERATURE_MAX,COMPARE,"[""dumurdiha"", ""khapa nagpur""]","[""this evening""]"
Put the upcoming weather in this area against Kailashpura right now,FORECAST,COMPARE,"[""this area"", ""Kailashpura""]","[""right now""]"
I need the high temp radign on Monday,TEMPERATURE_MAX,GET,[],"[""Monday""]"
Ping me the actual temperatrue from 4:15 am to 3:30 pm,TEMPERATURE,ALERT,[],"[""4:15 am to 3:30 pm""]"
how does the hottest temperuture in my feild compare with bikanre last week?!,TEMPERATURE_MAX,COMPARE,"[""my feild"", ""bikanre""]","[""last week""]"
could you check the dew temperature around my area by 4:30 am?,DEW_POINT,GET,"[""my area""]","[""4:30 am""]"
notify me about the soil moisure,SOIL_MOISTURE,ALERT,[],[]
notify me if it starst raining in belgachhia this morning,RAIN,ALERT,"[""belgachhia""]","[""this morning""]"
"Rn, alert me about the humdiity percent in Gujarat",HUMIDITY,ALERT,"[""Gujarat""]","[""Rn""]"
Should i worry about mausam in Panasi Rewa Madhya Pradesh,CURRENT_CONDITIONS,ALERT,"[""Panasi Rewa Madhya Pradesh""]",[]
any idea about the how humid in laosodlya pata?,HUMIDITY,GET,"[""laosodlya pata""]",[]
Put the cloud amount near by against Gulalwali Najibabad tmrw,CLOUD_COVER,COMPARE,"[""near by"", ""Gulalwali Najibabad""]","[""tmrw""]"
I need the direection wind reading for Mundla Chawal,WIND_DIRECTION,GET,"[""Mundla Chawal""]",[]
set an aletr for minimum in sawai madhopur rajasthan next month?,TEMPERATURE_MIN,ALERT,"[""sawai madhopur rajasthan""]","[""next month""]"
Set alert for hottest temperature in this area,TEMPERATURE_MAX,ALERT,"[""this area""]",[]
"copmare mousture in the air joharapur, ahamadnagar jamaica next month",HUMIDITY,COMPARE,"[""joharapur, ahamadnagar"", ""jamaica""]","[""next month""]"
alrt me if mximum temprature changes in rithana tmrw,TEMPERATURE_MAX,ALERT,"[""rithana""]","[""tmrw""]"
"Shoould i worry about the os bindu in Kattanugdi, Virudhunagar?",DEW_POINT,ALERT,"[""Kattanugdi, Virudhunagar""]",[]
warn me about the minimum temperature in panbari f.v. by 2 am,TEMPERATURE_MIN,ALERT,"[""panbari f.v.""]","[""2 am""]"
"update me on the cloud covr in bakarkol, azamgarh, uttarpoadesh this week",CLOUD_COVER,GET,"[""bakarkol, azamgarh, uttarpoadesh""]","[""this week""]"
Update me on the hawa ki raftar in my vilage day after tomorrow,WIND_SPEED,GET,"[""my vilage""]","[""day after tomorrow""]"
could you let me know the weather ahead in anathapur andhra pradesh from 9:43 am to 1 pm?,FORECAST,GET,"[""anathapur andhra pradesh""]","[""9:43 am to 1 pm""]"
What teemperature aleert Bhikhnadih Hazaribagh Jharkhand last week,TEMPERATURE,ALERT,"[""Bhikhnadih Hazaribagh Jharkhand""]","[""last week""]"
Keep me posted on the badal Bejjangiwada tomorrow morning,CLOUD_COVER,ALERT,"[""Bejjangiwada""]","[""tomorrow morning""]"
compare the current temp at my place with malhipur by 7:20 am,TEMPERATURE,COMPARE,"[""my place"", ""malhipur""]","[""7:20 am""]"
Set an alert for coldest Sadullahpur around 3:34 am,TEMPERATURE_MIN,ALERT,"[""Sadullahpur""]","[""3:34 am""]"
Soil moisture Niarnjan Chak next weekend pls,SOIL_MOISTURE,GET,"[""Niarnjan Chak""]","[""next weekend""]"
"put the soil heat level here against baghuapalli, bapur at 11:30 am",SOIL_TEMPERATURE,COMPARE,"[""here"", ""baghuapalli, bapur""]","[""11:30 am""]"
Is there any temperrature of soil warning this weekend?,SOIL_TEMPERATURE,ALERT,[],"[""this weekend""]"
whats the moisture in field looking like?,SOIL_MOISTURE,GET,[],[]
"Comare wind speed foreast Dhepua, Paschim Medinipur Sadar Delhi right now",WIND_SPEED,COMPARE,"[""Dhepua, Paschim Medinipur Sadar"", ""Delhi""]","[""right now""]"
What is the night low in Kanwariyat on Saturday?,TEMPERATURE_MIN,GET,"[""Kanwariyat""]","[""Saturday""]"
set alret for temperature around 1:30 pm,TEMPERATURE,ALERT,[],"[""1:30 pm""]"
ping me about the soil heat in sikkim india on friday,SOIL_TEMPERATURE,ALERT,"[""sikkim india""]","[""friday""]"
Is the thunderstorm Baba Hardo differnet rn and last week?,RAIN,COMPARE,"[""Baba Hardo""]","[""rn"", ""last week""]"
How does the coldest in Rihana compare with Sarol?,TEMPERATURE_MIN,COMPARE,"[""Rihana"", ""Sarol""]",[]
"Send me an allert if the gust is unusual in Pisad, Bharuch last week sir",WIND_SPEED,ALERT,"[""Pisad, Bharuch""]","[""last week""]"
sir Compair the conditions rght now between Khani Upperli and Fatehgarh Sahib at 11:30 AM,CURRENT_CONDITIONS,COMPARE,"[""Khani Upperli"", ""Fatehgarh Sahib""]","[""11:30 AM""]"
"Day after tomorow, cmopare the wnd speed in Gaura and Kathgariya, Baheri, Bareilly, Uttarpradesh",WIND_SPEED,COMPARE,"[""Gaura"", ""Kathgariya, Baheri, Bareilly, Uttarpradesh""]","[""Day after tomorow""]"
Is the max tempreture in Pipalkani Balangir hiuher 1:30 am or 10 PM?,TEMPERATURE_MAX,COMPARE,"[""Pipalkani Balangir""]","[""1:30 am"", ""10 PM""]"
Coomare the dew here with Kieruwa last week..,DEW_POINT,COMPARE,"[""here"", ""Kieruwa""]","[""last week""]"
What is the weather conditions in Berlin?,CURRENT_CONDITIONS,GET,"[""Berlin""]",[]
"What's the moisture in field in Kathgariya, Baheri, Bareilly, Uttarpradesh for the next 3 days?",SOIL_MOISTURE,GET,"[""Kathgariya, Baheri, Bareilly, Uttarpradesh""]","[""next 3 days""]"
Remind me to check the dew point temerature in Bhijaapara next month,DEW_POINT,ALERT,"[""Bhijaapara""]","[""next month""]"
How much minimum Ramban by 4:30 AM?,TEMPERATURE_MIN,GET,"[""Ramban""]","[""4:30 AM""]"
"Tel me the lowest temp for Kholda, Gadchiroli pls",TEMPERATURE_MIN,GET,"[""Kholda, Gadchiroli""]",[]
Dew temperature in Ththar: 7:30 AM or 9:43 am to 1 PM?,DEW_POINT,COMPARE,"[""Ththar""]","[""7:30 AM"", ""9:43 am to 1 PM""]"
Warrn me about showers in Tola Khuranda in 82 minutes bro,RAIN,ALERT,"[""Tola Khuranda""]","[""82 minutes""]"
Comapre cloudness in Raibeareli vs Mariahu rn,CLOUD_COVER,COMPARE,"[""Raibeareli"", ""Mariahu""]","[""rn""]"
set an alert for max tempeture tommorow,TEMPERATURE_MAX,ALERT,[],"[""tommorow""]"
Could you let me know the soil moisture at 10 m in Jhalon Ki Madar this evening??,SOIL_MOISTURE,GET,"[""Jhalon Ki Madar""]","[""this evening""]"
i need the sky cover reading for tilikara gajapati from 2 am to 7 am,CLOUD_COVER,GET,"[""tilikara gajapati""]","[""2 am to 7 am""]"
"mashaldaha, maldah ka wind intensity right now",WIND_SPEED,GET,"[""mashaldaha, maldah""]","[""right now""]"
set an alert for field moisture around my area from 5:16 am to 9 pm,SOIL_MOISTURE,ALERT,"[""my area""]","[""5:16 am to 9 pm""]"
Os bindu last week pls,DEW_POINT,GET,[],"[""last week""]"
check the solra exposure both yellanur and abdalpur pipra tomorrow night,SUNSHINE,COMPARE,"[""yellanur"", ""abdalpur pipra""]","[""tomorrow night""]"
Warn me about the os bindu,DEW_POINT,ALERT,[],[]
what is the max temperature in patthrkunwa in the next 6 hours?,TEMPERATURE_MAX,GET,"[""patthrkunwa""]","[""next 6 hours""]"
What's the lowest temperature expected tomorrow in Denver?,TEMPERATURE_MIN,GET,"[""Denver""]","[""tomorrow""]"
flag the humdi around here next weekend,HUMIDITY,ALERT,"[""here""]","[""next weekend""]"
"Ground miosture details for Motlapalle, Jayashankar Bhipalapally from 5:16 AM to 9 pm?",SOIL_MOISTURE,GET,"[""Motlapalle, Jayashankar Bhipalapally""]","[""5:16 AM to 9 pm""]"
any idea about the colud percentage in ghagrapar circle assam?,CLOUD_COVER,GET,"[""ghagrapar circle assam""]",[]
send me an alert if the huudity is unusual in farhalouki early morning,HUMIDITY,ALERT,"[""farhalouki""]","[""early morning""]"
Is there any dowwnpour warning day after tomorow,RAIN,ALERT,[],"[""day after tomorow""]"
Where wind is coming from Iurmbedu on Saturday pls,WIND_DIRECTION,GET,"[""Iurmbedu""]","[""Saturday""]"
"Is the highest temperature higher in Bhojpur or in Bari, Ramgarh Shekhawati, Sikar, Rajasthan?",TEMPERATURE_MAX,COMPARE,"[""Bhojpur"", ""Bari, Ramgarh Shekhawati, Sikar, Rajasthan""]",[]
Tell the moisture level on Sunday,HUMIDITY,GET,[],"[""Sunday""]"
How hot is it in Chennai today?,TEMPERATURE,GET,"[""Chennai""]","[""today""]"
Wind flow direction Naglaand the next 3 days pls,WIND_DIRECTION,GET,"[""Naglaand""]","[""next 3 days""]"
Set an alart for soil temperature at 40cm in Yaval Maharashtra today,SOIL_TEMPERATURE,ALERT,"[""Yaval Maharashtra""]","[""today""]"
set an alet for highest temperature today here yesterday,TEMPERATURE_MAX,ALERT,"[""here""]","[""yesterday""]"
"check the maximum in sheorajpur, jaspur this weekend",TEMPERATURE_MAX,GET,"[""sheorajpur, jaspur""]","[""this weekend""]"
Contrast the soil moisure near by with Hosahalli,SOIL_MOISTURE,COMPARE,"[""near by"", ""Hosahalli""]",[]
Put the daaily forecast in my feeild against Got Gerya Kharagpur later today,FORECAST,COMPARE,"[""my feeild"", ""Got Gerya Kharagpur""]","[""later today""]"
compare how windy in ichhapur vs kotpad koraput odisha this morning,WIND_SPEED,COMPARE,"[""ichhapur"", ""kotpad koraput odisha""]","[""this morning""]"
"Difference in coldet between Bandliguda and Bari, Ramgarh Shekhawati, Sikar, Rajasthan 2nite",TEMPERATURE_MIN,COMPARE,"[""Bandliguda"", ""Bari, Ramgarh Shekhawati, Sikar, Rajasthan""]","[""2nite""]"
Compare the maximum temperature here with Guhalipada on Tuesday,TEMPERATURE_MAX,COMPARE,"[""here"", ""Guhalipada""]","[""Tuesday""]"
Compare the weater for next days between Kollur and Powa at 9:30 pm,FORECAST,COMPARE,"[""Kollur"", ""Powa""]","[""9:30 pm""]"
"Wat is coldest temperatue in Parbhani, Maharashtra around 9:34 pm",TEMPERATURE_MIN,GET,"[""Parbhani, Maharashtra""]","[""9:34 pm""]"
Wat is the wind blows from in Puranpur day after tomorrow?,WIND_DIRECTION,GET,"[""Puranpur""]","[""day after tomorrow""]"
Ping me about the highest temperature today in Shi Rajpur,TEMPERATURE_MAX,ALERT,"[""Shi Rajpur""]",[]
Kindly share the liht rain for Dhaunarmal arund 1 AM,RAIN,GET,"[""Dhaunarmal""]","[""1 AM""]"
Notify me aout the soil tempreture in Nowgong Madhya Pradesh tommorow,SOIL_TEMPERATURE,ALERT,"[""Nowgong Madhya Pradesh""]","[""tommorow""]"
Notify me about the cloudness this weekend,CLOUD_COVER,ALERT,[],"[""this weekend""]"
Send me an alert if the where wind is cuming from is unusual in Ramarajupalem Kriahna Andhra Pradesh on Monday,WIND_DIRECTION,ALERT,"[""Ramarajupalem Kriahna Andhra Pradesh""]","[""Monday""]"
how is the lowets temp around my area?,TEMPERATURE_MIN,GET,"[""my area""]",[]
any warnings about wind bearing in teki patti on monday?,WIND_DIRECTION,ALERT,"[""teki patti""]","[""monday""]"
"Ping me about the dewpoint temperature in Jhunjhunun, Rajasthan at 10:14 PM",DEW_POINT,ALERT,"[""Jhunjhunun, Rajasthan""]","[""10:14 PM""]"
Show me the dew for Mighaul and Khamawada Khanpur Jhalawar Rajasthan right now,DEW_POINT,COMPARE,"[""Mighaul"", ""Khamawada Khanpur Jhalawar Rajasthan""]","[""right now""]"
Is it too wiidy to sprray in Chandsora tomorrow evening kindly,WIND_SPEED,GET,"[""Chandsora""]","[""tomorrow evening""]"
How does the highest temperature in my plot compare with Sijaipur Nadia on Tuesday?,TEMPERATURE_MAX,COMPARE,"[""my plot"", ""Sijaipur Nadia""]","[""Tuesday""]"
What is the current dew point temperature in Rio de Janeiro?,DEW_POINT,GET,"[""Rio de Janeiro""]",[]
want alert for daiyl foecast in mordana r.f. this week,FORECAST,ALERT,"[""mordana r.f.""]","[""this week""]"
sunshien detils for singhali,SUNSHINE,GET,"[""singhali""]",[]
How is the maxiumm tomorrow morning?,TEMPERATURE_MAX,GET,[],"[""tomorrow morning""]"
flag the temperature in my plot,TEMPERATURE,ALERT,"[""my plot""]",[]
"put the weather reoprt at my place against gara, bankura today",FORECAST,COMPARE,"[""my place"", ""gara, bankura""]","[""today""]"
"Difference in dew poit between Turnal, Dewas and Vadi",DEW_POINT,COMPARE,"[""Turnal, Dewas"", ""Vadi""]",[]
ping me about dew in my village tommorow,DEW_POINT,ALERT,"[""my village""]","[""tommorow""]"
compare the pedictions between purnia and deoghar tomorow,FORECAST,COMPARE,"[""purnia"", ""deoghar""]","[""tomorow""]"
"How is the dergees in Darola, Bilaspur",TEMPERATURE,GET,"[""Darola, Bilaspur""]",[]
Ping me abut the soil moisture 10cm next month,SOIL_MOISTURE,ALERT,[],"[""next month""]"
Warn me about strong winds in Sultanpura tomorrow,WIND_SPEED,ALERT,"[""Sultanpura""]","[""tomorrow""]"
"Put the gust near me agaiinst Sabesar, Uttarpradesh today",WIND_SPEED,COMPARE,"[""near me"", ""Sabesar, Uttarpradesh""]","[""today""]"
"How does the dew poitn temperature in our village compare with Chirakuta Pt.ii, Dhubri tomorow?",DEW_POINT,COMPARE,"[""our village"", ""Chirakuta Pt.ii, Dhubri""]","[""tomorow""]"
is there any cloud coverage warning durng the sowing week,CLOUD_COVER,ALERT,[],"[""sowing week""]"
"Regarding San Pedro, what is the humid by midnight?",HUMIDITY,GET,"[""San Pedro""]","[""midnight""]"
Flag the soil temperature 10cm in my vilage on Saturday,SOIL_TEMPERATURE,ALERT,"[""my vilage""]","[""Saturday""]"
Will we have clear sunny skies in Vizag on Friday?,SUNSHINE,GET,"[""Vizag""]","[""Friday""]"
"For Jamui and Dhemdhema Pt.i Bilasipara Circle both, what is the humidity percent at 10:06 am?",HUMIDITY,COMPARE,"[""Jamui"", ""Dhemdhema Pt.i Bilasipara Circle""]","[""10:06 am""]"
Cloud amount Budhakkhamana this evening pls,CLOUD_COVER,GET,"[""Budhakkhamana""]","[""this evening""]"
Set an alert for wind heading Laplura Barh Patna,WIND_DIRECTION,ALERT,"[""Laplura Barh Patna""]",[]
"how hot it is alert vyas kheir, atru",TEMPERATURE,ALERT,"[""vyas kheir, atru""]",[]
Want alert for night low in Baruttar Hingli this afternoon,TEMPERATURE_MIN,ALERT,"[""Baruttar Hingli""]","[""this afternoon""]"
Is there any cold warning now kindly,TEMPERATURE,ALERT,[],"[""now""]"
"compare the rainy in pub banadr mela, lanka circle beetween 1:48 pm and next 8 hours?!",RAIN,COMPARE,"[""pub banadr mela, lanka circle""]","[""1:48 pm"", ""next 8 hours""]"
"Wich has more sunshien Singha, Sabar Kantha or Kiribera tomorrow night",SUNSHINE,COMPARE,"[""Singha, Sabar Kantha"", ""Kiribera""]","[""tomorrow night""]"
Alrt me if outside weather changes in Burkina Faso,CURRENT_CONDITIONS,ALERT,"[""Burkina Faso""]",[]
Tell me when due point changes B Koduru Andhra Pradesh on Wednesday,DEW_POINT,ALERT,"[""B Koduru Andhra Pradesh""]","[""Wednesday""]"
Whats max tempreture looking like in Dannout nxt week?,TEMPERATURE_MAX,GET,"[""Dannout""]","[""nxt week""]"
is any sunlight advisory issed last week?,SUNSHINE,ALERT,[],"[""last week""]"
"I need the degree reading for Hatale, Jalgaon, Maharashtra day after tomorow",TEMPERATURE,GET,"[""Hatale, Jalgaon, Maharashtra""]","[""day after tomorow""]"
Contrast the rain intensity in Hosahalli with Abhayakuti last week,RAIN,COMPARE,"[""Hosahalli"", ""Abhayakuti""]","[""last week""]"
Notifiy me about the dew point temeprature in Kattanugdi this evening,DEW_POINT,ALERT,"[""Kattanugdi""]","[""this evening""]"
Could you check the min temperature in our village tommorow,TEMPERATURE_MIN,GET,"[""our village""]","[""tommorow""]"
How does the upcoming weather in Thammalapura compare with Nagapattinam yesterday?,FORECAST,COMPARE,"[""Thammalapura"", ""Nagapattinam""]","[""yesterday""]"
Flag the weather aheda in our village on Wednesday urgent,FORECAST,ALERT,"[""our village""]","[""Wednesday""]"
"Regarding Teegalavancha, West Godavari, Andhra Pradesh, what is the dhoop around 4:15 PM?",SUNSHINE,GET,"[""Teegalavancha, West Godavari, Andhra Pradesh""]","[""4:15 PM""]"
bro Frace forcast this afternoon,FORECAST,GET,"[""Frace""]","[""this afternoon""]"
notify me abbout rain amount near by this weekend,RAIN,ALERT,"[""near by""]","[""this weekend""]"
"Cntrast the soil heat level in this area with Ganganagar, Kamalpur, Dhalai by 12:05 PM",SOIL_TEMPERATURE,COMPARE,"[""this area"", ""Ganganagar, Kamalpur, Dhalai""]","[""12:05 PM""]"
Reative humidity gap between Kumarpur and Gokalyawala Jaipur,HUMIDITY,COMPARE,"[""Kumarpur"", ""Gokalyawala Jaipur""]",[]
put the coldest temperature of chandarpur against ganhdinagar day after tomorow,TEMPERATURE_MIN,COMPARE,"[""chandarpur"", ""ganhdinagar""]","[""day after tomorow""]"
Soil temp gap betewne Buwanna and Mariahu tonight?,SOIL_TEMPERATURE,COMPARE,"[""Buwanna"", ""Mariahu""]","[""tonight""]"
I need the weather conditions reading for Sitapur Uttarpradesh day after tomorrow sir,CURRENT_CONDITIONS,GET,"[""Sitapur Uttarpradesh""]","[""day after tomorrow""]"
"Put the wind iotensity Khabalu F V, North Lakhimpur against Jogidhipa early morning",WIND_SPEED,COMPARE,"[""Khabalu F V, North Lakhimpur"", ""Jogidhipa""]","[""early morning""]"
"Compare clodu cover percentage in Rudraprayag, Uttarakhand vs Chopara, Uttarakhand tomorrow morning",CLOUD_COVER,COMPARE,"[""Rudraprayag, Uttarakhand"", ""Chopara, Uttarakhand""]","[""tomorrow morning""]"
Set an alert for weatther report next month,FORECAST,ALERT,[],"[""next month""]"
Tell me the ground moisture on Tuesday,SOIL_MOISTURE,GET,[],"[""Tuesday""]"
Flag maximum this evening,TEMPERATURE_MAX,ALERT,[],"[""this evening""]"
"week ahead forecast in puducherry and manchanahalli early morning, which is better?",FORECAST,COMPARE,"[""puducherry"", ""manchanahalli""]","[""early morning""]"
hw is cloud covr jigana tal tomorrow night,CLOUD_COVER,GET,"[""jigana tal""]","[""tomorrow night""]"
"What temperatuee in France and Pipalliya, Vidisha in 30 minutes, which is better?",TEMPERATURE,COMPARE,"[""France"", ""Pipalliya, Vidisha""]","[""30 minutes""]"
What will the min temmprautre be in Anola right now?,TEMPERATURE_MIN,GET,"[""Anola""]","[""right now""]"
Wind direciton from 10 AM to 11 am,WIND_DIRECTION,GET,[],"[""10 AM to 11 am""]"
", what is the relative humdiity?",HUMIDITY,GET,[],[]
Put the gust speed near me againt Dhobahi Mirzapur rn,WIND_SPEED,COMPARE,"[""near me"", ""Dhobahi Mirzapur""]","[""rn""]"
contrast the sky condiiton near me with hallaornagara on sunday,CLOUD_COVER,COMPARE,"[""near me"", ""hallaornagara""]","[""sunday""]"
"put the sunny at my location against tada, potti sriramulu nellore later today",SUNSHINE,COMPARE,"[""my location"", ""tada, potti sriramulu nellore""]","[""later today""]"
Is the clouds in East Khasi Hills different this weekend and 3:30 pm?,CLOUD_COVER,COMPARE,"[""East Khasi Hills""]","[""this weekend"", ""3:30 pm""]"
Ntify me about the strng wind in this area yesterday,WIND_SPEED,ALERT,"[""this area""]","[""yesterday""]"
how is the humidity percentage in hiiwara?,HUMIDITY,GET,"[""hiiwara""]",[]
Is there any heavy rain warninng in my village last week?,RAIN,ALERT,"[""my village""]","[""last week""]"
Comprae Khatauli Rural and Dadair direction of the wind,WIND_DIRECTION,COMPARE,"[""Khatauli Rural"", ""Dadair""]",[]
"I want to know the which way the wind blows in Kuttadi, Kallakkurichi this week",WIND_DIRECTION,GET,"[""Kuttadi, Kallakkurichi""]","[""this week""]"
Ping me about the sun hurs in Dinigul East for the next 7 days,SUNSHINE,ALERT,"[""Dinigul East""]","[""next 7 days""]"
How much soil mositure 40cm in Chaura nxt week?,SOIL_MOISTURE,GET,"[""Chaura""]","[""nxt week""]"
"raise an alarm if the forecast looks bad in khamani, jalgaon by 4:50 pm..",FORECAST,ALERT,"[""khamani, jalgaon""]","[""4:50 pm""]"
Compare the bright sunshine in my village with Sikkim on Friday,SUNSHINE,COMPARE,"[""my village"", ""Sikkim""]","[""Friday""]"
dew in burhnpur around 12:30 pm,DEW_POINT,GET,"[""burhnpur""]","[""12:30 pm""]"
how does the solar exposure in kalayarkovil next 3 hours cemapre to 6:15 am?,SUNSHINE,COMPARE,"[""kalayarkovil""]","[""next 3 hours"", ""6:15 am""]"
Warn me about the wnd direction this evening,WIND_DIRECTION,ALERT,[],"[""this evening""]"
Any idea about the weather ahuad tommorow?,FORECAST,GET,[],"[""tommorow""]"
Whats the ground moisture looking like in Belsauna at 1:09 AM?,SOIL_MOISTURE,GET,"[""Belsauna""]","[""1:09 AM""]"
Notify me about the earth temperature in Phaskhawa Tea Gaarden by midnight,SOIL_TEMPERATURE,ALERT,"[""Phaskhawa Tea Gaarden""]","[""midnight""]"
Air seeed Wadad pls,WIND_SPEED,GET,"[""Wadad""]",[]
update me on the cloud cover percentage in my village tomorrow night,CLOUD_COVER,GET,"[""my village""]","[""tomorrow night""]"
Qiuck what's the weather like ceck for Sihor this evening,CURRENT_CONDITIONS,GET,"[""Sihor""]","[""this evening""]"
Send alert humidity percentage in Ganga Param around 7 PM,HUMIDITY,ALERT,"[""Ganga Param""]","[""7 PM""]"
Compare the moisture level arroound my area with South Andaman day after tomorrow,HUMIDITY,COMPARE,"[""my area"", ""South Andaman""]","[""day after tomorrow""]"
How does the lowets temp our village compare with Sandongri Khairagrah Raj Nandgaon tomorow?,TEMPERATURE_MIN,COMPARE,"[""our village"", ""Sandongri Khairagrah Raj Nandgaon""]","[""tomorow""]"
Kandari Kh. or Nagla Harsukha better weather outlook tomorrow morning,FORECAST,COMPARE,"[""Kandari Kh."", ""Nagla Harsukha""]","[""tomorrow morning""]"
Warrn me about daytime high in Assam during the sowing week,TEMPERATURE_MAX,ALERT,"[""Assam""]","[""sowing week""]"
"Want alert for relative moistore in Odha, Mainpur",HUMIDITY,ALERT,"[""Odha, Mainpur""]",[]
set an alart for highest temerature in kothur on monday,TEMPERATURE_MAX,ALERT,"[""kothur""]","[""monday""]"
Set an alert for max temperature in Saigrur day after tomorrow?!,TEMPERATURE_MAX,ALERT,"[""Saigrur""]","[""day after tomorrow""]"
Tell me when sunlight hours changes Gurrampalli at 11:30 AM,SUNSHINE,ALERT,"[""Gurrampalli""]","[""11:30 AM""]"
"Contrast the hours of sun in my village with Kinaidih, Raghunathpur, Puruliya tomorrow night",SUNSHINE,COMPARE,"[""my village"", ""Kinaidih, Raghunathpur, Puruliya""]","[""tomorrow night""]"
Compare the prediction in my field with Gulalwali Najibabad this weekend,FORECAST,COMPARE,"[""my field"", ""Gulalwali Najibabad""]","[""this weekend""]"
Whtas ground temp looking like by 2 am,SOIL_TEMPERATURE,GET,[],"[""2 am""]"
Will it be sunny in Coimbatore for the next 3 days,SUNSHINE,GET,"[""Coimbatore""]","[""next 3 days""]"
any warnings about overcast in rengalpali?,CLOUD_COVER,ALERT,"[""rengalpali""]",[]
flag the how cold near by,TEMPERATURE,ALERT,"[""near by""]",[]
Warn me about the clooud perientage next weekend,CLOUD_COVER,ALERT,[],"[""next weekend""]"
Diffrence in sun between Gotameshwar and Buthpur at 5 PM,SUNSHINE,COMPARE,"[""Gotameshwar"", ""Buthpur""]","[""5 PM""]"
"is the curreent temp in khamani, jalgaon different tomorow and 9:45 pm?",TEMPERATURE,COMPARE,"[""khamani, jalgaon""]","[""tomorow"", ""9:45 pm""]"
Need to know highest temp on Monday,TEMPERATURE_MAX,GET,[],"[""Monday""]"
"This evening, alert me about the sun in Got Gerya Kharagpur",SUNSHINE,ALERT,"[""Got Gerya Kharagpur""]","[""This evening""]"
"compare precipitation nearby with mississippi, united states day after tomorow",RAIN,COMPARE,"[""nearby"", ""mississippi, united states""]","[""day after tomorow""]"
"At 10:14 PM wind direecton figures for Bandarchuan, Chatra, Jharkhand",WIND_DIRECTION,GET,"[""Bandarchuan, Chatra, Jharkhand""]","[""10:14 PM""]"
flag the moisture at 40cm for bakkehswar tomorow bro,SOIL_MOISTURE,ALERT,"[""bakkehswar""]","[""tomorow""]"
Do I need a raincoat for Manchester?,RAIN,GET,"[""Manchester""]",[]
what is the precipitiaion here by midnight?,RAIN,GET,"[""here""]","[""midnight""]"
Kindly share the light rain Piplya Buzurg in the next 6 hours,RAIN,GET,"[""Piplya Buzurg""]","[""next 6 hours""]"
I need the degree reading by 4 am asap,TEMPERATURE,GET,[],"[""4 am""]"
Soil wateer in Singapore: 8:30 AM or 7:02 AM to 10 PM?,SOIL_MOISTURE,COMPARE,"[""Singapore""]","[""8:30 AM"", ""7:02 AM to 10 PM""]"
comprae the daytime temperature in maikpura between 60 minutes and midnight,TEMPERATURE_MAX,COMPARE,"[""maikpura""]","[""60 minutes"", ""midnight""]"
What's the where wind is cominng from in my farm?,WIND_DIRECTION,GET,"[""my farm""]",[]
Alert me if the weather turis bad in Sijaipur Nadia this week,CURRENT_CONDITIONS,ALERT,"[""Sijaipur Nadia""]","[""this week""]"
Bakarkol v/s Naysatra mooisture in the air at 7 pm sir,HUMIDITY,COMPARE,"[""Bakarkol"", ""Naysatra""]","[""7 pm""]"
Could you let me know the moitsure in field in Chengalpattu Tamil Nadu in 60 minutes?,SOIL_MOISTURE,GET,"[""Chengalpattu Tamil Nadu""]","[""60 minutes""]"
Do you have the upcomng foreacst data for Dayara Timbi at 6 pm?,FORECAST,GET,"[""Dayara Timbi""]","[""6 pm""]"
"Wich has more nihttime low Ramuapur, Misrik, Sitapur, Uttarpradesh or Mississippi, Uniteed States",TEMPERATURE_MIN,COMPARE,"[""Ramuapur, Misrik, Sitapur, Uttarpradesh"", ""Mississippi, Uniteed States""]",[]
ceck the wind heading for both baunli nao para hugli in 30 minutes,WIND_DIRECTION,COMPARE,"[""baunli"", ""nao para hugli""]","[""30 minutes""]"
What is the wnd speed in Gangada Bzurg tomorrow evening??,WIND_SPEED,GET,"[""Gangada Bzurg""]","[""tomorrow evening""]"
Ping me abut the heavy rain in our village on Monday??,RAIN,ALERT,"[""our village""]","[""Monday""]"
is any overnight temperature advisory issued for dumalpaohal around 3:05 pm?,TEMPERATURE_MIN,ALERT,"[""dumalpaohal""]","[""3:05 pm""]"
"Show me the cloudness for Gumdi, Makri and Hardwa Ka Khera by 1 am",CLOUD_COVER,COMPARE,"[""Gumdi, Makri"", ""Hardwa Ka Khera""]","[""1 am""]"
Tell diffience wind intensity Simra Bhata Bhawani Khera Fatehabad,WIND_SPEED,COMPARE,"[""Simra Bhata"", ""Bhawani Khera Fatehabad""]",[]
"From 9:43 am to 1 PM, compare the weather situation in Angara Kalan and Bandar Jhula",CURRENT_CONDITIONS,COMPARE,"[""Angara Kalan"", ""Bandar Jhula""]","[""9:43 am to 1 PM""]"
"Semilibencha v/s Burhanpur, Madhya Pradesh soil moisutre at 4:45 PM",SOIL_MOISTURE,COMPARE,"[""Semilibencha"", ""Burhanpur, Madhya Pradesh""]","[""4:45 PM""]"
whts wind flow direction in shi rajpur kotdwar pauri garhwal 2day,WIND_DIRECTION,GET,"[""shi rajpur kotdwar pauri garhwal""]","[""2day""]"
What is the min tepeature next week?,TEMPERATURE_MIN,GET,[],"[""next week""]"
Hw is maximum temerature in Abhayakuti by midnight,TEMPERATURE_MAX,GET,"[""Abhayakuti""]","[""midnight""]"
Now weather update figures my plot,CURRENT_CONDITIONS,GET,"[""my plot""]","[""Now""]"
Wich has more due point Sarsar or Joharapur,DEW_POINT,COMPARE,"[""Sarsar"", ""Joharapur""]",[]
"Put the rain chance in my feeild against Nagapattinam, Tamil Nadu by midnight",RAIN,COMPARE,"[""my feeild"", ""Nagapattinam, Tamil Nadu""]","[""midnight""]"
"comapre cloud amount narsinghpura, diood samasarpur, odisha",CLOUD_COVER,COMPARE,"[""narsinghpura, diood"", ""samasarpur, odisha""]",[]
"Contrast the tempreture around my area with Barwala, Gujarat day after tomorrow",TEMPERATURE,COMPARE,"[""my area"", ""Barwala, Gujarat""]","[""day after tomorrow""]"
"Whatts up with the wether status in Abhirampuur, South Twenty-Four Parganas on Tuesday",CURRENT_CONDITIONS,GET,"[""Abhirampuur, South Twenty-Four Parganas""]","[""Tuesday""]"
I want to know the soil wetnes level in Angara Kalan tomorrow morning,SOIL_MOISTURE,GET,"[""Angara Kalan""]","[""tomorrow morning""]"
How is the hmidity percent near me in 49 minutes?,HUMIDITY,GET,"[""near me""]","[""49 minutes""]"
Is there any soil heat warning by 4 PM?,SOIL_TEMPERATURE,ALERT,[],"[""4 PM""]"
"Warn me about the rainfal in Janegaon, Kej",RAIN,ALERT,"[""Janegaon, Kej""]",[]
How does the how humid in Bharmal Jattan day after tomorow coompare to 8:30 am to 12:30 PM?!,HUMIDITY,COMPARE,"[""Bharmal Jattan""]","[""day after tomorow"", ""8:30 am to 12:30 PM""]"
This weekend dialy forecast figures in our villgae?!,FORECAST,GET,"[""our villgae""]","[""This weekend""]"
Kindly share humid for Kanariyat nxt week,HUMIDITY,GET,"[""Kanariyat""]","[""nxt week""]"
"Diffrence in direction wind between Fazalnagar, Jasrana, Firozabad and Gourdih, Purulya",WIND_DIRECTION,COMPARE,"[""Fazalnagar, Jasrana, Firozabad"", ""Gourdih, Purulya""]",[]
How is the cloud density in Coimbatore?,CLOUD_COVER,GET,"[""Coimbatore""]",[]
"Coprae Kungayi and Magur Jan Milik, Purnia weather report",FORECAST,COMPARE,"[""Kungayi"", ""Magur Jan Milik, Purnia""]",[]
set an alert for current conditions in this area,CURRENT_CONDITIONS,ALERT,"[""this area""]",[]
"compe sunshien jharkhand vs botad, gujarat",SUNSHINE,COMPARE,"[""jharkhand"", ""botad, gujarat""]",[]
"Remind me to check the weather update in Kabul Khedi, Piploda during the sowing week",CURRENT_CONDITIONS,ALERT,"[""Kabul Khedi, Piploda""]","[""sowing week""]"
Cloud percentage from 10 AM to 11 pm pls,CLOUD_COVER,GET,[],"[""10 AM to 11 pm""]"
"Flag the cloud cver percentage for Bandhdih, Dumka urgent",CLOUD_COVER,ALERT,"[""Bandhdih, Dumka""]",[]
in 82 minutes highest temp figures for kalibel,TEMPERATURE_MAX,GET,"[""kalibel""]","[""82 minutes""]"
"Tell diffrence teupreture Ghupti -, Kalahandi, Odisha Kanisail Pt Ii Asssam by 10 am",TEMPERATURE,COMPARE,"[""Ghupti -, Kalahandi, Odisha"", ""Kanisail Pt Ii Asssam""]","[""10 am""]"
Ping me about the os bindu near by,DEW_POINT,ALERT,"[""near by""]",[]
Sultanpura vs Charbhata mausam,CURRENT_CONDITIONS,COMPARE,"[""Sultanpura"", ""Charbhata""]",[]
"any warnings about wind force in situnvalur, thiruvarur on tuesday?",WIND_SPEED,ALERT,"[""situnvalur, thiruvarur""]","[""tuesday""]"
"Cmpaare the mitti ki nami in our village with Tidragan, Kandhamal",SOIL_MOISTURE,COMPARE,"[""our village"", ""Tidragan, Kandhamal""]",[]
ping me about the huimdity percentage by 4 am,HUMIDITY,ALERT,[],"[""4 am""]"
"Nagla Harsukha versse Maira Dhaj, Nagaon, Assam humididty this week",HUMIDITY,COMPARE,"[""Nagla Harsukha"", ""Maira Dhaj, Nagaon, Assam""]","[""this week""]"
Kidnly share the relative moisture for Israjpalle for the next 7 days,HUMIDITY,GET,"[""Israjpalle""]","[""next 7 days""]"
"Compare dew level around here with Bahunagar Urf Sirsa, Baheri",DEW_POINT,COMPARE,"[""here"", ""Bahunagar Urf Sirsa, Baheri""]",[]
Set an alart for what temperature in Shi Rajpur this afternoon,TEMPERATURE,ALERT,"[""Shi Rajpur""]","[""this afternoon""]"
Flag the soil temperature yesterday,SOIL_TEMPERATURE,ALERT,[],"[""yesterday""]"
Warn me about the cold in this area on Friday,TEMPERATURE,ALERT,"[""this area""]","[""Friday""]"
Send me an alert if the rain is unsual in Mahalmirya Dongar tomorrow night,RAIN,ALERT,"[""Mahalmirya Dongar""]","[""tomorrow night""]"
Send alert is it going to rain Gumma,RAIN,ALERT,"[""Gumma""]",[]
Is the moisture in the soil in Shripur higher Wednesday or 49 minutes?,SOIL_MOISTURE,COMPARE,"[""Shripur""]","[""Wednesday"", ""49 minutes""]"
Compare the gust betwwen Jakhoda West Godavari Andhra Pradesh day after tomorrow,WIND_SPEED,COMPARE,"[""Jakhoda"", ""West Godavari Andhra Pradesh""]","[""day after tomorrow""]"
"Regarding Adanieda, what is the wind bearing around 10 pm?",WIND_DIRECTION,GET,"[""Adanieda""]","[""10 pm""]"
notify me about the humidty at my location by 4 pm,HUMIDITY,ALERT,"[""my location""]","[""4 pm""]"
Put soil waetr in this area against Antari around 9:34 pm,SOIL_MOISTURE,COMPARE,"[""this area"", ""Antari""]","[""9:34 pm""]"
Check the heat leel for both Brahamaani and Mamidipalle on Sunday,TEMPERATURE,COMPARE,"[""Brahamaani"", ""Mamidipalle""]","[""Sunday""]"
"Put the overnight temperature my plot against Nekkundhi, Dharmapuri this morning",TEMPERATURE_MIN,COMPARE,"[""my plot"", ""Nekkundhi, Dharmapuri""]","[""this morning""]"
Racherla ka cloud coverage by 12 AM,CLOUD_COVER,GET,"[""Racherla""]","[""12 AM""]"
bangaliyou or firozpur better humdity percent on wednesday?,HUMIDITY,COMPARE,"[""bangaliyou"", ""firozpur""]","[""wednesday""]"
Is wether in Naran Khera different 4 am and 10:30 AM?,CURRENT_CONDITIONS,COMPARE,"[""Naran Khera""]","[""4 am"", ""10:30 AM""]"
How does the moisture in the soil near by compare with Mkha Ka Tonk yesterday?,SOIL_MOISTURE,COMPARE,"[""near by"", ""Mkha Ka Tonk""]","[""yesterday""]"
compare solr exposure tola khuranda bankandi pauri garhwal on sunday,SUNSHINE,COMPARE,"[""tola khuranda"", ""bankandi pauri garhwal""]","[""sunday""]"
contrast the current conditions near by with parkha mahura rn,CURRENT_CONDITIONS,COMPARE,"[""near by"", ""parkha mahura""]","[""rn""]"
Compare taapmaan in U.nemili vs Inglish Timapur for the next 3 days,TEMPERATURE,COMPARE,"[""U.nemili"", ""Inglish Timapur""]","[""next 3 days""]"
Check the humidity level for both Bhhodua Guhalipada from 8:30 am to 12:30 PM,HUMIDITY,COMPARE,"[""Bhhodua"", ""Guhalipada""]","[""8:30 am to 12:30 PM""]"
Whee wind is coming from details for Pura,WIND_DIRECTION,GET,"[""Pura""]",[]
merakamudidam vizianagaram v/s d.p.f.chilamgad how cloudy this afternoon,CLOUD_COVER,COMPARE,"[""merakamudidam vizianagaram"", ""d.p.f.chilamgad""]","[""this afternoon""]"
Compare the mausam between Beerakanahalli and Bastar,CURRENT_CONDITIONS,COMPARE,"[""Beerakanahalli"", ""Bastar""]",[]
Need to know mosture at 40cm this morning,SOIL_MOISTURE,GET,[],"[""this morning""]"
Want alert for weather forecast in Auraga Bad on Sunday,FORECAST,ALERT,"[""Auraga Bad""]","[""Sunday""]"
What is the weather like in Hyderabad today?,CURRENT_CONDITIONS,GET,"[""Hyderabad""]","[""today""]"
Any idea about the hours sunlight in Achharaund Uttarpradesh?,SUNSHINE,GET,"[""Achharaund Uttarpradesh""]",[]
"the dew around 7 pm in ama tola, ambagarh chowki, raj nandgaon?",DEW_POINT,GET,"[""ama tola, ambagarh chowki, raj nandgaon""]","[""7 pm""]"
Will it rain in Rajahmundry tomorrow?,RAIN,GET,"[""Rajahmundry""]","[""tomorrow""]"
Proabbility of rain in Pipaliya 2day,RAIN,GET,"[""Pipaliya""]","[""2day""]"
Check weather report France by 9:45 pm,FORECAST,GET,"[""France""]","[""9:45 pm""]"
Is any wind strength advisory issued tomorow,WIND_SPEED,ALERT,[],"[""tomorow""]"
Send alert coldest in Nauli last week,TEMPERATURE_MIN,ALERT,"[""Nauli""]","[""last week""]"
keep me posted on the cloudness in ghichna theog from 7 pm to 9:30 pm,CLOUD_COVER,ALERT,"[""ghichna theog""]","[""7 pm to 9:30 pm""]"
sir Budel versus Thailand night low this afternoon,TEMPERATURE_MIN,COMPARE,"[""Budel"", ""Thailand""]","[""this afternoon""]"
how does the sunlight hors in nangla 9:30 am comppare to 9 pm?,SUNSHINE,COMPARE,"[""nangla""]","[""9:30 am"", ""9 pm""]"
Send aert ground temp in Habruabri tomorrow night,SOIL_TEMPERATURE,ALERT,"[""Habruabri""]","[""tomorrow night""]"
Warn me about the lowest temperature on Monday,TEMPERATURE_MIN,ALERT,[],"[""Monday""]"
is there any gust speed warning at my location in the next 2 hours?,WIND_SPEED,ALERT,"[""my location""]","[""next 2 hours""]"
"Plz alert high temp Jhagar Pur, Bighapur, Unnao from 10 AM to 11 pm",TEMPERATURE_MAX,ALERT,"[""Jhagar Pur, Bighapur, Unnao""]","[""10 AM to 11 pm""]"
Weathir report on Monday,FORECAST,GET,[],"[""Monday""]"
"pls Tell me the wind for Nebraska, United States by 9:45 pm",WIND_SPEED,GET,"[""Nebraska, United States""]","[""9:45 pm""]"
any warnings aout conditions right now in magura hulgi for the next 7 days?,CURRENT_CONDITIONS,ALERT,"[""magura hulgi""]","[""next 7 days""]"
"Message me the dewpoint in Kailashpura, Dhaulpur arround 1 AM",DEW_POINT,ALERT,"[""Kailashpura, Dhaulpur""]","[""1 AM""]"
Is any max tempearture advisory issued for Bedarshirgur yesterday urgent,TEMPERATURE_MAX,ALERT,"[""Bedarshirgur""]","[""yesterday""]"
Difference in forecase between Turkey and San Pedro on Monday,FORECAST,COMPARE,"[""Turkey"", ""San Pedro""]","[""Monday""]"
What's the relative humidaty in Bilaruua?,HUMIDITY,GET,"[""Bilaruua""]",[]
Reinder for humidity Nannurupadu tomorow,HUMIDITY,ALERT,"[""Nannurupadu""]","[""tomorow""]"
message me the highest temperature tody in kasipur balaosre (baleshwar) by 8 pm,TEMPERATURE_MAX,ALERT,"[""kasipur balaosre (baleshwar)""]","[""8 pm""]"
"Do you have heavy rain data for Murkudoh, Gondia tomorrow night?",RAIN,GET,"[""Murkudoh, Gondia""]","[""tomorrow night""]"
"I want to know the temperature of soil in Panposh, Odisha next month",SOIL_TEMPERATURE,GET,"[""Panposh, Odisha""]","[""next month""]"
Diffrence in hmidity level between Neemba and Mogalipuram,HUMIDITY,COMPARE,"[""Neemba"", ""Mogalipuram""]",[]
How warm is the ground in Israjpalle on Wednesday?,SOIL_TEMPERATURE,GET,"[""Israjpalle""]","[""Wednesday""]"
compare the soil moisure in my village with uttarpradesh yesterday,SOIL_MOISTURE,COMPARE,"[""my village"", ""uttarpradesh""]","[""yesterday""]"
how much forrecsat day after tomorow?,FORECAST,GET,[],"[""day after tomorow""]"
"i need the sunny hours reading for khamani, jalgaon from 10 am to 11 am",SUNSHINE,GET,"[""khamani, jalgaon""]","[""10 am to 11 am""]"
Ping me the max temperatore by 9 PM,TEMPERATURE_MAX,ALERT,[],"[""9 PM""]"
"Should i worrry about the soil temp in Jagtial, Telangana this evening?",SOIL_TEMPERATURE,ALERT,"[""Jagtial, Telangana""]","[""this evening""]"
ping me about the wind strength in kathgariya,WIND_SPEED,ALERT,"[""kathgariya""]",[]
whats the soil temperature looking like from 4:15 am to 3:30 pm?,SOIL_TEMPERATURE,GET,[],"[""4:15 am to 3:30 pm""]"
send me an alert if the temprature is unsual in baggamdhoravalasa by 3 pm asap,TEMPERATURE,ALERT,"[""baggamdhoravalasa""]","[""3 pm""]"
Warn me about the night low in my vilage later today,TEMPERATURE_MIN,ALERT,"[""my vilage""]","[""later today""]"
"Keep me posted on the where wind is coming from in Maina Bhagar, Gorakhpur on Saturday",WIND_DIRECTION,ALERT,"[""Maina Bhagar, Gorakhpur""]","[""Saturday""]"
how many hours of sun will catamarca get during the sowing week?,SUNSHINE,GET,"[""catamarca""]","[""sowing week""]"
Is it warm today in Hyderabad?,TEMPERATURE,GET,"[""Hyderabad""]","[""today""]"
"Put the soil moisture 10cm at my location against Ichhapur, Odisha right now",SOIL_MOISTURE,COMPARE,"[""my location"", ""Ichhapur, Odisha""]","[""right now""]"
Notify me about the humidty at my place around 9 pm,HUMIDITY,ALERT,"[""my place""]","[""9 pm""]"
"how duz the soil water in vyas kheri comare with joharapur, ahamadnagar tommorow..",SOIL_MOISTURE,COMPARE,"[""vyas kheri"", ""joharapur, ahamadnagar""]","[""tommorow""]"
Compare the direction of the wind around my area with Gaura on Sunday,WIND_DIRECTION,COMPARE,"[""my area"", ""Gaura""]","[""Sunday""]"
Quick dew check for Khanuoai now,DEW_POINT,GET,"[""Khanuoai""]","[""now""]"
what's the louest temp today?,TEMPERATURE_MIN,GET,[],"[""today""]"
Is there any wheather warning near by last week,CURRENT_CONDITIONS,ALERT,"[""near by""]","[""last week""]"
"Upcoming forecast in Moltha, Pauri Garhwal, Uttarakhand and Tambwa Bid Maharashta for the next 7 days, which bettter?",FORECAST,COMPARE,"[""Moltha, Pauri Garhwal, Uttarakhand"", ""Tambwa Bid Maharashta""]","[""next 7 days""]"
ping me about the wind bearing tommorow,WIND_DIRECTION,ALERT,[],"[""tommorow""]"
how does the how hot in kesaibahal next 6 hours compaer to next 2 hours?,TEMPERATURE,COMPARE,"[""kesaibahal""]","[""next 6 hours"", ""next 2 hours""]"
asap Let me know if there is a hours of sunlight alert in Jaisalmer around 3:34 am,SUNSHINE,ALERT,"[""Jaisalmer""]","[""3:34 am""]"
How many degrees is it in Bengaluru?,TEMPERATURE,GET,"[""Bengaluru""]",[]
"Whts snlite in Fateaabad, Haryana next month",SUNSHINE,GET,"[""Fateaabad, Haryana""]","[""next month""]"
What's the weather like in Sydney?,CURRENT_CONDITIONS,GET,"[""Sydney""]",[]
kindly contrast the due point at my place with lachhmangarh tomorrow morning,DEW_POINT,COMPARE,"[""my place"", ""lachhmangarh""]","[""tomorrow morning""]"
tell me the highest teemprature nearby next month,TEMPERATURE_MAX,GET,"[""nearby""]","[""next month""]"
hw is sun in lakshadweep right now,SUNSHINE,GET,"[""lakshadweep""]","[""right now""]"
"lad bharol, himachal pradesh verus tidragan which way the wind blows later today",WIND_DIRECTION,COMPARE,"[""lad bharol, himachal pradesh"", ""tidragan""]","[""later today""]"
Want alert for highest temperature todday in Purnpur for the next 3 days,TEMPERATURE_MAX,ALERT,"[""Purnpur""]","[""next 3 days""]"
Reminder for solr exposure Pakaria Kalan this evening sir,SUNSHINE,ALERT,"[""Pakaria Kalan""]","[""this evening""]"
Ping me about the how cold in Ganga Param on Monday,TEMPERATURE,ALERT,"[""Ganga Param""]","[""Monday""]"
Alrt me if soil moistur changes in Coimbatore tomorrow evening,SOIL_MOISTURE,ALERT,"[""Coimbatore""]","[""tomorrow evening""]"
Inform me if highest temperature bad Chhailai Jgair Ashoknagar on Friday,TEMPERATURE_MAX,ALERT,"[""Chhailai Jgair Ashoknagar""]","[""Friday""]"
"Show me the lowest temperture today for Indloor, Nalgonda Dryapur on Tuesday",TEMPERATURE_MIN,COMPARE,"[""Indloor, Nalgonda"", ""Dryapur""]","[""Tuesday""]"
Flag the foercaste for Sisswa Tola Jai Ray Bagha this weekend,FORECAST,ALERT,"[""Sisswa Tola Jai Ray Bagha""]","[""this weekend""]"
"Contiast the daytime high near by with Khalina, Jaleswar on Tuesday",TEMPERATURE_MAX,COMPARE,"[""near by"", ""Khalina, Jaleswar""]","[""Tuesday""]"
Give me the precipitation cahnce for Bhikhnadih Hazaribagh Jharkhand,RAIN,GET,"[""Bhikhnadih Hazaribagh Jharkhand""]",[]
Contrast the earth temperature in Kallahaalli between 10 PM and 1:48 PM,SOIL_TEMPERATURE,COMPARE,"[""Kallahaalli""]","[""10 PM"", ""1:48 PM""]"
Any warnings about maximum temperature in Malhawani for the next 7 days?,TEMPERATURE_MAX,ALERT,"[""Malhawani""]","[""next 7 days""]"
"Remind me to check the dew in Dhepua, Paschim Medinipur Sadar",DEW_POINT,ALERT,"[""Dhepua, Paschim Medinipur Sadar""]",[]
how does the overcast in my village compaie with parbhani by 1 pm,CLOUD_COVER,COMPARE,"[""my village"", ""parbhani""]","[""1 pm""]"
How the soil tepmeratre near me compare with Manikpura?,SOIL_TEMPERATURE,COMPARE,"[""near me"", ""Manikpura""]",[]
Flag the acual temperature in my villlage this afternoon,TEMPERATURE,ALERT,"[""my villlage""]","[""this afternoon""]"
compare the how is the weather near me with bikanner next week,CURRENT_CONDITIONS,COMPARE,"[""near me"", ""bikanner""]","[""next week""]"
"around 11 am, alurt me about the sky condituon in bedarshirgur, uttara kannada",CLOUD_COVER,ALERT,"[""bedarshirgur, uttara kannada""]","[""11 am""]"
tel me the sunsihne hours for bhaliadiha day after tomorow,SUNSHINE,GET,"[""bhaliadiha""]","[""day after tomorow""]"
"Comare soil temp in Jhagar Pur, Bighapur, Unnao vs Bhurkhed next weekend",SOIL_TEMPERATURE,COMPARE,"[""Jhagar Pur, Bighapur, Unnao"", ""Bhurkhed""]","[""next weekend""]"
contrast the hottest tmeperature in farhaloki between 1 am to 8 am and 9:15 am,TEMPERATURE_MAX,COMPARE,"[""farhaloki""]","[""1 am to 8 am"", ""9:15 am""]"
How does the coditions riht now in my feild compare with Brahmaur from 7 pm to 9:30 PM?,CURRENT_CONDITIONS,COMPARE,"[""my feild"", ""Brahmaur""]","[""7 pm to 9:30 PM""]"
Difference in wind speed between Gadbadiia and Mundakata,WIND_SPEED,COMPARE,"[""Gadbadiia"", ""Mundakata""]",[]
Chinchai Maurabandhi soil temp this weekend,SOIL_TEMPERATURE,COMPARE,"[""Chinchai"", ""Maurabandhi""]","[""this weekend""]"
"Whcih is better for humdi, Phaskhawa Tea Garden or Fatehabad, Harayna",HUMIDITY,COMPARE,"[""Phaskhawa Tea Garden"", ""Fatehabad, Harayna""]",[]
send alert masam in mahuwna,CURRENT_CONDITIONS,ALERT,"[""mahuwna""]",[]
Rh in Demra,HUMIDITY,GET,"[""Demra""]",[]
"what's the clouds in chhirhati, sohagpur, shahdol, madhya pradesh day after tomorrow?",CLOUD_COVER,GET,"[""chhirhati, sohagpur, shahdol, madhya pradesh""]","[""day after tomorrow""]"
"set an alert for moisture in the soil in gahlian, hamirpur tomorrow evening",SOIL_MOISTURE,ALERT,"[""gahlian, hamirpur""]","[""tomorrow evening""]"
Tel me nami on Tuesday,HUMIDITY,GET,[],"[""Tuesday""]"
"Send alert how cloudy in Rudrpur, Unnao, Uttarpradesh tomorow..",CLOUD_COVER,ALERT,"[""Rudrpur, Unnao, Uttarpradesh""]","[""tomorow""]"
how does the wind strength in this area comapre with dibrugarh in 90 minutes?,WIND_SPEED,COMPARE,"[""this area"", ""dibrugarh""]","[""90 minutes""]"
"Contrrast the temperature now at my place with Alinjikuppam, Pernambut",TEMPERATURE,COMPARE,"[""my place"", ""Alinjikuppam, Pernambut""]",[]
Set an alrt for soil moisture at 40 m,SOIL_MOISTURE,ALERT,[],[]
"What will the humid be in Tidrgaan, Kandhamal around 10:45 PM?",HUMIDITY,GET,"[""Tidrgaan, Kandhamal""]","[""10:45 PM""]"
tehre any extended forecast warning around my area next month?,FORECAST,ALERT,"[""my area""]","[""next month""]"
Shuni versus Jigsnaa Tal drizle on Saturday,RAIN,COMPARE,"[""Shuni"", ""Jigsnaa Tal""]","[""Saturday""]"
"between manipur and jogidhipa, where is the highest temp stronger tomorow?",TEMPERATURE_MAX,COMPARE,"[""manipur"", ""jogidhipa""]","[""tomorow""]"
flag the rain by 4 pm bro,RAIN,ALERT,[],"[""4 pm""]"
Is any solar radiation advisory issued in 82 minutes?,SUNSHINE,ALERT,[],"[""82 minutes""]"
is the windy in kholda diffeent tonight and 15 minutes?,WIND_SPEED,COMPARE,"[""kholda""]","[""tonight"", ""15 minutes""]"
quickly Is there a weather warning for Laro by 2 am?,CURRENT_CONDITIONS,ALERT,"[""Laro""]","[""2 am""]"
Set an alart for weather report in Ssiswa Tola Jai Ray Bagha next weekend,FORECAST,ALERT,"[""Ssiswa Tola Jai Ray Bagha""]","[""next weekend""]"
Compre grouund temp in Unchgaon vs Kalyan tomorow,SOIL_TEMPERATURE,COMPARE,"[""Unchgaon"", ""Kalyan""]","[""tomorow""]"
let me know if there is a bright sunshine alert in dulidih 2nite,SUNSHINE,ALERT,"[""dulidih""]","[""2nite""]"
Ping me about the soil tempreture in my village for the next 7 days,SOIL_TEMPERATURE,ALERT,"[""my village""]","[""next 7 days""]"
"Contrast the miimum tempirature in Puranpur, Jaunpur with Ganganagar, Kamalpur, Dhalai by 4:50 PM",TEMPERATURE_MIN,COMPARE,"[""Puranpur, Jaunpur"", ""Ganganagar, Kamalpur, Dhalai""]","[""4:50 PM""]"
check the bright sunshine in my field by midnight,SUNSHINE,GET,"[""my field""]","[""midnight""]"
Keep me poted on the cloud cover in Pail on Wednesday sir,CLOUD_COVER,ALERT,"[""Pail""]","[""Wednesday""]"
"contrast the low temp in londa, lakhnadon, seoi betewen 4:50 pm and 2 am",TEMPERATURE_MIN,COMPARE,"[""londa, lakhnadon, seoi""]","[""4:50 pm"", ""2 am""]"
"Wnd speed in Fatterpur and Tholuvur at 1:09 AM, which is better?",WIND_SPEED,COMPARE,"[""Fatterpur"", ""Tholuvur""]","[""1:09 AM""]"
Compre moisture level in Kajla vs Parbahal,HUMIDITY,COMPARE,"[""Kajla"", ""Parbahal""]",[]
set an alart for lowest temperature today raksani tmrw,TEMPERATURE_MIN,ALERT,"[""raksani""]","[""tmrw""]"
give moisture level tiaamia dighalia rn,HUMIDITY,GET,"[""tiaamia dighalia""]","[""rn""]"
Contrast peak temperature nearbby with Lonar Maharashtra at 4 AM,TEMPERATURE_MAX,COMPARE,"[""nearbby"", ""Lonar Maharashtra""]","[""4 AM""]"
Need to know soil water content on Monday,SOIL_MOISTURE,GET,[],"[""Monday""]"
Is there any max temperiture warning for Maurabandhi tmrw?,TEMPERATURE_MAX,ALERT,"[""Maurabandhi""]","[""tmrw""]"
put the night temperature here against pipalkaani balangir from 6:30 pm to 10 pm,TEMPERATURE_MIN,COMPARE,"[""here"", ""pipalkaani balangir""]","[""6:30 pm to 10 pm""]"
Check soil wateer Kiritbanha day after tomorrow,SOIL_MOISTURE,GET,"[""Kiritbanha""]","[""day after tomorrow""]"
Plz alert weather outlook Samoa,FORECAST,ALERT,"[""Samoa""]",[]
Alert me if the foercast changes for Mithal Buzurg this morning..,FORECAST,ALERT,"[""Mithal Buzurg""]","[""this morning""]"
plz alert sunlight ahesha tomorrow night,SUNSHINE,ALERT,"[""ahesha""]","[""tomorrow night""]"
Flag the soil temperature at 10cm for Naran Khera??,SOIL_TEMPERATURE,ALERT,"[""Naran Khera""]",[]
"show me the soil tempreture in khalina, jaleswar",SOIL_TEMPERATURE,GET,"[""khalina, jaleswar""]",[]
Ping me about the air temperature by 1:48 PM,TEMPERATURE,ALERT,[],"[""1:48 PM""]"
diffrence in wind speed bteween bakkeshwar and jharkhand tonight,WIND_SPEED,COMPARE,"[""bakkeshwar"", ""jharkhand""]","[""tonight""]"
What will the overnight temperatuure be in Bikaner yesterday,TEMPERATURE_MIN,GET,"[""Bikaner""]","[""yesterday""]"
"nxt week, what is the degres?",TEMPERATURE,GET,[],"[""nxt week""]"
send me an alert if the due point is unusaul in laro for the next 7 days,DEW_POINT,ALERT,"[""laro""]","[""next 7 days""]"
what is the cloud coverage in jhargaon on wednesday?,CLOUD_COVER,GET,"[""jhargaon""]","[""wednesday""]"
Flag the weathre for next days around my area day after tomorrow,FORECAST,ALERT,"[""my area""]","[""day after tomorrow""]"
ping me about the precipitation amount tomorow,RAIN,ALERT,[],"[""tomorow""]"
Send me an aert if the wind speed forecast is unusual in Singapore for the next 7 days,WIND_SPEED,ALERT,"[""Singapore""]","[""next 7 days""]"
will it be clouy in sarkuri?,CLOUD_COVER,GET,"[""sarkuri""]",[]
"Beween Israjpalle and Punch, where is the wind strength stronger tomorrow?",WIND_SPEED,COMPARE,"[""Israjpalle"", ""Punch""]","[""tomorrow""]"
Achharaund Uttarpradesh verses Chak Daulat humdity,HUMIDITY,COMPARE,"[""Achharaund Uttarpradesh"", ""Chak Daulat""]",[]
"Want to know nighttime low Israjpalle, Jagtial this week",TEMPERATURE_MIN,GET,"[""Israjpalle, Jagtial""]","[""this week""]"
"By 3:45 AM mioimem figures for Dhepua, Paschim Medinipur Sadar",TEMPERATURE_MIN,GET,"[""Dhepua, Paschim Medinipur Sadar""]","[""3:45 AM""]"
What's the soil moisture in the field in AP?,SOIL_MOISTURE,GET,"[""AP""]",[]
"Soould i worry about the weathar forecast in Narsinghpura, Digod",FORECAST,ALERT,"[""Narsinghpura, Digod""]",[]
Warn me abuot the wind heauing here,WIND_DIRECTION,ALERT,"[""here""]",[]
"is the sky condition in botad, gujarat higher 9:45 pm or 8 pm?",CLOUD_COVER,COMPARE,"[""botad, gujarat""]","[""9:45 pm"", ""8 pm""]"
quickly Pahrauli Uttarpradesh ka current conditions,CURRENT_CONDITIONS,GET,"[""Pahrauli Uttarpradesh""]",[]
put the how wndy of itapua against katral early morning,WIND_SPEED,COMPARE,"[""itapua"", ""katral""]","[""early morning""]"
"Wat is the hottest temperature in Kopaganj, Mau on Sunday?",TEMPERATURE_MAX,GET,"[""Kopaganj, Mau""]","[""Sunday""]"
Hinauti Chakia max tmepreture next 7 days vs day after tomorow,TEMPERATURE_MAX,COMPARE,"[""Hinauti Chakia""]","[""next 7 days"", ""day after tomorow""]"
Wind speod gap betwween Fatehgarh Sahib and Ptahangram on Sunday,WIND_SPEED,COMPARE,"[""Fatehgarh Sahib"", ""Ptahangram""]","[""Sunday""]"
how dry is the soil in charbhata?,SOIL_MOISTURE,GET,"[""charbhata""]",[]
warrn me about cloud percetn in pernambuco this evening?!,CLOUD_COVER,ALERT,"[""pernambuco""]","[""this evening""]"
show me the is it going to rain in painada modarpuur,RAIN,GET,"[""painada modarpuur""]",[]
"compare overcast levl between samasarpur and pirkha mahura, rajasthan on saturday",CLOUD_COVER,COMPARE,"[""samasarpur"", ""pirkha mahura, rajasthan""]","[""saturday""]"
Tell me the wheather for Abhirampur around 1:30 pm,CURRENT_CONDITIONS,GET,"[""Abhirampur""]","[""1:30 pm""]"
Relative moistuee in my village in the next 2 hours pls,HUMIDITY,GET,"[""my village""]","[""next 2 hours""]"
What's the how hot it is in Kare Rameur from 10 AM to 11 pm,TEMPERATURE,GET,"[""Kare Rameur""]","[""10 AM to 11 pm""]"
is any moisture in fild advisory issued yesterday?,SOIL_MOISTURE,ALERT,[],"[""yesterday""]"
Copmre hottest in Gokalyawwala vs Gomundi at 10:14 PM,TEMPERATURE_MAX,COMPARE,"[""Gokalyawwala"", ""Gomundi""]","[""10:14 PM""]"
any idea about the wind blows from in thamalapura ballari tomorrow morning?!,WIND_DIRECTION,GET,"[""thamalapura ballari""]","[""tomorrow morning""]"
Send me an alret if the feels like temperature is unusual in Pusapatirega tomorow,TEMPERATURE,ALERT,"[""Pusapatirega""]","[""tomorow""]"
Is the precipitation in Chhaoisgarh different 7:15 PM and 11 am?,RAIN,COMPARE,"[""Chhaoisgarh""]","[""7:15 PM"", ""11 am""]"
flag the chacne of rain at my place,RAIN,ALERT,"[""my place""]",[]
Raise alarm if the where wind is coming from looks bad in Ginigera,WIND_DIRECTION,ALERT,"[""Ginigera""]",[]
ping me about the clousd on tuesday,CLOUD_COVER,ALERT,[],"[""tuesday""]"
Whts weather situatiun in Nalajhar from 10 AM to 11 pm,CURRENT_CONDITIONS,GET,"[""Nalajhar""]","[""10 AM to 11 pm""]"
Need to know minimum temperature tomorrow morning,TEMPERATURE_MIN,GET,[],"[""tomorrow morning""]"
Is three any earth temperature warning from 1 AM to 8 AM?,SOIL_TEMPERATURE,ALERT,[],"[""1 AM to 8 AM""]"
contrast the moisture in the soil near by with zaptiveerappaguda this evening,SOIL_MOISTURE,COMPARE,"[""near by"", ""zaptiveerappaguda""]","[""this evening""]"
How much huidity percentage this weekend?,HUMIDITY,GET,[],"[""this weekend""]"
kindly tell me the highest temperature 2nite,TEMPERATURE_MAX,GET,[],"[""2nite""]"
How does the field miosture in Charbhata Keshkal compare with Khadikapada Betanati next week?,SOIL_MOISTURE,COMPARE,"[""Charbhata Keshkal"", ""Khadikapada Betanati""]","[""next week""]"
compae the soil water content at my loccation with khapa nagpur today,SOIL_MOISTURE,COMPARE,"[""my loccation"", ""khapa nagpur""]","[""today""]"
Set an alart for soil moistuure 40cm in Sura Sultanpura 2day,SOIL_MOISTURE,ALERT,"[""Sura Sultanpura""]","[""2day""]"
Remind me to cheeck the how cold in Galian next month,TEMPERATURE,ALERT,"[""Galian""]","[""next month""]"
Plz aletr soil temp Dalelpura Naniwa early morning,SOIL_TEMPERATURE,ALERT,"[""Dalelpura Naniwa""]","[""early morning""]"
Wind gusts in Ssiswa Tola Jai Ray Bagha around 3:30 pm,WIND_SPEED,GET,"[""Ssiswa Tola Jai Ray Bagha""]","[""3:30 pm""]"
How is wind blows from around 10:45 PM?,WIND_DIRECTION,GET,[],"[""10:45 PM""]"
Put the upcoming forecast here against Bhaluk Mari Gaon today,FORECAST,COMPARE,"[""here"", ""Bhaluk Mari Gaon""]","[""today""]"
"at 10:14 pm, compare the soil temp in nagaland, india and maharaja",SOIL_TEMPERATURE,COMPARE,"[""nagaland, india"", ""maharaja""]","[""10:14 pm""]"
Quick predictions check for Chengalpattu at 3 am,FORECAST,GET,"[""Chengalpattu""]","[""3 am""]"
"Where is the degree greater, Sahajpuri Raisen Madhya Pradesh or Saran Nani on Wednesday?",TEMPERATURE,COMPARE,"[""Sahajpuri Raisen Madhya Pradesh"", ""Saran Nani""]","[""Wednesday""]"
wat is the weather situation in kumbhara kindly,CURRENT_CONDITIONS,GET,"[""kumbhara""]",[]
set an alart for humdity in saran nani kachchh gujarat on friday,HUMIDITY,ALERT,"[""saran nani kachchh gujarat""]","[""friday""]"
"Set an alert for wind intensity in Maina Bhagar, Goraehpur",WIND_SPEED,ALERT,"[""Maina Bhagar, Goraehpur""]",[]
I want to know the humidity percent in Gundaram Tadwai tommorow,HUMIDITY,GET,"[""Gundaram Tadwai""]","[""tommorow""]"
Whats the upcoming weather looking like Turamamidi tomorrow morning?,FORECAST,GET,"[""Turamamidi""]","[""tomorrow morning""]"
set an alert for soil water conent 2day,SOIL_MOISTURE,ALERT,[],"[""2day""]"
compair the dew point betwene buwana and islampur maknapur today pls,DEW_POINT,COMPARE,"[""buwana"", ""islampur maknapur""]","[""today""]"
Let me know if there is conditions righht now alert in Kalibel tommorow,CURRENT_CONDITIONS,ALERT,"[""Kalibel""]","[""tommorow""]"
Humidity percentage details for Kuttadi,HUMIDITY,GET,"[""Kuttadi""]",[]
Ping me about the how windy aronud here,WIND_SPEED,ALERT,"[""here""]",[]
"Tel me the future weather for Bindipur, Puri today",FORECAST,GET,"[""Bindipur, Puri""]","[""today""]"
"Cmpare the sunshien between Khani Upperli Kangra Bindipur, Puri right now",SUNSHINE,COMPARE,"[""Khani Upperli Kangra"", ""Bindipur, Puri""]","[""right now""]"
"Can you tell me the soil water content in Unchgaon, Jaunpur?",SOIL_MOISTURE,GET,"[""Unchgaon, Jaunpur""]",[]
Notyi me about the air moisture,HUMIDITY,ALERT,[],[]
"Need field moisture for Piparia Ehatmali, Mirgnj, Bareilly tmrw",SOIL_MOISTURE,GET,"[""Piparia Ehatmali, Mirgnj, Bareilly""]","[""tmrw""]"
", compare the nighttime low in bilarua and ramanujnagar",TEMPERATURE_MIN,COMPARE,"[""bilarua"", ""ramanujnagar""]",[]
Wind coems from in Assam: next 4 hours or 9:43 am to 1 PM?,WIND_DIRECTION,COMPARE,"[""Assam""]","[""next 4 hours"", ""9:43 am to 1 PM""]"
Tell me the nami next weekend,HUMIDITY,GET,[],"[""next weekend""]"
Set an aert for coleest in my farm day after tomorow..,TEMPERATURE_MIN,ALERT,"[""my farm""]","[""day after tomorow""]"
noitfy me about the wind blows from tomorrow night,WIND_DIRECTION,ALERT,[],"[""tomorrow night""]"
"alrt me if dewpoit changes in bettul, madhya pradesh",DEW_POINT,ALERT,"[""bettul, madhya pradesh""]",[]
Piparia Ehatmali dew tempeprature?,DEW_POINT,GET,"[""Piparia Ehatmali""]",[]
Compare soil moisture in AP and Telangana tomorrow,SOIL_MOISTURE,COMPARE,"[""AP"", ""Telangana""]","[""tomorrow""]"
Warn me about the weather outlook day after tomorrow,FORECAST,ALERT,[],"[""day after tomorrow""]"
Khark Lizer due poont 7 PM vs 3 am,DEW_POINT,COMPARE,"[""Khark Lizer""]","[""7 PM"", ""3 am""]"
Compare the cloudiaess at my plaoe with Ganguwa on Tuesday,CLOUD_COVER,COMPARE,"[""my plaoe"", ""Ganguwa""]","[""Tuesday""]"
"Hours of sunlight in Dhamni and Israjpalle, Jagtial day after tomorow, which is better urgent",SUNSHINE,COMPARE,"[""Dhamni"", ""Israjpalle, Jagtial""]","[""day after tomorow""]"
Tel me overnight low,TEMPERATURE_MIN,GET,[],[]
"mtiti ka tapamaan gap between gothani, bikramganj, rohtas and samaria next weekend",SOIL_TEMPERATURE,COMPARE,"[""gothani, bikramganj, rohtas"", ""samaria""]","[""next weekend""]"
Pls tell me the soil tempreture in Ssiswa Tola Jai Ray on Monday,SOIL_TEMPERATURE,GET,"[""Ssiswa Tola Jai Ray""]","[""Monday""]"
Ping me about the how hamid in Bhelagachhi this weekend?!,HUMIDITY,ALERT,"[""Bhelagachhi""]","[""this weekend""]"
put the soil temprature around here against juda jatan by 1 am,SOIL_TEMPERATURE,COMPARE,"[""here"", ""juda jatan""]","[""1 am""]"
"raise an alarm if the weather conditions looks bad samasaarpur, odisha on saturday",CURRENT_CONDITIONS,ALERT,"[""samasaarpur, odisha""]","[""saturday""]"
Should i worry about the week ahead forecast in Alagdiha day after tomorrow?,FORECAST,ALERT,"[""Alagdiha""]","[""day after tomorrow""]"
Pls tell me the weather report in Baluk Mari Gaon for the next 7 days,FORECAST,GET,"[""Baluk Mari Gaon""]","[""next 7 days""]"
Check the sky cover at my place later today,CLOUD_COVER,GET,"[""my place""]","[""later today""]"
What's the dew point in Miami right now?,DEW_POINT,GET,"[""Miami""]","[""right now""]"
Put field moisture in my field against Manikpara 2day,SOIL_MOISTURE,COMPARE,"[""my field"", ""Manikpara""]","[""2day""]"
Is there sunshine warning in my farm right now?,SUNSHINE,ALERT,"[""my farm""]","[""right now""]"
Remind me check the overcast in Deoghar from 1:30 AM to 4 pm,CLOUD_COVER,ALERT,"[""Deoghar""]","[""1:30 AM to 4 pm""]"
need to know night temperatuie around 7 pm??,TEMPERATURE_MIN,GET,[],"[""7 pm""]"
"How does the how humid around here commpare with Odha, Mainpur tomorrow morning?!",HUMIDITY,COMPARE,"[""here"", ""Odha, Mainpur""]","[""tomorrow morning""]"
Messae me the dew level in Bhikhnadih Hazaribagh Jhrkhand yesterday,DEW_POINT,ALERT,"[""Bhikhnadih Hazaribagh Jhrkhand""]","[""yesterday""]"
Contrast the wind speed in my feild with Bhokraha,WIND_SPEED,COMPARE,"[""my feild"", ""Bhokraha""]",[]
Notify me about the dhoop around my area on Wednesday plz,SUNSHINE,ALERT,"[""my area""]","[""Wednesday""]"
"Send aleert forcast in Hastnapur, Madhya Pradesh around 7:30 AM",FORECAST,ALERT,"[""Hastnapur, Madhya Pradesh""]","[""7:30 AM""]"
"For Tdiragan and Sukhwasi both, what is the earth temperature on Saturday urgent",SOIL_TEMPERATURE,COMPARE,"[""Tdiragan"", ""Sukhwasi""]","[""Saturday""]"
"where is the soil temp grater, kauadil or kabul khedi, piploda on wednesday?",SOIL_TEMPERATURE,COMPARE,"[""kauadil"", ""kabul khedi, piploda""]","[""wednesday""]"
"want alert for wind spied in rudraprayag, utarakhand on wednesday",WIND_SPEED,ALERT,"[""rudraprayag, utarakhand""]","[""wednesday""]"
Wind beaing alert Kandair Kh. next month,WIND_DIRECTION,ALERT,"[""Kandair Kh.""]","[""next month""]"
Any warnings about low temp in Bhkihnadih Hazaribagh Jharkhand now,TEMPERATURE_MIN,ALERT,"[""Bhkihnadih Hazaribagh Jharkhand""]","[""now""]"
"What's the rain intesnity in Pusapatirega, Vizianagaram, Andhra Pradesh on Saturday",RAIN,GET,"[""Pusapatirega, Vizianagaram, Andhra Pradesh""]","[""Saturday""]"
Compre wnd direction in Kuraljoria vs Mankapur tomorrow evening,WIND_DIRECTION,COMPARE,"[""Kuraljoria"", ""Mankapur""]","[""tomorrow evening""]"
"Sltanpura vs Bhijapara, Dhubri dew leevl tomorrow night",DEW_POINT,COMPARE,"[""Sltanpura"", ""Bhijapara, Dhubri""]","[""tomorrow night""]"
"between barangabiri and burundi, where is the direction wind strongur now?",WIND_DIRECTION,COMPARE,"[""barangabiri"", ""burundi""]","[""now""]"
Compare Kasipur Balasore (Baleshwar) and Upar Biursani extinded forecast,FORECAST,COMPARE,"[""Kasipur Balasore (Baleshwar)"", ""Upar Biursani""]",[]
"bro Let me know if there is a wind force alert in Nagaland, India tmrw",WIND_SPEED,ALERT,"[""Nagaland, India""]","[""tmrw""]"
Cloud desnity gap between Neora Beradangi Chanchal Maldah early morning,CLOUD_COVER,COMPARE,"[""Neora"", ""Beradangi Chanchal Maldah""]","[""early morning""]"
quick prediction check for kadime from 7 am to 9:30 pm,FORECAST,GET,"[""kadime""]","[""7 am to 9:30 pm""]"
Alert me if the wind crosses 40 kmph in Oman right now,WIND_SPEED,ALERT,"[""Oman""]","[""right now""]"
idea about the coldest tamperature in Navapur by 1 am,TEMPERATURE_MIN,GET,"[""Navapur""]","[""1 am""]"
Maiani on Wednesday rain chance?,RAIN,GET,"[""Maiani""]","[""Wednesday""]"
"Message me the where wind is comig from in Niyamoopur, Uttarpradesh at 5 PM",WIND_DIRECTION,ALERT,"[""Niyamoopur, Uttarpradesh""]","[""5 PM""]"
"Hw is which way the wind blows in Panyara Khera, Tikamgarh on Saturday",WIND_DIRECTION,GET,"[""Panyara Khera, Tikamgarh""]","[""Saturday""]"
"Put a reminder for soil moisture at 10 m in Hasanyarpurtihara Kalan, Haryana at 9:15 am",SOIL_MOISTURE,ALERT,"[""Hasanyarpurtihara Kalan, Haryana""]","[""9:15 am""]"
flag the rain my plot this morning,RAIN,ALERT,"[""my plot""]","[""this morning""]"
Show me the hottest tempeature for Pakaria Kalan and Tada,TEMPERATURE_MAX,COMPARE,"[""Pakaria Kalan"", ""Tada""]",[]
"can you tell me the relative moisture in nagaland, india around 8:45 am?",HUMIDITY,GET,"[""nagaland, india""]","[""8:45 am""]"
"Alrt me if coldest changes in Bijaynagar, Ajmer aroind 10 pm",TEMPERATURE_MIN,ALERT,"[""Bijaynagar, Ajmer""]","[""10 pm""]"
"Difference in overnight temperature between Pathrkunwa, Sonbhadra and Chhapia Khas aund 9 pm",TEMPERATURE_MIN,COMPARE,"[""Pathrkunwa, Sonbhadra"", ""Chhapia Khas""]","[""9 pm""]"
Show me the minimum in Bankandi Pauir Garhwal tommorow,TEMPERATURE_MIN,GET,"[""Bankandi Pauir Garhwal""]","[""tommorow""]"
Notify me if it starts raining in Piaplkani on Sunday,RAIN,ALERT,"[""Piaplkani""]","[""Sunday""]"
Warn me about the temperature of soil around 9 pm,SOIL_TEMPERATURE,ALERT,[],"[""9 pm""]"
Let me know if there is a mitti ka taapmaan alert in Mangalvedhe Solapur Maharashtra tonight,SOIL_TEMPERATURE,ALERT,"[""Mangalvedhe Solapur Maharashtra""]","[""tonight""]"
Jammu And Kashmir Idnia ka wheather urgent,CURRENT_CONDITIONS,GET,"[""Jammu And Kashmir Idnia""]",[]
"Whcih is better for weather report, Nandor or Pogalur, Vellore?",FORECAST,COMPARE,"[""Nandor"", ""Pogalur, Vellore""]",[]
Mokha Ka Tonk v/s Semilibencha dewpoit,DEW_POINT,COMPARE,"[""Mokha Ka Tonk"", ""Semilibencha""]",[]
Compre tempreture Dabari Sukma nxt week,TEMPERATURE,COMPARE,"[""Dabari"", ""Sukma""]","[""nxt week""]"
Warn me about gust in Khamawada Khanpur Jhalawar Rajasthan on Monday,WIND_SPEED,ALERT,"[""Khamawada Khanpur Jhalawar Rajasthan""]","[""Monday""]"
Ping me abut the dew point temp in Malhpur tommorow,DEW_POINT,ALERT,"[""Malhpur""]","[""tommorow""]"
"in badpaal, what is the os bindu on monday?",DEW_POINT,GET,"[""badpaal""]","[""monday""]"
bindipur this morning soil teprature?,SOIL_TEMPERATURE,GET,"[""bindipur""]","[""this morning""]"
"For Juda Jatan and Lad Bharol both, what is the peak temperature by 3 pm?",TEMPERATURE_MAX,COMPARE,"[""Juda Jatan"", ""Lad Bharol""]","[""3 pm""]"
"Regardding Gali Bhimaavaram, what is the temp yesterday plz",TEMPERATURE,GET,"[""Gali Bhimaavaram""]","[""yesterday""]"
"is cloudness in akhara, pauri garhwal higher 3:30 pm or 9:54 am?",CLOUD_COVER,COMPARE,"[""akhara, pauri garhwal""]","[""3:30 pm"", ""9:54 am""]"
quickly Tel me the max tempreture for Minache Kh.,TEMPERATURE_MAX,GET,"[""Minache Kh.""]",[]
Tel me hawa ki raftar this evening,WIND_SPEED,GET,[],"[""this evening""]"
"Weather prediction alert Shala Teng Ghat, Srinagar, Jammu And Kashmir arund 4:15 PM",FORECAST,ALERT,"[""Shala Teng Ghat, Srinagar, Jammu And Kashmir""]","[""4:15 PM""]"
need min temperaature for demra,TEMPERATURE_MIN,GET,"[""demra""]",[]
Put a reminder for humidity in Tendumuda now,HUMIDITY,ALERT,"[""Tendumuda""]","[""now""]"
Ping me about the degrees tomorow,TEMPERATURE,ALERT,[],"[""tomorow""]"
tel me where wind is cming from in 82 minutes urgent,WIND_DIRECTION,GET,[],"[""82 minutes""]"
Coluld you let me know the hours of sun in Sarsand?,SUNSHINE,GET,"[""Sarsand""]",[]
Compure the how cold near me with Gundaram Tadwai around 11 AM?,TEMPERATURE,COMPARE,"[""near me"", ""Gundaram Tadwai""]","[""11 AM""]"
Compare the lowest temperature todday at my place with Nao Para Hugli tonight,TEMPERATURE_MIN,COMPARE,"[""my place"", ""Nao Para Hugli""]","[""tonight""]"
Want alert for soil water in Parbhani this weekend,SOIL_MOISTURE,ALERT,"[""Parbhani""]","[""this weekend""]"
What is the soil temperature at 10cm in my farm,SOIL_TEMPERATURE,GET,"[""my farm""]",[]
check the wind blows from this week,WIND_DIRECTION,GET,[],"[""this week""]"
Comapre the taapman nearby with Sandongri for the next 7 days,TEMPERATURE,COMPARE,"[""nearby"", ""Sandongri""]","[""next 7 days""]"
"compre cloud percent in mokha ka tonk vs arajji maphi soana, jakhania day after tomorow",CLOUD_COVER,COMPARE,"[""mokha ka tonk"", ""arajji maphi soana, jakhania""]","[""day after tomorow""]"
Is three any maximum temperature warning in my vilage?,TEMPERATURE_MAX,ALERT,"[""my vilage""]",[]
"rn, what is the nami in sawai madhoupr?",HUMIDITY,GET,"[""sawai madhoupr""]","[""rn""]"
Is the max temp in Jamui diuferent 4:45 AM and 6:30 PM to 10 PM?,TEMPERATURE_MAX,COMPARE,"[""Jamui""]","[""4:45 AM"", ""6:30 PM to 10 PM""]"
Is there any humidity perent warning in my village on Tuesday?,HUMIDITY,ALERT,"[""my village""]","[""Tuesday""]"
Is the wnd speed in Majha Mahripur different tmrw and 3:34 am,WIND_SPEED,COMPARE,"[""Majha Mahripur""]","[""tmrw"", ""3:34 am""]"
"put the overnight temperatre of alabur, ballari against sawai madhopur rajasthan for the next 7 days",TEMPERATURE_MIN,COMPARE,"[""alabur, ballari"", ""sawai madhopur rajasthan""]","[""next 7 days""]"
I need the breze reading for Majurnach on Friday,WIND_SPEED,GET,"[""Majurnach""]","[""Friday""]"
yellanur veruss tuljapur temrature,TEMPERATURE,COMPARE,"[""yellanur"", ""tuljapur""]",[]
"Wich has higher soil temp, Kallahalli or Chikhli, Seoni, Madhya Praddesh aroound 10 pm",SOIL_TEMPERATURE,COMPARE,"[""Kallahalli"", ""Chikhli, Seoni, Madhya Praddesh""]","[""10 pm""]"
What's the dwepoint in Achharaund?,DEW_POINT,GET,"[""Achharaund""]",[]
Need to know sunny hours around 3:05 pm,SUNSHINE,GET,[],"[""3:05 pm""]"
purnia ka humdty,HUMIDITY,GET,"[""purnia""]",[]
urgent how much dew temperatre in taiwan?,DEW_POINT,GET,"[""taiwan""]",[]
Tell me when earth temperature chanegs Titwa at 9:30 pm,SOIL_TEMPERATURE,ALERT,"[""Titwa""]","[""9:30 pm""]"
Compare the cloud cover in my village with Tokrapara Gaon Pt.ii in 15 minutes,CLOUD_COVER,COMPARE,"[""my village"", ""Tokrapara Gaon Pt.ii""]","[""15 minutes""]"
Plz alert long range forecast Barkhedi nxt week,FORECAST,ALERT,"[""Barkhedi""]","[""nxt week""]"
put the soil temprature here against tekulpahad from 8:30 am to 12:30 pm,SOIL_TEMPERATURE,COMPARE,"[""here"", ""tekulpahad""]","[""8:30 am to 12:30 pm""]"
"ganga param, bihar vs missouri heat lvel",TEMPERATURE,COMPARE,"[""ganga param, bihar"", ""missouri""]",[]
"This evening, alert me about the air temperature in Singha, Sabar Kantha",TEMPERATURE,ALERT,"[""Singha, Sabar Kantha""]","[""This evening""]"
"tell me the wind force for mamsha patti, burhanpur this weekend",WIND_SPEED,GET,"[""mamsha patti, burhanpur""]","[""this weekend""]"
Should i worry about the actual temperature in Tola Khuranda by 9 PM,TEMPERATURE,ALERT,"[""Tola Khuranda""]","[""9 PM""]"
What's the min temprature in Khaballu F V on Friday?,TEMPERATURE_MIN,GET,"[""Khaballu F V""]","[""Friday""]"
Set an alert for wind comes from in Chhapia Khas Bhanpur tmrw,WIND_DIRECTION,ALERT,"[""Chhapia Khas Bhanpur""]","[""tmrw""]"
"Regarding Dakshin Panialguri, what is the perdiction today",FORECAST,GET,"[""Dakshin Panialguri""]","[""today""]"
sir Check the weahter for next days in my feild from 9 AM to 11 AM,FORECAST,GET,"[""my feild""]","[""9 AM to 11 AM""]"
Check the heat level in Baupal by midnight,TEMPERATURE,GET,"[""Baupal""]","[""midnight""]"
"check the weather situation in darola, bilaspur",CURRENT_CONDITIONS,GET,"[""darola, bilaspur""]",[]
Will there be low clouds in Rajahmundry tonight?,CLOUD_COVER,GET,"[""Rajahmundry""]","[""tonight""]"
wat is soil moieture at 10cm in my farm at 9:30 am,SOIL_MOISTURE,GET,"[""my farm""]","[""9:30 am""]"
Give me the minimum temprature for Hetale,TEMPERATURE_MIN,GET,"[""Hetale""]",[]
"put the housr of sunlight of situnvalur, thiruvarur against udam singh nagar on monday",SUNSHINE,COMPARE,"[""situnvalur, thiruvarur"", ""udam singh nagar""]","[""monday""]"
Want alert for lwoest temperature in Kuchaura Gangbarar right now,TEMPERATURE_MIN,ALERT,"[""Kuchaura Gangbarar""]","[""right now""]"
warn me aeout the dhoop in this area later today,SUNSHINE,ALERT,"[""this area""]","[""later today""]"
What is the soil tempreture in Mandaria day after tomorow?,SOIL_TEMPERATURE,GET,"[""Mandaria""]","[""day after tomorow""]"
Do you have the tempeaature data for Bhundmiuhan?,TEMPERATURE,GET,"[""Bhundmiuhan""]",[]
set an alrt for wind speed on wednesday,WIND_SPEED,ALERT,[],"[""wednesday""]"
riase an alarm if the weather now looks bad in yellanur andhra pradesh on monday,CURRENT_CONDITIONS,ALERT,"[""yellanur andhra pradesh""]","[""monday""]"
I want to know the upcoming weather in Anteshwar tmrw..,FORECAST,GET,"[""Anteshwar""]","[""tmrw""]"
"Soil moistur gap beetween Khapa Nagpur and Shripur, Dianolti, Tehri Garhwal tomorrow evening?",SOIL_MOISTURE,COMPARE,"[""Khapa Nagpur"", ""Shripur, Dianolti, Tehri Garhwal""]","[""tomorrow evening""]"
Nilapalli Khordha Odisha ka heat on Sunday,TEMPERATURE,GET,"[""Nilapalli Khordha Odisha""]","[""Sunday""]"
"compare soil temperature narsinghpura, digod hastnapur, madhya pradesh today",SOIL_TEMPERATURE,COMPARE,"[""narsinghpura, digod"", ""hastnapur, madhya pradesh""]","[""today""]"
"Cloud denisty in Wara Pohwindian and Minache Kh., which is better?",CLOUD_COVER,COMPARE,"[""Wara Pohwindian"", ""Minache Kh.""]",[]
how much hawa ki rftar?,WIND_SPEED,GET,[],[]
Show me the directin wind for Bangada and Baoun day after tomorow,WIND_DIRECTION,COMPARE,"[""Bangada"", ""Baoun""]","[""day after tomorow""]"
Contrast hawa ki disha in my feidl with Ichhapur this afternoon,WIND_DIRECTION,COMPARE,"[""my feidl"", ""Ichhapur""]","[""this afternoon""]"
"Which has higher cuernt temp, Aheoha or Mairi yesterday?",TEMPERATURE,COMPARE,"[""Aheoha"", ""Mairi""]","[""yesterday""]"
is there any soil heat warning tmrw?,SOIL_TEMPERATURE,ALERT,[],"[""tmrw""]"
overcast level alert billarua on sunday,CLOUD_COVER,ALERT,"[""billarua""]","[""sunday""]"
check the wind blows from in hardwa ka khera on saturday,WIND_DIRECTION,GET,"[""hardwa ka khera""]","[""saturday""]"
"keep me posted on the gusts in akhara, pauri garhwal next month",WIND_SPEED,ALERT,"[""akhara, pauri garhwal""]","[""next month""]"
"wats the wether looking like in kampaniguma, khariar from 10 am to 11 am?",CURRENT_CONDITIONS,GET,"[""kampaniguma, khariar""]","[""10 am to 11 am""]"
Warn me abotu the dewpoint in Jetpura tmrw,DEW_POINT,ALERT,"[""Jetpura""]","[""tmrw""]"
What is the rain day after tomorrow in Baleshwar Sadar?,RAIN,GET,"[""Baleshwar Sadar""]","[""day after tomorrow""]"
mesasge me the min temprature in dwarahat almora this weekend,TEMPERATURE_MIN,ALERT,"[""dwarahat almora""]","[""this weekend""]"
What will the weather be like tomorrow in Denver?,FORECAST,GET,"[""Denver""]","[""tomorrow""]"
Ping me about the sunlight hours around my area today,SUNSHINE,ALERT,"[""my area""]","[""today""]"
pls Is there a weather waning for Rasunchak on Friday?,CURRENT_CONDITIONS,ALERT,"[""Rasunchak""]","[""Friday""]"
Is there any overnight temperature warning by 3 pm?,TEMPERATURE_MIN,ALERT,[],"[""3 pm""]"
Whts how cloudy in Sultapura around 9 pm,CLOUD_COVER,GET,"[""Sultapura""]","[""9 pm""]"
"compare the dew nearby with hasanyarpurtihara kalan, haryana by 9 pm",DEW_POINT,COMPARE,"[""nearby"", ""hasanyarpurtihara kalan, haryana""]","[""9 pm""]"
Contrast the where wind is coming from in my feild with Serbia rn,WIND_DIRECTION,COMPARE,"[""my feild"", ""Serbia""]","[""rn""]"
Wat is ground heat today?,SOIL_TEMPERATURE,GET,[],"[""today""]"
in 60 minutes wind velocity figuers for cuttack,WIND_SPEED,GET,"[""cuttack""]","[""60 minutes""]"
Send alert taapman in Tahliwala Jattan from 4:30 AM to 8:30 AM,TEMPERATURE,ALERT,"[""Tahliwala Jattan""]","[""4:30 AM to 8:30 AM""]"
notifiy me about the dew level in bandarchuan tomorrow night,DEW_POINT,ALERT,"[""bandarchuan""]","[""tomorrow night""]"
"from 10 am to 11 am, alert me about the sunlite sahapur",SUNSHINE,ALERT,"[""sahapur""]","[""10 am to 11 am""]"
Ping me abuot the temperature now,TEMPERATURE,ALERT,[],[]
"which has higher cluod percent, thamalapura or sheopur next weekend?",CLOUD_COVER,COMPARE,"[""thamalapura"", ""sheopur""]","[""next weekend""]"
How much grround temp in my farm at 9:30 am..,SOIL_TEMPERATURE,GET,"[""my farm""]","[""9:30 am""]"
"Send me an alert if the hawa ki disha is unusual in Roond Naruna, Dig this week",WIND_DIRECTION,ALERT,"[""Roond Naruna, Dig""]","[""this week""]"
How does the maximum temperature in my vilage coepare with Dihri by midnight?,TEMPERATURE_MAX,COMPARE,"[""my vilage"", ""Dihri""]","[""midnight""]"
Whats up with the brigght sunshine in Syaat?,SUNSHINE,GET,"[""Syaat""]",[]
"Put the soil tempeature at 10cm in my farm against Bahuara, Buxar last week",SOIL_TEMPERATURE,COMPARE,"[""my farm"", ""Bahuara, Buxar""]","[""last week""]"
Can i sow in Kahar Para?,SOIL_TEMPERATURE,GET,"[""Kahar Para""]",[]
How much bright sunsihne around here tommorow?,SUNSHINE,GET,"[""here""]","[""tommorow""]"
warn me if the tempeature fallls below 10 degrees in sukma in 30 minutes,TEMPERATURE_MIN,ALERT,"[""sukma""]","[""30 minutes""]"
put the air moisture in my plot against gadhinagar on monday,HUMIDITY,COMPARE,"[""my plot"", ""gadhinagar""]","[""monday""]"
Flag tempature at my location yesterday,TEMPERATURE,ALERT,"[""my location""]","[""yesterday""]"
Cloud amount aleert Kare Rampur?!,CLOUD_COVER,ALERT,"[""Kare Rampur""]",[]
Set an alert for sunshine in our village next weekend,SUNSHINE,ALERT,"[""our village""]","[""next weekend""]"
Flag the peak temperature 2nite,TEMPERATURE_MAX,ALERT,[],"[""2nite""]"
"is the overnight teemperature in khabalu f v, north lakhimpur hgiher 10 am to 11 am or 9 pm?",TEMPERATURE_MIN,COMPARE,"[""khabalu f v, north lakhimpur""]","[""10 am to 11 am"", ""9 pm""]"
Max temp Maurabandhi East Singhbhhum tomorrow night pls?!,TEMPERATURE_MAX,GET,"[""Maurabandhi East Singhbhhum""]","[""tomorrow night""]"
How is the baadl in Oman?,CLOUD_COVER,GET,"[""Oman""]",[]
need climatte righht now for odakapa 2nite,CURRENT_CONDITIONS,GET,"[""odakapa""]","[""2nite""]"
Could you cheeck the sohwers in my feild?,RAIN,GET,"[""my feild""]",[]
Notify me about the weather in our village tomorrow morning,CURRENT_CONDITIONS,ALERT,"[""our village""]","[""tomorrow morning""]"
whats the nami lokoing like in bandliguda for the next 7 days?,HUMIDITY,GET,"[""bandliguda""]","[""next 7 days""]"
"Is there any dew temperature warning for Odha, Mainpur tonight",DEW_POINT,ALERT,"[""Odha, Mainpur""]","[""tonight""]"
is the cloud cover in kachnoda higher 3:05 pm or later today?,CLOUD_COVER,COMPARE,"[""kachnoda""]","[""3:05 pm"", ""later today""]"
Cloud coverage Pakaria Kalan tmrw pls,CLOUD_COVER,GET,"[""Pakaria Kalan""]","[""tmrw""]"
"Soil temp gap beween Matihania Khurd, Kushinagar and San Pedro on Sunday",SOIL_TEMPERATURE,COMPARE,"[""Matihania Khurd, Kushinagar"", ""San Pedro""]","[""Sunday""]"
Alert me if sunshine hours drop in Nagapattinam in the next 3 hours urgent,SUNSHINE,ALERT,"[""Nagapattinam""]","[""next 3 hours""]"
Inform me if temprtaure bad Bausi by 11 am,TEMPERATURE,ALERT,"[""Bausi""]","[""11 am""]"
"Pusapatirega verses Chhirhati, Sohagpur, Shahdol, Madhya Pradesh actul temperature early morning",TEMPERATURE,COMPARE,"[""Pusapatirega"", ""Chhirhati, Sohagpur, Shahdol, Madhya Pradesh""]","[""early morning""]"
Tell diffrence daliy forecast Mariahu Tamil Nadu India on Tuesday,FORECAST,COMPARE,"[""Mariahu"", ""Tamil Nadu India""]","[""Tuesday""]"
Whhats up with the maximum temperature in Sandongri?,TEMPERATURE_MAX,GET,"[""Sandongri""]",[]
"for south andaman and chalkusha, jharkhand both, what is the hghest temp on sunday?",TEMPERATURE_MAX,COMPARE,"[""south andaman"", ""chalkusha, jharkhand""]","[""sunday""]"
"Set an alart for current temp in Bahuara, Buxar on Wednesday",TEMPERATURE,ALERT,"[""Bahuara, Buxar""]","[""Wednesday""]"
Remind me to chek the ground temp in Nagla Harrsukha yesterday,SOIL_TEMPERATURE,ALERT,"[""Nagla Harrsukha""]","[""yesterday""]"
Plz alert temperature of soil Dhemdhema Pt.i Bilasipara Circle on Saturday,SOIL_TEMPERATURE,ALERT,"[""Dhemdhema Pt.i Bilasipara Circle""]","[""Saturday""]"
"kaligari vrses mundla chawal, raisen dew level at 7 pm",DEW_POINT,COMPARE,"[""kaligari"", ""mundla chawal, raisen""]","[""7 pm""]"
"Compare the soil temp in my vilage with Barauta, Nawada next week",SOIL_TEMPERATURE,COMPARE,"[""my vilage"", ""Barauta, Nawada""]","[""next week""]"
Wich has more wind speede Ichhapur or Chak Maircha bro,WIND_SPEED,COMPARE,"[""Ichhapur"", ""Chak Maircha""]",[]
Compare the wind blows from around my area with Praina,WIND_DIRECTION,COMPARE,"[""my area"", ""Praina""]",[]
Quick cloudy check for Jujuy tmrw,CLOUD_COVER,GET,"[""Jujuy""]","[""tmrw""]"
How is the wind heading in my farm in the next 4 hours?,WIND_DIRECTION,GET,"[""my farm""]","[""next 4 hours""]"
"Compare humiddity percent Simra Bhata Nivari Madhya Pradesh Lasoodlya Pata, Narsinghgarh around 7 PM",HUMIDITY,COMPARE,"[""Simra Bhata Nivari Madhya Pradesh"", ""Lasoodlya Pata, Narsinghgarh""]","[""7 PM""]"
How does the barish in my plot commpare with Bamorth,RAIN,COMPARE,"[""my plot"", ""Bamorth""]",[]
Is there any max tempietue warning right now?,TEMPERATURE_MAX,ALERT,[],"[""right now""]"
Warn me abot the sun here at 1:30 am,SUNSHINE,ALERT,"[""here""]","[""1:30 am""]"
how does the weaher outlook in my field compare with dulidih by 2 am,FORECAST,COMPARE,"[""my field"", ""dulidih""]","[""2 am""]"
"Comuare probability of rain in Iowa, United States vs Panyara Khera, Tikamgarh today",RAIN,COMPARE,"[""Iowa, United States"", ""Panyara Khera, Tikamgarh""]","[""today""]"
How does cloud cover around here compare with Mangalvedhe Solapur Maharashttra during the sowing week?,CLOUD_COVER,COMPARE,"[""here"", ""Mangalvedhe Solapur Maharashttra""]","[""sowing week""]"
Contrast the minimum tempreature my field with Niranjan Chak,TEMPERATURE_MIN,COMPARE,"[""my field"", ""Niranjan Chak""]",[]
what the min temperature in panyara khera?,TEMPERATURE_MIN,GET,"[""panyara khera""]",[]
Do you have the rain intensity data for Baruttar Hingli now?,RAIN,GET,"[""Baruttar Hingli""]","[""now""]"
", alert me about the ground temperature in sandonngri",SOIL_TEMPERATURE,ALERT,"[""sandonngri""]",[]
Quick sunny chheck for Badhaiya next weekend,SUNSHINE,GET,"[""Badhaiya""]","[""next weekend""]"
comprae the sun duration in this area with mangalvedhe by 10 pm,SUNSHINE,COMPARE,"[""this area"", ""mangalvedhe""]","[""10 pm""]"
"the ground too cold in Pura, Chandauli, Uttarpradesh this evening?",SOIL_TEMPERATURE,GET,"[""Pura, Chandauli, Uttarpradesh""]","[""this evening""]"
Ping me about the weather for next days around 3:05 pm,FORECAST,ALERT,[],"[""3:05 pm""]"
"is the windy in kedru pur, alapur differnet 12 pm and last week?",WIND_SPEED,COMPARE,"[""kedru pur, alapur""]","[""12 pm"", ""last week""]"
how duz the wind bearing in beradangi chanchal maldah compare with kothur by midnight?!,WIND_DIRECTION,COMPARE,"[""beradangi chanchal maldah"", ""kothur""]","[""midnight""]"
Tell me when day high changes Pooshina later today,TEMPERATURE_MAX,ALERT,"[""Pooshina""]","[""later today""]"
Raise an alarm if the sunnlite looks bad in Gomundi by 12 AM,SUNSHINE,ALERT,"[""Gomundi""]","[""12 AM""]"
amaja and itapa highest temperaturre today this week,TEMPERATURE_MAX,COMPARE,"[""amaja"", ""itapa""]","[""this week""]"
"Comare the badal between Jharkhand, India and Kotpad last week",CLOUD_COVER,COMPARE,"[""Jharkhand, India"", ""Kotpad""]","[""last week""]"
difference in wind between khamarpara and kiribera at 7 pm,WIND_SPEED,COMPARE,"[""khamarpara"", ""kiribera""]","[""7 pm""]"
"Comper the moisture in the air in my field with Ramuapur, Misrik, Sitapur, Uttarpradesh now",HUMIDITY,COMPARE,"[""my field"", ""Ramuapur, Misrik, Sitapur, Uttarpradesh""]","[""now""]"
Notify me if it starts raining in Senduras this evening,RAIN,ALERT,"[""Senduras""]","[""this evening""]"
Inform me if dew point temperature bad in Nilpalli,DEW_POINT,ALERT,"[""Nilpalli""]",[]
Coompare wind blows from in my feild with Fatehgarh Sahib,WIND_DIRECTION,COMPARE,"[""my feild"", ""Fatehgarh Sahib""]",[]
Contrast the direction wind around here with Kahar Para Bapeta by midnight?!,WIND_DIRECTION,COMPARE,"[""here"", ""Kahar Para Bapeta""]","[""midnight""]"
"Wat is the min temprature in Dhaand, Amer?",TEMPERATURE_MIN,GET,"[""Dhaand, Amer""]",[]
Tel me the maaixmum for Varadayyapalem by midnight,TEMPERATURE_MAX,GET,"[""Varadayyapalem""]","[""midnight""]"
Put the weekly wuather at my place against Jummahal Pt Ii in 15 minutes,FORECAST,COMPARE,"[""my place"", ""Jummahal Pt Ii""]","[""15 minutes""]"
What is the soil temp at 10cm in Hyderabad?,SOIL_TEMPERATURE,GET,"[""Hyderabad""]",[]
"Raise an alarm if wind speed forecast loks bad in Navsari, Gujarat by 4:30 AM",WIND_SPEED,ALERT,"[""Navsari, Gujarat""]","[""4:30 AM""]"
Put a reminder for due poit in Chakrihee nxt week,DEW_POINT,ALERT,"[""Chakrihee""]","[""nxt week""]"
Whts dewpoint temperature in Israel this morning,DEW_POINT,GET,"[""Israel""]","[""this morning""]"
Shi Rajpru ka maximum temperature,TEMPERATURE_MAX,GET,"[""Shi Rajpru""]",[]
"In Togo, what is the direcaon wind",WIND_DIRECTION,GET,"[""Togo""]",[]
Weather report Chandigarh pls,FORECAST,GET,"[""Chandigarh""]",[]
Wat is the strm in Chandsora 2day?,RAIN,GET,"[""Chandsora""]","[""2day""]"
"is any dewpoit advisory issued chewarpurab, lalganj next month?",DEW_POINT,ALERT,"[""chewarpurab, lalganj""]","[""next month""]"
"How does gust in Ghusrum cmpare with Seoai Kalan, Chatra by 12 pm?",WIND_SPEED,COMPARE,"[""Ghusrum"", ""Seoai Kalan, Chatra""]","[""12 pm""]"
Notfy me about the day high during the sowing week,TEMPERATURE_MAX,ALERT,[],"[""sowing week""]"
Kindly share the coldest temperature for Doddahjjaji at 7:15 PM,TEMPERATURE_MIN,GET,"[""Doddahjjaji""]","[""7:15 PM""]"
Inform me if wnd direction bad in Joharaur around 3:05 pm?!,WIND_DIRECTION,ALERT,"[""Joharaur""]","[""3:05 pm""]"
Plz aert daytime teperature Sangrur in 49 minutes,TEMPERATURE_MAX,ALERT,"[""Sangrur""]","[""49 minutes""]"
want to know os bindu gtohani,DEW_POINT,GET,"[""gtohani""]",[]
Ping me about the feels like temperature in my village next month,TEMPERATURE,ALERT,"[""my village""]","[""next month""]"
Kohimma by 9 PM wind bloows from?,WIND_DIRECTION,GET,"[""Kohimma""]","[""9 PM""]"
What will the forast be in Piplya Buzurg??,FORECAST,GET,"[""Piplya Buzurg""]",[]
"miinmum in mithwal buzurg siddharthnagar uttarpradesh and panposh tomorrow night, which is better?",TEMPERATURE_MIN,COMPARE,"[""mithwal buzurg siddharthnagar uttarpradesh"", ""panposh""]","[""tomorrow night""]"
"Gusst in Turnal, Dewas next week",WIND_SPEED,GET,"[""Turnal, Dewas""]","[""next week""]"
kindly Warn me about the wind intensity next month,WIND_SPEED,ALERT,[],"[""next month""]"
Boeeze Pusapatirega for the next 3 days pls,WIND_SPEED,GET,"[""Pusapatirega""]","[""next 3 days""]"
is the solar radiation higher in teki patti or in chandarpur on wednesday?!,SUNSHINE,COMPARE,"[""teki patti"", ""chandarpur""]","[""wednesday""]"
tell me the gust by midnight,WIND_SPEED,GET,[],"[""midnight""]"
flag the air moisturre near by right now,HUMIDITY,ALERT,"[""near by""]","[""right now""]"
Put the nighttime low in this area against Saroornagar tonight,TEMPERATURE_MIN,COMPARE,"[""this area"", ""Saroornagar""]","[""tonight""]"
Flag the sun duraion for Kinaidih on Saturday,SUNSHINE,ALERT,"[""Kinaidih""]","[""Saturday""]"
Whts current conditions in Mungaha,CURRENT_CONDITIONS,GET,"[""Mungaha""]",[]
"Highest temperature today gap between Ahesha and Thirumalayapalem, Telangana yesterday",TEMPERATURE_MAX,COMPARE,"[""Ahesha"", ""Thirumalayapalem, Telangana""]","[""yesterday""]"
flag the how is the weather in my vialge by 8:30 am,CURRENT_CONDITIONS,ALERT,"[""my vialge""]","[""8:30 am""]"
cntrast the hawa ki disha here with bhamni kalan shahdol early morning,WIND_DIRECTION,COMPARE,"[""here"", ""bhamni kalan shahdol""]","[""early morning""]"
"Do you have the forcast data for Naran Khera, Bhilwaara tomorrow?",FORECAST,GET,"[""Naran Khera, Bhilwaara""]","[""tomorrow""]"
how the dew temperature in burundi day after tomorrow?,DEW_POINT,GET,"[""burundi""]","[""day after tomorrow""]"
quick soil moisture at 40 m check for samangaon ahamadnagar for the next 7 days,SOIL_MOISTURE,GET,"[""samangaon ahamadnagar""]","[""next 7 days""]"
is there any moiture at 40cm warning by 7:20 am?,SOIL_MOISTURE,ALERT,[],"[""7:20 am""]"
Flag the wind dirceton for Dhaunramal tommorow,WIND_DIRECTION,ALERT,"[""Dhaunramal""]","[""tommorow""]"
"Which is bettre for rian, Indlaor or Ramuapur?",RAIN,COMPARE,"[""Indlaor"", ""Ramuapur""]",[]
Whats up with the wind speed forecast in Nowgong later today,WIND_SPEED,GET,"[""Nowgong""]","[""later today""]"
Wind flow direction alert Odha durig the sowing week,WIND_DIRECTION,ALERT,"[""Odha""]","[""sowing week""]"
How duz the soil moisture in Sonamura compare with Kothur Tiruppattur?,SOIL_MOISTURE,COMPARE,"[""Sonamura"", ""Kothur Tiruppattur""]",[]
wich has more weeather anteshwar or budhakhamana,CURRENT_CONDITIONS,COMPARE,"[""anteshwar"", ""budhakhamana""]",[]
"Is it goiing to rain gap between Khani Upperli Kangra and Sadar, West Tripuar",RAIN,COMPARE,"[""Khani Upperli Kangra"", ""Sadar, West Tripuar""]",[]
Is there any soil temperature warning in my filed tmrw?,SOIL_TEMPERATURE,ALERT,"[""my filed""]","[""tmrw""]"
overcast lalpura barh patna tomorrow morning pls,CLOUD_COVER,GET,"[""lalpura barh patna""]","[""tomorrow morning""]"
Update me on the rain probabillity in Duvvada tonight,RAIN,GET,"[""Duvvada""]","[""tonight""]"
alert me if the wind croses 40 kmph in abdalpur pipra on sunday,WIND_SPEED,ALERT,"[""abdalpur pipra""]","[""sunday""]"
"In Laro, what is the rian arond 7:30 AM?",RAIN,GET,"[""Laro""]","[""7:30 AM""]"
How windy Neora by 8:30 AM,WIND_SPEED,GET,"[""Neora""]","[""8:30 AM""]"
Is it going to rain gap between San Pedro and Dhaunrramal on Saturday,RAIN,COMPARE,"[""San Pedro"", ""Dhaunrramal""]","[""Saturday""]"
How does the moisture in the soil Painada Modarpur comare with Khadikapada nxt week,SOIL_MOISTURE,COMPARE,"[""Painada Modarpur"", ""Khadikapada""]","[""nxt week""]"
compare the sky covr here with b koduru andhra pradesh this morning,CLOUD_COVER,COMPARE,"[""here"", ""b koduru andhra pradesh""]","[""this morning""]"
What's the dew around my area on Friday,DEW_POINT,GET,"[""my area""]","[""Friday""]"
Plz alert sunny hours Sawai Madhopur,SUNSHINE,ALERT,"[""Sawai Madhopur""]",[]
Warn abut the gust speed around here at 9:30 am,WIND_SPEED,ALERT,"[""here""]","[""9:30 am""]"
Difference in daytime high betwen Ladi Angan Baramula and Nauli this morning,TEMPERATURE_MAX,COMPARE,"[""Ladi Angan Baramula"", ""Nauli""]","[""this morning""]"
contrsat the direction of the wind at my location with mampur tmrw,WIND_DIRECTION,COMPARE,"[""my location"", ""mampur""]","[""tmrw""]"
tell diffrence precpiitation chance fatehabad abhayakuti rn,RAIN,COMPARE,"[""fatehabad"", ""abhayakuti""]","[""rn""]"
Is there any dew poitn temp warning?,DEW_POINT,ALERT,[],[]
"Regarding Chak Daulat, what is dizzle at 1:30 am",RAIN,GET,"[""Chak Daulat""]","[""1:30 am""]"
Humity Pennagaram vs Nilapalli on Tuesday,HUMIDITY,COMPARE,"[""Pennagaram"", ""Nilapalli""]","[""Tuesday""]"
put the precipitation aomunt in my plot against teki patti rn,RAIN,COMPARE,"[""my plot"", ""teki patti""]","[""rn""]"
"Soil moisture at 10 m aert Par Shibpur, West Bengal this morning",SOIL_MOISTURE,ALERT,"[""Par Shibpur, West Bengal""]","[""this morning""]"
Compare the hawa ki disha in Cuttak Odisha between 4:15 am to 3:30 pm and 60 minutes,WIND_DIRECTION,COMPARE,"[""Cuttak Odisha""]","[""4:15 am to 3:30 pm"", ""60 minutes""]"
"send alert wnd direciton in panyara khera, tikamgahr",WIND_DIRECTION,ALERT,"[""panyara khera, tikamgahr""]",[]
Coued you let me know the soil wetness in Reechhoti from 10 AM to 11 am?,SOIL_MOISTURE,GET,"[""Reechhoti""]","[""10 AM to 11 am""]"
"notifiy me about the sun in awadah khas, lalganj today",SUNSHINE,ALERT,"[""awadah khas, lalganj""]","[""today""]"
Give me the overinght temperaoure for Dabari by 2 AM,TEMPERATURE_MIN,GET,"[""Dabari""]","[""2 AM""]"
", what is the relative moisture in Bijayngar?",HUMIDITY,GET,"[""Bijayngar""]",[]
How duz the max temperature in Reechhoti compare with Konijerla on Saturday,TEMPERATURE_MAX,COMPARE,"[""Reechhoti"", ""Konijerla""]","[""Saturday""]"
Set an alart for tapmaan in Ananhtapur in the next 4 hours,TEMPERATURE,ALERT,"[""Ananhtapur""]","[""next 4 hours""]"
"Heat in Gourdih and Patti Khurd rn, which is bettter plz",TEMPERATURE,COMPARE,"[""Gourdih"", ""Patti Khurd""]","[""rn""]"
"sitalpur kakrahta, hajipur tmrw maxmum temprature?",TEMPERATURE_MAX,GET,"[""sitalpur kakrahta, hajipur""]","[""tmrw""]"
Remind me to check the earth temperature in Teki Patti right now,SOIL_TEMPERATURE,ALERT,"[""Teki Patti""]","[""right now""]"
Is the cloud cover percentage in Boocha Gara Safipur different 49 minutes and Wednesday?,CLOUD_COVER,COMPARE,"[""Boocha Gara Safipur""]","[""49 minutes"", ""Wednesday""]"
What's the field moitsure Dwitikrishnapur this morning?,SOIL_MOISTURE,GET,"[""Dwitikrishnapur""]","[""this morning""]"
give mooisture at 40cm medaveedu vishakhapatnam during the sowing week,SOIL_MOISTURE,GET,"[""medaveedu vishakhapatnam""]","[""sowing week""]"
"soil temprtaure janegaon, kej pls",SOIL_TEMPERATURE,GET,"[""janegaon, kej""]",[]
"Jhuratarai vs Magur Jan Milik, Purnia minium",TEMPERATURE_MIN,COMPARE,"[""Jhuratarai"", ""Magur Jan Milik, Purnia""]",[]
Notify me abotu the wind rate around my area next weekend,WIND_SPEED,ALERT,"[""my area""]","[""next weekend""]"
What is the prediction in Kawadpialle?,FORECAST,GET,"[""Kawadpialle""]",[]
Show me the humididty for Gerai Ki Guwari and Kachnoda on Wednesday,HUMIDITY,COMPARE,"[""Gerai Ki Guwari"", ""Kachnoda""]","[""Wednesday""]"
"Put the predictions at my location against Motlapalle, Jayashankar Bhupalapally for the next 7 days",FORECAST,COMPARE,"[""my location"", ""Motlapalle, Jayashankar Bhupalapally""]","[""next 7 days""]"
Ping me about the rain intnsity in my vilage tomorrow morning,RAIN,ALERT,"[""my vilage""]","[""tomorrow morning""]"
Wind velocity at my place,WIND_SPEED,GET,"[""my place""]",[]
"put the whee wind is coming from at my location against pisad, bharuch next weekend",WIND_DIRECTION,COMPARE,"[""my location"", ""pisad, bharuch""]","[""next weekend""]"
"Which is better for week ahead frecast, Puducherry or B Koduru Andhra Pradesh?",FORECAST,COMPARE,"[""Puducherry"", ""B Koduru Andhra Pradesh""]",[]
Nurpur Mubarakpru and Yaval humiidty level tomorrow evening,HUMIDITY,COMPARE,"[""Nurpur Mubarakpru"", ""Yaval""]","[""tomorrow evening""]"
Notfy about the rain amount from 9 AM to 11 AM,RAIN,ALERT,[],"[""9 AM to 11 AM""]"
flag the high temp in my feild this weekend..,TEMPERATURE_MAX,ALERT,"[""my feild""]","[""this weekend""]"
ping me about the maximum in janeegaon on wednesday,TEMPERATURE_MAX,ALERT,"[""janeegaon""]","[""wednesday""]"
"day after tomorow, what is the os bindu in kadiee?",DEW_POINT,GET,"[""kadiee""]","[""day after tomorow""]"
tel me the max tempertaure for rawwani pur nxt week,TEMPERATURE_MAX,GET,"[""rawwani pur""]","[""nxt week""]"
what's the low temp in tuljapur?,TEMPERATURE_MIN,GET,"[""tuljapur""]",[]
Update me on the wind heading in Khudra Dingdingi from 2 am to 7 AM,WIND_DIRECTION,GET,"[""Khudra Dingdingi""]","[""2 am to 7 AM""]"
ping me about the highest temperature today in thanpra,TEMPERATURE_MAX,ALERT,"[""thanpra""]",[]
"whats the lowest temp looking like in navsari, gujarat?",TEMPERATURE_MIN,GET,"[""navsari, gujarat""]",[]
set an alerrt for how hot rn,TEMPERATURE,ALERT,[],"[""rn""]"
"Contrast the vaatvaranam nearby with Maira Dhaj, Nagaon, Assam on Saturday urgent",CURRENT_CONDITIONS,COMPARE,"[""nearby"", ""Maira Dhaj, Nagaon, Assam""]","[""Saturday""]"
notiffy about the soolar radiation,SUNSHINE,ALERT,[],[]
"diffrence in wind heading between farhalouki, ballia, uttarpradesh and budhel, gujarat next month",WIND_DIRECTION,COMPARE,"[""farhalouki, ballia, uttarpradesh"", ""budhel, gujarat""]","[""next month""]"
"Weekly weather Oman or Sitalpur Kakrahta, Hajipur",FORECAST,COMPARE,"[""Oman"", ""Sitalpur Kakrahta, Hajipur""]",[]
"contrast the soil moisure in my plot with bhodua, jaelswar on sunday",SOIL_MOISTURE,COMPARE,"[""my plot"", ""bhodua, jaelswar""]","[""sunday""]"
Let me know if tere is a max temp aletr in Jhalon Ki Madar Khamnor 2day,TEMPERATURE_MAX,ALERT,"[""Jhalon Ki Madar Khamnor""]","[""2day""]"
"want to know heayv rain mississippi, united statse on wednesday",RAIN,GET,"[""mississippi, united statse""]","[""wednesday""]"
Tell dfifrence dew point Naysatra Kesaibahal on Friday,DEW_POINT,COMPARE,"[""Naysatra"", ""Kesaibahal""]","[""Friday""]"
give soil temperature at 40cm neora japlaiguri tomorrow,SOIL_TEMPERATURE,GET,"[""neora japlaiguri""]","[""tomorrow""]"
difference in soil moisture at 40 m bewteen bajampur and ladi angan tomorrow morning,SOIL_MOISTURE,COMPARE,"[""bajampur"", ""ladi angan""]","[""tomorrow morning""]"
"put the cloud cover percentage in my village aguinst majurnach, kathikund, demka..",CLOUD_COVER,COMPARE,"[""my village"", ""majurnach, kathikund, demka""]",[]
Ping about the raining from 9:43 am to 1 PM,RAIN,ALERT,[],"[""9:43 am to 1 PM""]"
Will I need an umbrella in Vancouver?,RAIN,GET,"[""Vancouver""]",[]
Tell me the raining for Mnkapur yesterday,RAIN,GET,"[""Mnkapur""]","[""yesterday""]"
copaer the soil moisture my farm with kumbhara next month,SOIL_MOISTURE,COMPARE,"[""my farm"", ""kumbhara""]","[""next month""]"
what is humiid by 9:45 pm?,HUMIDITY,GET,[],"[""9:45 pm""]"
What is the dew point forecast for Chicago tomorrow?,DEW_POINT,GET,"[""Chicago""]","[""tomorrow""]"
compare the weich way the wind blows in my vilage with bhawani khera fatehabad now,WIND_DIRECTION,COMPARE,"[""my vilage"", ""bhawani khera fatehabad""]","[""now""]"
Set an alert for soil moioture at 40 m near by at 10:30 AM,SOIL_MOISTURE,ALERT,"[""near by""]","[""10:30 AM""]"
"Sheorajpur v/s Maharaja, Jagdishpur moisture lveel 2day pls",HUMIDITY,COMPARE,"[""Sheorajpur"", ""Maharaja, Jagdishpur""]","[""2day""]"
Wat is the weaather outlook in Idappadi this weekend?,FORECAST,GET,"[""Idappadi""]","[""this weekend""]"
Set alert for weather forecast in this area around 9 pm,FORECAST,ALERT,"[""this area""]","[""9 pm""]"
i need humidty redaing this evening,HUMIDITY,GET,[],"[""this evening""]"
Can you tell me the wind gusts in Gondur around 3:34 am?,WIND_SPEED,GET,"[""Gondur""]","[""3:34 am""]"
"Raise an alarm if the wind bearing loosk bad in Devapar, Santkabirnagar rn",WIND_DIRECTION,ALERT,"[""Devapar, Santkabirnagar""]","[""rn""]"
Put a reminder for wind bearing in Tonk,WIND_DIRECTION,ALERT,"[""Tonk""]",[]
What is the temp by 1 am in Daru,TEMPERATURE,GET,"[""Daru""]","[""1 am""]"
gujarat and singadevanahalli soil heat lveel tmrw,SOIL_TEMPERATURE,COMPARE,"[""gujarat"", ""singadevanahalli""]","[""tmrw""]"
"Compare Chakrehhee, Banda, Uttarpradesh and Pahrauli rainfall",RAIN,COMPARE,"[""Chakrehhee, Banda, Uttarpradesh"", ""Pahrauli""]",[]
compare the soil temperature in ichhapuur between 9:30 pm and nxt week,SOIL_TEMPERATURE,COMPARE,"[""ichhapuur""]","[""9:30 pm"", ""nxt week""]"
Warn me about the sunshine for the next 7 days,SUNSHINE,ALERT,[],"[""next 7 days""]"
Pls tell me the wind comes from in Samangaon Ahmaadnagar rn,WIND_DIRECTION,GET,"[""Samangaon Ahmaadnagar""]","[""rn""]"
"panyara khera, tikamgarh ka dew poitn at 9:30 pm",DEW_POINT,GET,"[""panyara khera, tikamgarh""]","[""9:30 pm""]"
What will the upcoming forecast be Kmarkuchi on Friday,FORECAST,GET,"[""Kmarkuchi""]","[""Friday""]"
Notify me about the how cloudy near by 2nite,CLOUD_COVER,ALERT,"[""near by""]","[""2nite""]"
Wat is wiather prediction in this area,FORECAST,GET,"[""this area""]",[]
quickly Warn me about the humidity percent in our village tmrw,HUMIDITY,ALERT,"[""our village""]","[""tmrw""]"
Ping me about the actual temprature around here this morning,TEMPERATURE,ALERT,"[""here""]","[""this morning""]"
"Can i dry the paddy in Moh Gaon, Unnao, Uttarpradesh this afternoon?",SUNSHINE,GET,"[""Moh Gaon, Unnao, Uttarpradesh""]","[""this afternoon""]"
"From 4:30 AM to 8:30 AM, alert me about the weather situation in Gondur",CURRENT_CONDITIONS,ALERT,"[""Gondur""]","[""4:30 AM to 8:30 AM""]"
Send alert earth temperature in Bisrampur Pashchimi Champaran during the sowing week,SOIL_TEMPERATURE,ALERT,"[""Bisrampur Pashchimi Champaran""]","[""sowing week""]"
"Parasigaria v/s Dadari, Jaunpur earth temperaature",SOIL_TEMPERATURE,COMPARE,"[""Parasigaria"", ""Dadari, Jaunpur""]",[]
compare the daytime temperature near me with bilaarua from 7 am to 9:30 pm..,TEMPERATURE_MAX,COMPARE,"[""near me"", ""bilaarua""]","[""7 am to 9:30 pm""]"
"Gadbadia, Sheikhpura vs Lad Bharol, Himachal Pradesh hmudiity percent",HUMIDITY,COMPARE,"[""Gadbadia, Sheikhpura"", ""Lad Bharol, Himachal Pradesh""]",[]
"Diffrence in min temprature between Bamorth and Dayara Timbi, Mendarda, Junagadh, Gujarat later today",TEMPERATURE_MIN,COMPARE,"[""Bamorth"", ""Dayara Timbi, Mendarda, Junagadh, Gujarat""]","[""later today""]"
difffrence in lowest temp between rampur and bhawani khera yesterday,TEMPERATURE_MIN,COMPARE,"[""rampur"", ""bhawani khera""]","[""yesterday""]"
Let me know if there is a gust speed alert in Phskhawa Tea Garden 2day,WIND_SPEED,ALERT,"[""Phskhawa Tea Garden""]","[""2day""]"
Is there a severe weather forecast for D.p.f.chilamgad in the next 12 hours?,FORECAST,ALERT,"[""D.p.f.chilamgad""]","[""next 12 hours""]"
"is any soil temprature advisory issued for hasenpur, lalbag by 1 am?",SOIL_TEMPERATURE,ALERT,"[""hasenpur, lalbag""]","[""1 am""]"
Put a reminder for sunligght hours in Veenavankka now,SUNSHINE,ALERT,"[""Veenavankka""]","[""now""]"
the nighttime low in Majuurnach by midnight,TEMPERATURE_MIN,GET,"[""Majuurnach""]","[""midnight""]"
Set an alart for wind force Mohamad Urf Jhinwarheri Haridwar Uttarakhand yesterday,WIND_SPEED,ALERT,"[""Mohamad Urf Jhinwarheri Haridwar Uttarakhand""]","[""yesterday""]"
set alart for dew point temp in jamaica tomorrow evening,DEW_POINT,ALERT,"[""jamaica""]","[""tomorrow evening""]"
Alrt me if suunshiae changes in Snagrur later today,SUNSHINE,ALERT,"[""Snagrur""]","[""later today""]"
Compare the weather prediction near me with Sivarampuram on Wednesday,FORECAST,COMPARE,"[""near me"", ""Sivarampuram""]","[""Wednesday""]"
Ping me about the lowest temp in this area around 7 PM,TEMPERATURE_MIN,ALERT,"[""this area""]","[""7 PM""]"
brialgaon talla now how cludy?,CLOUD_COVER,GET,"[""brialgaon talla""]","[""now""]"
is there any sunlight hours waring in our vlilage this week?,SUNSHINE,ALERT,"[""our vlilage""]","[""this week""]"
Plz alert precipiation chance Minache Kh. Bhudargad Kolhapur in the next 2 hours,RAIN,ALERT,"[""Minache Kh. Bhudargad Kolhapur""]","[""next 2 hours""]"
tell me the temprreture for baunli sawai madhopur rajasthan,TEMPERATURE,GET,"[""baunli sawai madhopur rajasthan""]",[]
Is there any max temp wanring in my farm by midnight??,TEMPERATURE_MAX,ALERT,"[""my farm""]","[""midnight""]"
warn me abuot the dhoop in my village 2day urgent,SUNSHINE,ALERT,"[""my village""]","[""2day""]"
What is the how hot now in Malhipur?,TEMPERATURE,GET,"[""Malhipur""]","[""now""]"
Give dytmie high Minache Kh. tmrw,TEMPERATURE_MAX,GET,"[""Minache Kh.""]","[""tmrw""]"
Is there any soil temperature at 10cm warning for Sultanpura Madhogarh Jallaun this weekend?,SOIL_TEMPERATURE,ALERT,"[""Sultanpura Madhogarh Jallaun""]","[""this weekend""]"
thakurdi duliakhal karaib soil moieure next week,SOIL_MOISTURE,COMPARE,"[""thakurdi"", ""duliakhal karaib""]","[""next week""]"
"is any where wind is coming from advisory issued for par shibpur, west bengal this evening?",WIND_DIRECTION,ALERT,"[""par shibpur, west bengal""]","[""this evening""]"
"Compair the soil temperature between Bandarchuan, Chatra, Jharkhand and Hallaornagara, Uttarpradesh",SOIL_TEMPERATURE,COMPARE,"[""Bandarchuan, Chatra, Jharkhand"", ""Hallaornagara, Uttarpradesh""]",[]
Bakud Madhya Pradesh and Umri weather status in the next 3 hours,CURRENT_CONDITIONS,COMPARE,"[""Bakud Madhya Pradesh"", ""Umri""]","[""next 3 hours""]"
Check the dewpont for both Pernambuco and Uttarakhand,DEW_POINT,COMPARE,"[""Pernambuco"", ""Uttarakhand""]",[]
Gotameshwar and Chatarala taapmaan at 2 PM,TEMPERATURE,COMPARE,"[""Gotameshwar"", ""Chatarala""]","[""2 PM""]"
"compare mangalvedhe par shibpur, west beogal conditions right now",CURRENT_CONDITIONS,COMPARE,"[""mangalvedhe"", ""par shibpur, west beogal""]",[]
Inform me if sky condition bad in Minache Kh. Bhudargad Kolhapur from 1 AM to 8 AM,CLOUD_COVER,ALERT,"[""Minache Kh. Bhudargad Kolhapur""]","[""1 AM to 8 AM""]"
"how much predictions in raksani, bihar nxt week?",FORECAST,GET,"[""raksani, bihar""]","[""nxt week""]"
Plz alert rain forecast Mogaipuram later today,RAIN,ALERT,"[""Mogaipuram""]","[""later today""]"
Is the relative humidity in Tokrapara Gaon Pt.ii Kokrajhar higher 10:06 am or next 3 hours?,HUMIDITY,COMPARE,"[""Tokrapara Gaon Pt.ii Kokrajhar""]","[""10:06 am"", ""next 3 hours""]"
"Chalkusha v/s Water Bodies, Gwalior wheee wind is coming from on Sunday",WIND_DIRECTION,COMPARE,"[""Chalkusha"", ""Water Bodies, Gwalior""]","[""Sunday""]"
Is tere any wheather wraning this afternoon?,CURRENT_CONDITIONS,ALERT,[],"[""this afternoon""]"
Tell diffrence dew point temp Sewai Kalan Panyara Khera in 49 minutes,DEW_POINT,COMPARE,"[""Sewai Kalan"", ""Panyara Khera""]","[""49 minutes""]"
"Diffrence in wind force between Jhunjhunun, Rajasthan and Beradangi Chanchal Maldah rn",WIND_SPEED,COMPARE,"[""Jhunjhunun, Rajasthan"", ""Beradangi Chanchal Maldah""]","[""rn""]"
Compre Trinidad And Tobago and Fiji outlok,FORECAST,COMPARE,"[""Trinidad And Tobago"", ""Fiji""]",[]
Kindly share the waether report for Santkabirnagar next week,FORECAST,GET,"[""Santkabirnagar""]","[""next week""]"
notifiy me about the rainfall in bentalpur this afternoon,RAIN,ALERT,"[""bentalpur""]","[""this afternoon""]"
I need the temrature reading tomorow sir,TEMPERATURE,GET,[],"[""tomorow""]"
"Tomorrow night, alert me about the wind bearing in Trinidad And Tobago",WIND_DIRECTION,ALERT,"[""Trinidad And Tobago""]","[""Tomorrow night""]"
Quick chance of rain check Duldula on Sunday,RAIN,GET,"[""Duldula""]","[""Sunday""]"
alrt me if outllok changes in kiritbandha tomorrow,FORECAST,ALERT,"[""kiritbandha""]","[""tomorrow""]"
Contrat direction wind in my vilage with Barangabari,WIND_DIRECTION,COMPARE,"[""my vilage"", ""Barangabari""]",[]
ping me about the soil wetness 2day,SOIL_MOISTURE,ALERT,[],"[""2day""]"
Notifiy me about the barish in Pusapatirega,RAIN,ALERT,"[""Pusapatirega""]",[]
"Dakshin Panialguri, Alipur Duar, West Bengal or Maslandapur better air speed?",WIND_SPEED,COMPARE,"[""Dakshin Panialguri, Alipur Duar, West Bengal"", ""Maslandapur""]",[]
Compre the mausam at my loction with Panasi Rewa Madhya Pradesh tomorrow night,CURRENT_CONDITIONS,COMPARE,"[""my loction"", ""Panasi Rewa Madhya Pradesh""]","[""tomorrow night""]"
is the soil warm enough for planting in khamani?,SOIL_TEMPERATURE,GET,"[""khamani""]",[]
Compare the breeze betewen Tekulpahad Kesaibahal tmrw,WIND_SPEED,COMPARE,"[""Tekulpahad"", ""Kesaibahal""]","[""tmrw""]"
plz Compare the vaatavaranam in Barbados between 82 minutes and 9:34 pm,CURRENT_CONDITIONS,COMPARE,"[""Barbados""]","[""82 minutes"", ""9:34 pm""]"
wind directn pls,WIND_DIRECTION,GET,[],[]
Wind speeed arounnd here on Monday,WIND_SPEED,GET,"[""here""]","[""Monday""]"
Ping me about the cloud density in Habrubari this weekend,CLOUD_COVER,ALERT,"[""Habrubari""]","[""this weekend""]"
Hiramandalam this week minimum temperature?,TEMPERATURE_MIN,GET,"[""Hiramandalam""]","[""this week""]"
Copre min temperature in Oman vs Ktputli by 2 AM sir,TEMPERATURE_MIN,COMPARE,"[""Oman"", ""Ktputli""]","[""2 AM""]"
How much dewpoit here,DEW_POINT,GET,"[""here""]",[]
"diffrence in what's the weather like between chawa and indloor, nalgonda?!",CURRENT_CONDITIONS,COMPARE,"[""chawa"", ""indloor, nalgonda""]",[]
irumbedu and naran khera soil heat leel from 5:16 am to 9 pm,SOIL_TEMPERATURE,COMPARE,"[""irumbedu"", ""naran khera""]","[""5:16 am to 9 pm""]"
send alert soil temperature 10cm in laro jammu and kashmir,SOIL_TEMPERATURE,ALERT,"[""laro jammu and kashmir""]",[]
Ping me abouut the oveercast level in my vilage,CLOUD_COVER,ALERT,"[""my vilage""]",[]
Remind me to check the earth temperature in Kasipet from 7 am to 9:30 pm,SOIL_TEMPERATURE,ALERT,"[""Kasipet""]","[""7 am to 9:30 pm""]"
How the how windy near me cmopare with Khamawada Khanpur Jhalawar Rajasthan by midnight?,WIND_SPEED,COMPARE,"[""near me"", ""Khamawada Khanpur Jhalawar Rajasthan""]","[""midnight""]"
solar radiation alert chakarajuvemula tomorow,SUNSHINE,ALERT,"[""chakarajuvemula""]","[""tomorow""]"
Plz alert forecaste Sawai Madhopur around 7 PM,FORECAST,ALERT,"[""Sawai Madhopur""]","[""7 PM""]"
Tarf Tajwal versus Bhojpur cloudiness at 4 AM,CLOUD_COVER,COMPARE,"[""Tarf Tajwal"", ""Bhojpur""]","[""4 AM""]"
Raise an alarm if cloud density looks bad in Vyas Kueri in 15 minutes,CLOUD_COVER,ALERT,"[""Vyas Kueri""]","[""15 minutes""]"
What's overcast level at my place,CLOUD_COVER,GET,"[""my place""]",[]
should i worry about the how cloudy in vanapuram around 10:45 pm?,CLOUD_COVER,ALERT,"[""vanapuram""]","[""10:45 pm""]"
updae me on the thunderstorm in nadri on sunday bro,RAIN,GET,"[""nadri""]","[""sunday""]"
Alert me if the wind crosses 40 kmph in Kherli Chandrawat this weekend,WIND_SPEED,ALERT,"[""Kherli Chandrawat""]","[""this weekend""]"
set an alet for soil temperature at 10cm in buradapaddu tmrw,SOIL_TEMPERATURE,ALERT,"[""buradapaddu""]","[""tmrw""]"
Israjpalle soil heat levol 2day vs 10 AM to 11 pm,SOIL_TEMPERATURE,COMPARE,"[""Israjpalle""]","[""2day"", ""10 AM to 11 pm""]"
show me the due point for barauta and jamui now,DEW_POINT,COMPARE,"[""barauta"", ""jamui""]","[""now""]"
Set an alert for wind flow direction in my vilage yesterday,WIND_DIRECTION,ALERT,"[""my vilage""]","[""yesterday""]"
"Put the how cludy in our village aginst Bilarua, Bhatpar Rani, Deoria around 9 am",CLOUD_COVER,COMPARE,"[""our village"", ""Bilarua, Bhatpar Rani, Deoria""]","[""9 am""]"
Chck the soil temp for both Algeria and Burina Faso on Wednesday,SOIL_TEMPERATURE,COMPARE,"[""Algeria"", ""Burina Faso""]","[""Wednesday""]"
Alert me if the wind crosses 40 kmph in Turnal tonight,WIND_SPEED,ALERT,"[""Turnal""]","[""tonight""]"
Is theue any high temp warning?,TEMPERATURE_MAX,ALERT,[],[]
"Put the due poitn in my farm against Bandarchuan, Chatra, Jharkhand last week",DEW_POINT,COMPARE,"[""my farm"", ""Bandarchuan, Chatra, Jharkhand""]","[""last week""]"
"Remind me to check the hours of sun in Hsale, Dhule this weekend",SUNSHINE,ALERT,"[""Hsale, Dhule""]","[""this weekend""]"
"Wich has more wind flow direction Jhuratarai, Dhamtari, Chhatisgarh or Shi Rajpur Kotdwar Pauri Garhwal at 5 PM",WIND_DIRECTION,COMPARE,"[""Jhuratarai, Dhamtari, Chhatisgarh"", ""Shi Rajpur Kotdwar Pauri Garhwal""]","[""5 PM""]"
Tel me the minimum temperature for Dwitikrihnapur at 11:30 AM,TEMPERATURE_MIN,GET,"[""Dwitikrihnapur""]","[""11:30 AM""]"
plz alert rain amount bedarshirgur in 90 minutes,RAIN,ALERT,"[""bedarshirgur""]","[""90 minutes""]"
Updae me on the temprature in B Koduru day after tomorrow,TEMPERATURE,GET,"[""B Koduru""]","[""day after tomorrow""]"
Put the wind blows from in my village against Khima 2nite,WIND_DIRECTION,COMPARE,"[""my village"", ""Khima""]","[""2nite""]"
"Is it humid in Baghuapalli, Bhapur?",HUMIDITY,GET,"[""Baghuapalli, Bhapur""]",[]
What will the oevrcast levil be in Ramarajupalem now,CLOUD_COVER,GET,"[""Ramarajupalem""]","[""now""]"
Could you let me know the nami in Chandrapur now?,HUMIDITY,GET,"[""Chandrapur""]","[""now""]"
Chhekc high temp in Tikamgarh day after tomorow,TEMPERATURE_MAX,GET,"[""Tikamgarh""]","[""day after tomorow""]"
wich has more rianfaol mokha ka tonk or pura tmrw,RAIN,COMPARE,"[""mokha ka tonk"", ""pura""]","[""tmrw""]"
what is the soil mosre in iowa?,SOIL_MOISTURE,GET,"[""iowa""]",[]
knnur how humid tomorrow evening,HUMIDITY,GET,"[""knnur""]","[""tomorrow evening""]"
ping me about the weather report in baleshwar sdaar,FORECAST,ALERT,"[""baleshwar sdaar""]",[]
asap want alert for soil wetness level in sadulalhpur,SOIL_MOISTURE,ALERT,"[""sadulalhpur""]",[]
ceck the rh for both bhojpur and baroun on monday,HUMIDITY,COMPARE,"[""bhojpur"", ""baroun""]","[""monday""]"
need to know min tempreture on wednesday,TEMPERATURE_MIN,GET,[],"[""wednesday""]"
"how much soil mistr in govana, jamnagar, gujarat tonight?",SOIL_MOISTURE,GET,"[""govana, jamnagar, gujarat""]","[""tonight""]"
Tel me soil moisture at 10cm nearrby by midnight,SOIL_MOISTURE,GET,"[""nearrby""]","[""midnight""]"
notify me about the dew point temp day after tomorow,DEW_POINT,ALERT,[],"[""day after tomorow""]"
Pahrauli vs Trinidad And Tobago muisture the air on Tuesday,HUMIDITY,COMPARE,"[""Pahrauli"", ""Trinidad And Tobago""]","[""Tuesday""]"
"compare weather ahead in chhirhati, sohagpur, shahdol, madhya pradesh vs charama in 60 minutes",FORECAST,COMPARE,"[""chhirhati, sohagpur, shahdol, madhya pradesh"", ""charama""]","[""60 minutes""]"
warn me aout the humdity in our village day after tomorow,HUMIDITY,ALERT,"[""our village""]","[""day after tomorow""]"
flag the cloud percentage for israjpalle last week,CLOUD_COVER,ALERT,"[""israjpalle""]","[""last week""]"
notifiy me about the dewpoint temperature in simra bhata from 4:30 am to 8:30 am,DEW_POINT,ALERT,"[""simra bhata""]","[""4:30 am to 8:30 am""]"
Compare the wind in our village with Thiruvaniyoor,WIND_SPEED,COMPARE,"[""our village"", ""Thiruvaniyoor""]",[]
give me the louest temperature for mizoram by 8 pm,TEMPERATURE_MIN,GET,"[""mizoram""]","[""8 pm""]"
"Is any weather conditions advisory issued River, Chabua Circle in 15 minutes?",CURRENT_CONDITIONS,ALERT,"[""River, Chabua Circle""]","[""15 minutes""]"
whats up with sunshien in haragarahalli arond 4:15 pm?,SUNSHINE,GET,"[""haragarahalli""]","[""4:15 pm""]"
Is the outside conditions in Gumma different 12:05 PM and 4:30 AM sir,CURRENT_CONDITIONS,COMPARE,"[""Gumma""]","[""12:05 PM"", ""4:30 AM""]"
"Put the rain chacne here against Agaram, Cuddalore at 10:30 AM",RAIN,COMPARE,"[""here"", ""Agaram, Cuddalore""]","[""10:30 AM""]"
want alert for hours of sun in lesligunj,SUNSHINE,ALERT,"[""lesligunj""]",[]
"Vaatavaranam alert Bamari, Teonthar by 9:45 pm",CURRENT_CONDITIONS,ALERT,"[""Bamari, Teonthar""]","[""9:45 pm""]"
Tel me the soil water content for Italy kindly,SOIL_MOISTURE,GET,"[""Italy""]",[]
Set an alert for showers,RAIN,ALERT,[],[]
Peak temerature in Manikpara: 49 minutes or 2 PM,TEMPERATURE_MAX,COMPARE,"[""Manikpara""]","[""49 minutes"", ""2 PM""]"
"Send alert soil waer Shiris Bani, Paschim Medinipur Sadar, Paschim Medinipur yesterday",SOIL_MOISTURE,ALERT,"[""Shiris Bani, Paschim Medinipur Sadar, Paschim Medinipur""]","[""yesterday""]"
What will the dew be in Syaat at 4 AM?,DEW_POINT,GET,"[""Syaat""]","[""4 AM""]"
what's the dewpoit in my viluge nxt week?,DEW_POINT,GET,"[""my viluge""]","[""nxt week""]"
", alert me about the low temp in Nilapalli",TEMPERATURE_MIN,ALERT,"[""Nilapalli""]",[]
I need the how hot reading this weekend,TEMPERATURE,GET,[],"[""this weekend""]"
Warn about the breeze around my area at 11:30 AM,WIND_SPEED,ALERT,"[""my area""]","[""11:30 AM""]"
Is any wind speed advisory isssued on Tuesday?,WIND_SPEED,ALERT,[],"[""Tuesday""]"
put the weateer forecast at my place againts luunhera by 4:30 am,FORECAST,COMPARE,"[""my place"", ""luunhera""]","[""4:30 am""]"
Is there any soil moistur wrning for Badehar Alias Delan,SOIL_MOISTURE,ALERT,"[""Badehar Alias Delan""]",[]
Update me on the moisture in the air in Gumdi tonight,HUMIDITY,GET,"[""Gumdi""]","[""tonight""]"
How duz the rain probability in Sijaipur compare with Temtha Karari now,RAIN,COMPARE,"[""Sijaipur"", ""Temtha Karari""]","[""now""]"
Angoia or Tilikara better dew point temp by midnight?,DEW_POINT,COMPARE,"[""Angoia"", ""Tilikara""]","[""midnight""]"
"What is the min timperature in Bedchit, Vyaa?",TEMPERATURE_MIN,GET,"[""Bedchit, Vyaa""]",[]
Mssage me the outside weather Bisrampur Pashchimi Chamaran,CURRENT_CONDITIONS,ALERT,"[""Bisrampur Pashchimi Chamaran""]",[]
Odha or Madhaiganj better precipitation on Sunday?,RAIN,COMPARE,"[""Odha"", ""Madhaiganj""]","[""Sunday""]"
"barrish pub bandr mela, lanka circle vs mungaha right now",RAIN,COMPARE,"[""pub bandr mela, lanka circle"", ""mungaha""]","[""right now""]"
"Put the hgihest temperature in my farm agaist Khabalu F V, Norht Lakhimpur last week",TEMPERATURE_MAX,COMPARE,"[""my farm"", ""Khabalu F V, Norht Lakhimpur""]","[""last week""]"
is there ground temp warning in my vilage by 9 pm?,SOIL_TEMPERATURE,ALERT,"[""my vilage""]","[""9 pm""]"
What the soil temperature at 10cm by 6:15 am,SOIL_TEMPERATURE,GET,[],"[""6:15 am""]"
"Barbados and Situnvalur, Thiruvarur weather status around 9:34 pm?",CURRENT_CONDITIONS,COMPARE,"[""Barbados"", ""Situnvalur, Thiruvarur""]","[""9:34 pm""]"
Shendri Bk. degee,TEMPERATURE,GET,"[""Shendri Bk.""]",[]
Notify me if it gets overcast in Ranka,CLOUD_COVER,ALERT,"[""Ranka""]",[]
"Put the what temperature in my field against Badarikilo, Puri on Saturday",TEMPERATURE,COMPARE,"[""my field"", ""Badarikilo, Puri""]","[""Saturday""]"
"raiganj, west bengal from 9:43 am to 1 pm relative humidity?",HUMIDITY,GET,"[""raiganj, west bengal""]","[""9:43 am to 1 pm""]"
Compare the cloud denisty at my place with Reechhoti by 11 am,CLOUD_COVER,COMPARE,"[""my place"", ""Reechhoti""]","[""11 am""]"
"Dadari, Jaunpur or Ukhrul better cldest by 10 PM?",TEMPERATURE_MIN,COMPARE,"[""Dadari, Jaunpur"", ""Ukhrul""]","[""10 PM""]"
Cold Nagapattinam vs Got Gerya Kharagpur later today,TEMPERATURE,COMPARE,"[""Nagapattinam"", ""Got Gerya Kharagpur""]","[""later today""]"
"Tell me when direction wind chages Samasarpur, Odissha by 4 am",WIND_DIRECTION,ALERT,"[""Samasarpur, Odissha""]","[""4 am""]"
need to know wind direcion on tuesday,WIND_DIRECTION,GET,[],"[""tuesday""]"
sunshine alert mankapur right now,SUNSHINE,ALERT,"[""mankapur""]","[""right now""]"
Flag the precipitation tomorrow evening,RAIN,ALERT,[],"[""tomorrow evening""]"
Warn me about the rh durring the sowing week,HUMIDITY,ALERT,[],"[""sowing week""]"
"Bandhdih, Dumka vs Kaliuel soil watre content on Wednesday",SOIL_MOISTURE,COMPARE,"[""Bandhdih, Dumka"", ""Kaliuel""]","[""Wednesday""]"
Is there any air miosture warning in my vilage rn?,HUMIDITY,ALERT,"[""my vilage""]","[""rn""]"
Rmeind me to check the wind in Mogolpatna in the next 12 hours,WIND_SPEED,ALERT,"[""Mogolpatna""]","[""next 12 hours""]"
Is there any cloud density warning for Kulrebahali tomorrow morning,CLOUD_COVER,ALERT,"[""Kulrebahali""]","[""tomorrow morning""]"
warn me if rainfall crosses 50 mm in berradangi early morning,RAIN,ALERT,"[""berradangi""]","[""early morning""]"
Put the bright sunshine of Tipamia Dighalia against Jharkhand tomorrow,SUNSHINE,COMPARE,"[""Tipamia Dighalia"", ""Jharkhand""]","[""tomorrow""]"
Clouds details for Kattangudi on Wednesday,CLOUD_COVER,GET,"[""Kattangudi""]","[""Wednesday""]"
Give soil moisture at 10 m Neemba from 6:30 PM to 10 PM,SOIL_MOISTURE,GET,"[""Neemba""]","[""6:30 PM to 10 PM""]"
"Which is better for breee, Lakhnadon or Niyamoopur?",WIND_SPEED,COMPARE,"[""Lakhnadon"", ""Niyamoopur""]",[]
Set an alet for soil moisturre at 10cm in Paharuli right now,SOIL_MOISTURE,ALERT,"[""Paharuli""]","[""right now""]"
any idea about the moisture at 40cm around 1 am?,SOIL_MOISTURE,GET,[],"[""1 am""]"
alert me if the wind crosses 40 kmph in naysatra tonight,WIND_SPEED,ALERT,"[""naysatra""]","[""tonight""]"
Reminder for humidty Tidragan in 30 minutes,HUMIDITY,ALERT,"[""Tidragan""]","[""30 minutes""]"
"Show me huid for Daru and Mamidipalle, Kottur on Tuesday",HUMIDITY,COMPARE,"[""Daru"", ""Mamidipalle, Kottur""]","[""Tuesday""]"
"will it rain in meghalaya, india 2day?",RAIN,GET,"[""meghalaya, india""]","[""2day""]"
Tel me the sky covr for Rukhi on Friday,CLOUD_COVER,GET,"[""Rukhi""]","[""Friday""]"
warrn me about tempature in rasunchak tonight,TEMPERATURE,ALERT,"[""rasunchak""]","[""tonight""]"
Compare the heat in my vilage with Akauna Khurd Unhahra at 9:30 PM,TEMPERATURE,COMPARE,"[""my vilage"", ""Akauna Khurd Unhahra""]","[""9:30 PM""]"
Quick os bindu check for Sitapur,DEW_POINT,GET,"[""Sitapur""]",[]
", what is the cloud density?",CLOUD_COVER,GET,[],[]
"Contrast the soil wetness level in this area with Dakshin Panialguri, Alipur Duar, West Bengal",SOIL_MOISTURE,COMPARE,"[""this area"", ""Dakshin Panialguri, Alipur Duar, West Bengal""]",[]
How does the week aead foreast in my feild compare with South Sudan last week,FORECAST,COMPARE,"[""my feild"", ""South Sudan""]","[""last week""]"
Should i worry about the soil moisture at 10cm in Bhelagurhi at 7:15 PM,SOIL_MOISTURE,ALERT,"[""Bhelagurhi""]","[""7:15 PM""]"
"Put the weather update in our village against Mankapur, Gonda, Uttarpradesh right now",CURRENT_CONDITIONS,COMPARE,"[""our village"", ""Mankapur, Gonda, Uttarpradesh""]","[""right now""]"
Put ground temperature near by against Baggamdhoravalasa from 10 AM to 11 am,SOIL_TEMPERATURE,COMPARE,"[""near by"", ""Baggamdhoravalasa""]","[""10 AM to 11 am""]"
how does the dew piint at my plce compare with ananthapur andhra pradesh on sunday?,DEW_POINT,COMPARE,"[""my plce"", ""ananthapur andhra pradesh""]","[""sunday""]"
"Where is moisture in field grater, Kumarpur or Lad Bharol, Himachal Pradesh at 1:09 AM?",SOIL_MOISTURE,COMPARE,"[""Kumarpur"", ""Lad Bharol, Himachal Pradesh""]","[""1:09 AM""]"
"by 4 pm, what is the higest temp in kotpad?",TEMPERATURE_MAX,GET,"[""kotpad""]","[""4 pm""]"
plz alert rainfal kahar para,RAIN,ALERT,"[""kahar para""]",[]
Is any sky cover advisory isued later today?,CLOUD_COVER,ALERT,[],"[""later today""]"
"Warn me about direciton wind in Kopaganj, Mau right now",WIND_DIRECTION,ALERT,"[""Kopaganj, Mau""]","[""right now""]"
"compare the cluody in my plot with kolhapur, maharashtra by 1 am",CLOUD_COVER,COMPARE,"[""my plot"", ""kolhapur, maharashtra""]","[""1 am""]"
show me the night temperature in akauna khurd unchahra,TEMPERATURE_MIN,GET,"[""akauna khurd unchahra""]",[]
Plz alert sunlight hours Gullawali this weekend,SUNSHINE,ALERT,"[""Gullawali""]","[""this weekend""]"
Max temp deils for Badhiadih Jarmundi Dumka next weekend,TEMPERATURE_MAX,GET,"[""Badhiadih Jarmundi Dumka""]","[""next weekend""]"
"What will the strng wind in Chewrapurab, Lalganj?",WIND_SPEED,GET,"[""Chewrapurab, Lalganj""]",[]
"Where is the soil wetess level greater, Kalyan or Rempi tomorow?",SOIL_MOISTURE,COMPARE,"[""Kalyan"", ""Rempi""]","[""tomorow""]"
How does the maximum in Pipalkai 10 am compaer to 9:15 am?,TEMPERATURE_MAX,COMPARE,"[""Pipalkai""]","[""10 am"", ""9:15 am""]"
Differene in how windy betwen North Carolian and Gulalwali Najibabad this morning,WIND_SPEED,COMPARE,"[""North Carolian"", ""Gulalwali Najibabad""]","[""this morning""]"
Due pooint in Rasunchak: 1 AM or next 3 hours?,DEW_POINT,COMPARE,"[""Rasunchak""]","[""1 AM"", ""next 3 hours""]"
Is the dewpoit in Ahesha dfifernet 6:30 PM to 10 PM and 1:30 AM to 4 pm?,DEW_POINT,COMPARE,"[""Ahesha""]","[""6:30 PM to 10 PM"", ""1:30 AM to 4 pm""]"
Overcast detils for Tala Kheid now,CLOUD_COVER,GET,"[""Tala Kheid""]","[""now""]"
Warrn me about maximum temprature in Doddaheejjaji Bengaluru Rural,TEMPERATURE_MAX,ALERT,"[""Doddaheejjaji Bengaluru Rural""]",[]
Sunlight alert Edabara,SUNSHINE,ALERT,"[""Edabara""]",[]
Checck soil moistur Pahrauli Uttarpradesh by 3 pm,SOIL_MOISTURE,GET,"[""Pahrauli Uttarpradesh""]","[""3 pm""]"
Current temp deails for South Andaman in 30 minutes,TEMPERATURE,GET,"[""South Andaman""]","[""30 minutes""]"
"Regarding Pathrkunwa, Sonhbadra, what is the wheather next week",CURRENT_CONDITIONS,GET,"[""Pathrkunwa, Sonhbadra""]","[""next week""]"
Is there any nighttime low warning tomorrow,TEMPERATURE_MIN,ALERT,[],"[""tomorrow""]"
contrest the cloud density at my location with katral early morning,CLOUD_COVER,COMPARE,"[""my location"", ""katral""]","[""early morning""]"
Set an alert for maximum temperatue in my farm tonight,TEMPERATURE_MAX,ALERT,"[""my farm""]","[""tonight""]"
set an alat for nighttmie low chakrehee by midnight,TEMPERATURE_MIN,ALERT,"[""chakrehee""]","[""midnight""]"
"at 1:45 am, alert me about the rain forecast in hatae..",RAIN,ALERT,"[""hatae""]","[""1:45 am""]"
quick minimum temperature check for rattowal from 2 am to 7 am,TEMPERATURE_MIN,GET,"[""rattowal""]","[""2 am to 7 am""]"
"Which is better for miniimum temprature, Bulaki Tola or Thirumalayapalem?",TEMPERATURE_MIN,COMPARE,"[""Bulaki Tola"", ""Thirumalayapalem""]",[]
Is there any temperature of soil waning for Lachhmangarh..,SOIL_TEMPERATURE,ALERT,"[""Lachhmangarh""]",[]
Is there any sunshine hours warning by 1:48 PM?,SUNSHINE,ALERT,[],"[""1:48 PM""]"
"Whats the moisture at 40cm looking like in Sugur, Tiptur, Tumakuru, Karnataka around 7:30 AM?",SOIL_MOISTURE,GET,"[""Sugur, Tiptur, Tumakuru, Karnataka""]","[""7:30 AM""]"
Soil temperature 10cm day after tomorow,SOIL_TEMPERATURE,GET,[],"[""day after tomorow""]"
Notify me about the precipitation amount in my plot on Wednesday,RAIN,ALERT,"[""my plot""]","[""Wednesday""]"
Check the chnace of rain in my feild by 4 am,RAIN,GET,"[""my feild""]","[""4 am""]"
"Give minimum temperatre Nandor, Sagwara at 10:30 AM",TEMPERATURE_MIN,GET,"[""Nandor, Sagwara""]","[""10:30 AM""]"
What's the currnt temp in my village?!,TEMPERATURE,GET,"[""my village""]",[]
Whats up with the low temp in Fazalnagar this morning,TEMPERATURE_MIN,GET,"[""Fazalnagar""]","[""this morning""]"
is there any hottest warning early morning?,TEMPERATURE_MAX,ALERT,[],"[""early morning""]"
could you check the hours of sunlight nearby 2nite?,SUNSHINE,GET,"[""nearby""]","[""2nite""]"
Tel me the how is the weather Chatarala right now,CURRENT_CONDITIONS,GET,"[""Chatarala""]","[""right now""]"
Wich has more predcition Merakamudidam or Smiri Sitanagar the next 7 days,FORECAST,COMPARE,"[""Merakamudidam"", ""Smiri Sitanagar""]","[""next 7 days""]"
"Wat is the wind vlocity in Bhodua, Jaleswar on Saturday?",WIND_SPEED,GET,"[""Bhodua, Jaleswar""]","[""Saturday""]"
kindly I want to know the min temperatrue in Ksaoli tomorrow morning,TEMPERATURE_MIN,GET,"[""Ksaoli""]","[""tomorrow morning""]"
tell me the humidity percent my feld 2nite,HUMIDITY,GET,"[""my feld""]","[""2nite""]"
"tell me when miimum temperature changes nekkundhi, dharmapuri yesterday",TEMPERATURE_MIN,ALERT,"[""nekkundhi, dharmapuri""]","[""yesterday""]"
notify me about the soil wetness this weekend,SOIL_MOISTURE,ALERT,[],"[""this weekend""]"
"Quiuk how humid check for Jagtial, Telangana next week",HUMIDITY,GET,"[""Jagtial, Telangana""]","[""next week""]"
Put the lowest temp here against Tamil Nadu India for the next 3 days,TEMPERATURE_MIN,COMPARE,"[""here"", ""Tamil Nadu India""]","[""next 3 days""]"
Set an alert for min temprature in my vilage this weekend,TEMPERATURE_MIN,ALERT,"[""my vilage""]","[""this weekend""]"
Put the ground temp in my vilage againts Baba Hardo in 49 minutes,SOIL_TEMPERATURE,COMPARE,"[""my vilage"", ""Baba Hardo""]","[""49 minutes""]"
"Os bindu in Khabalu F V and Barhaita tommorow, which bettter?",DEW_POINT,COMPARE,"[""Khabalu F V"", ""Barhaita""]","[""tommorow""]"
"Comprae barish in Deoghar, Jharkhand vs Narsinghpura tommorow",RAIN,COMPARE,"[""Deoghar, Jharkhand"", ""Narsinghpura""]","[""tommorow""]"
Ping me about the soil tmeprature this afternoon,SOIL_TEMPERATURE,ALERT,[],"[""this afternoon""]"
Notify me about the how hot in our village last week,TEMPERATURE,ALERT,"[""our village""]","[""last week""]"
"compare the wather now at my location with farhalouki, ballia, uttarpradesh",CURRENT_CONDITIONS,COMPARE,"[""my location"", ""farhalouki, ballia, uttarpradesh""]",[]
Update me on the breeze in Sanyasipura from 8:30 am to 12:30 PM,WIND_SPEED,GET,"[""Sanyasipura""]","[""8:30 am to 12:30 PM""]"
Compare rainfall in Hyderabad and Chennai tomorrow,RAIN,COMPARE,"[""Hyderabad"", ""Chennai""]","[""tomorrow""]"
"Raise an alarm if the soil moistru looks bad in Khabalu F V, North Lakhimpur this afternoon",SOIL_MOISTURE,ALERT,"[""Khabalu F V, North Lakhimpur""]","[""this afternoon""]"
Put the relaative moistare near me against Maryland around 7:30 AM,HUMIDITY,COMPARE,"[""near me"", ""Maryland""]","[""7:30 AM""]"
Notify me aout the max tempreture in Daryapur early morning,TEMPERATURE_MAX,ALERT,"[""Daryapur""]","[""early morning""]"
"compre tempreture in samasarpur, odisha vs dalapchan khasmahal??",TEMPERATURE,COMPARE,"[""samasarpur, odisha"", ""dalapchan khasmahal""]",[]
Hiwaa tomorrow evening highest temperature today?,TEMPERATURE_MAX,GET,"[""Hiwaa""]","[""tomorrow evening""]"
"Update me on the overcast in Shiris Bani, Paschim Medinipur Sadar, Paschim Medinipur later today",CLOUD_COVER,GET,"[""Shiris Bani, Paschim Medinipur Sadar, Paschim Medinipur""]","[""later today""]"
Show me the predictions in Saran Nani on Friday,FORECAST,GET,"[""Saran Nani""]","[""Friday""]"
Will it be cloduy in Fatehgrah Sahib tommorow?,CLOUD_COVER,GET,"[""Fatehgrah Sahib""]","[""tommorow""]"
Notify me if it starts raining in Kundra Sundargarh 2day,RAIN,ALERT,"[""Kundra Sundargarh""]","[""2day""]"
what will the daily forecast be in ghupti - around 3:30 pm?,FORECAST,GET,"[""ghupti -""]","[""3:30 pm""]"
Could you chheck the low temp in my plot?,TEMPERATURE_MIN,GET,"[""my plot""]",[]
how does the where wind is coming from at my location compare with kalyan around 1:30 pm?,WIND_DIRECTION,COMPARE,"[""my location"", ""kalyan""]","[""1:30 pm""]"
How much current conditions next weekend,CURRENT_CONDITIONS,GET,[],"[""next weekend""]"
Wat is wind flow direction in my farm early morning,WIND_DIRECTION,GET,"[""my farm""]","[""early morning""]"
Flag the soil moisure here this weekend,SOIL_MOISTURE,ALERT,"[""here""]","[""this weekend""]"
Contrast the climate right now in our vllage with Sikkim India this week,CURRENT_CONDITIONS,COMPARE,"[""our vllage"", ""Sikkim India""]","[""this week""]"
What's the temperature in Tokyo right now?,TEMPERATURE,GET,"[""Tokyo""]","[""right now""]"
put the maxximum temperature in my plot against beni nagra now,TEMPERATURE_MAX,COMPARE,"[""my plot"", ""beni nagra""]","[""now""]"
Is there overcast warning,CLOUD_COVER,ALERT,[],[]
chhapia khas v/s anantapur direation of the wind for the next 3 days,WIND_DIRECTION,COMPARE,"[""chhapia khas"", ""anantapur""]","[""next 3 days""]"
Warn me aout the soil wetness level in my plot on Tuesday,SOIL_MOISTURE,ALERT,"[""my plot""]","[""Tuesday""]"
"Let me know if there is a minimum alert in Iowa, United States on Sunday",TEMPERATURE_MIN,ALERT,"[""Iowa, United States""]","[""Sunday""]"
"At 7:15 PM, what is the ground moisture in Tuljapur?",SOIL_MOISTURE,GET,"[""Tuljapur""]","[""7:15 PM""]"
wich has more hawa ki rafttar jetpura or badhadih on wednesday,WIND_SPEED,COMPARE,"[""jetpura"", ""badhadih""]","[""wednesday""]"
message me the weather update in sssiwa tola jai ray tommorow,CURRENT_CONDITIONS,ALERT,"[""sssiwa tola jai ray""]","[""tommorow""]"
Compre dew levle Habaspur vs Thethar at 7 pm,DEW_POINT,COMPARE,"[""Habaspur"", ""Thethar""]","[""7 pm""]"
What will the weather be like in Bhodea at 9:30 am?!,FORECAST,GET,"[""Bhodea""]","[""9:30 am""]"
How strong are the winds in Honolulu?,WIND_SPEED,GET,"[""Honolulu""]",[]
Compre weekly weateer in Ksipur Balasore (Baleshwar) vs Lalpura next month..,FORECAST,COMPARE,"[""Ksipur Balasore (Baleshwar)"", ""Lalpura""]","[""next month""]"
Raie an alarm if the heat looks bad in Chatarala 2day,TEMPERATURE,ALERT,"[""Chatarala""]","[""2day""]"
tel me the daytime high for yaval maharashtra last week,TEMPERATURE_MAX,GET,"[""yaval maharashtra""]","[""last week""]"
What is the cloud cover percentage in London today?,CLOUD_COVER,GET,"[""London""]","[""today""]"
contrats the dew poiint temp in raibeareli with bulaki tola purbi champaran,DEW_POINT,COMPARE,"[""raibeareli"", ""bulaki tola purbi champaran""]",[]
contraast the upcoming weather areund here with magur jan milik on monday,FORECAST,COMPARE,"[""here"", ""magur jan milik""]","[""monday""]"
pls tell me the wind directon in auranga bad tonight,WIND_DIRECTION,GET,"[""auranga bad""]","[""tonight""]"
Warrn abotu air temperature in Gospurnatara this afternoon,TEMPERATURE,ALERT,"[""Gospurnatara""]","[""this afternoon""]"
Compare cloud cover between Seattle and London this evening,CLOUD_COVER,COMPARE,"[""Seattle"", ""London""]","[""this evening""]"
"there any wind directoon warrning for bilarua, bhatpar rani, deroia tomorrow evening?",WIND_DIRECTION,ALERT,"[""bilarua, bhatpar rani, deroia""]","[""tomorrow evening""]"
"Wether gap between Moltha, Pauri Garhwal, Uttarakhand and Koara, Himachal Pradesh by 8:30 AM",CURRENT_CONDITIONS,COMPARE,"[""Moltha, Pauri Garhwal, Uttarakhand"", ""Koara, Himachal Pradesh""]","[""8:30 AM""]"
From 6:30 PM to 10 PM forecast figures nearby,FORECAST,GET,"[""nearby""]","[""6:30 PM to 10 PM""]"
on tuesday showers figures around here,RAIN,GET,"[""here""]","[""tuesday""]"
Is the clouds higer in Maharashtra or in Akhara by 12:05 PM,CLOUD_COVER,COMPARE,"[""Maharashtra"", ""Akhara""]","[""12:05 PM""]"
Quikc wind heading check for Kuraljoria tomorow,WIND_DIRECTION,GET,"[""Kuraljoria""]","[""tomorow""]"
Warn me about the outlook in my plot by 2 AM bro,FORECAST,ALERT,"[""my plot""]","[""2 AM""]"
Ntify me about the wind intensity tomorrow evening asap,WIND_SPEED,ALERT,[],"[""tomorrow evening""]"
Compare ground temperature Naranda Madhya Pradesh Mahrari,SOIL_TEMPERATURE,COMPARE,"[""Naranda Madhya Pradesh"", ""Mahrari""]",[]
"Need soil moisoure for Chairehee, Banda, Uttarpradesh from 4:15 am to 3:30 pm",SOIL_MOISTURE,GET,"[""Chairehee, Banda, Uttarpradesh""]","[""4:15 am to 3:30 pm""]"
can i sow in inglish timapur around 8:45 am?,SOIL_TEMPERATURE,GET,"[""inglish timapur""]","[""8:45 am""]"
How much overniht low in my vilalge 2day?,TEMPERATURE_MIN,GET,"[""my vilalge""]","[""2day""]"
How much raining at my location tomorrow evening,RAIN,GET,"[""my location""]","[""tomorrow evening""]"
"Reminder for tempaturre Rattowal, Ludhiana, Punjab",TEMPERATURE,ALERT,"[""Rattowal, Ludhiana, Punjab""]",[]
warn me about the raining next weekend,RAIN,ALERT,[],"[""next weekend""]"
Remind me to check the cloud percentage in Nebraska now,CLOUD_COVER,ALERT,"[""Nebraska""]","[""now""]"
Set an alert for how cuoody tomorrow morning,CLOUD_COVER,ALERT,[],"[""tomorrow morning""]"
"Mamsha Pattti, Burhanpur whcih way the wind blows 5:16 AM to 9 pm vs next 4 hours",WIND_DIRECTION,COMPARE,"[""Mamsha Pattti, Burhanpur""]","[""5:16 AM to 9 pm"", ""next 4 hours""]"
I need sun reading for Chhapra,SUNSHINE,GET,"[""Chhapra""]",[]
"On Tuesday, alert me about the outsde weather in Ranhot",CURRENT_CONDITIONS,ALERT,"[""Ranhot""]","[""Tuesday""]"
Reminder for how humid Gangada Buzurg tomorrow evening,HUMIDITY,ALERT,"[""Gangada Buzurg""]","[""tomorrow evening""]"
Set an alert for soil wetness level in Bejangiwada 2nite,SOIL_MOISTURE,ALERT,"[""Bejangiwada""]","[""2nite""]"
"pura, chandauli, uttarpredesh and hinauti chakia forecaste",FORECAST,COMPARE,"[""pura, chandauli, uttarpredesh"", ""hinauti chakia""]",[]
Wind force in Samaria Garudeshwar: tomorrow evening or 49 minutes quickly,WIND_SPEED,COMPARE,"[""Samaria Garudeshwar""]","[""tomorrow evening"", ""49 minutes""]"
preciptation chace from 7 pm to 9:30 pm pls,RAIN,GET,[],"[""7 pm to 9:30 pm""]"
Want alert for week ahead forecast in Khaikapada at 9:15 am,FORECAST,ALERT,"[""Khaikapada""]","[""9:15 am""]"
How warm is the farm soil right now?,SOIL_TEMPERATURE,GET,[],"[""right now""]"
how does the wind guts at my location copmare with shiris bani from 4:15 am to 3:30 pm?,WIND_SPEED,COMPARE,"[""my location"", ""shiris bani""]","[""4:15 am to 3:30 pm""]"
Weather outlook alert Tilikara Gaajapati arounnd 7:30 AM,FORECAST,ALERT,"[""Tilikara Gaajapati""]","[""7:30 AM""]"
Want alert for air temperature in Nieanjan Chak by 2 AM,TEMPERATURE,ALERT,"[""Nieanjan Chak""]","[""2 AM""]"
"Between Thanetar and Akuanala, where is the wind direction stronger by 12:05 PM?",WIND_DIRECTION,COMPARE,"[""Thanetar"", ""Akuanala""]","[""12:05 PM""]"
alert me if the temperature crosses 40 degrees in mizoam 2nite,TEMPERATURE,ALERT,"[""mizoam""]","[""2nite""]"
"Put highest temperature near by against Uttarpradesh, India 2day",TEMPERATURE_MAX,COMPARE,"[""near by"", ""Uttarpradesh, India""]","[""2day""]"
Diffreence in long raneg forecast between East Khasi Hills and Bahuara on Monday,FORECAST,COMPARE,"[""East Khasi Hills"", ""Bahuara""]","[""Monday""]"
"this afternoon, what is the sunliite around here?",SUNSHINE,GET,"[""here""]","[""this afternoon""]"
What is the clouds near by?,CLOUD_COVER,GET,"[""near by""]",[]
difffrence in sunny between demra and pathakpur by 7:20 am?!,SUNSHINE,COMPARE,"[""demra"", ""pathakpur""]","[""7:20 am""]"
Low temp in Nowgong Madeya Pradesh on Friday,TEMPERATURE_MIN,GET,"[""Nowgong Madeya Pradesh""]","[""Friday""]"
update me on which way the wind blows,WIND_DIRECTION,GET,[],[]
"Inform me if solar exposure bad in Agaram, Cuddalore on Tuesday",SUNSHINE,ALERT,"[""Agaram, Cuddalore""]","[""Tuesday""]"
Max temp Maslanapur or Gospurnatara Unnao Uttarpradesh,TEMPERATURE_MAX,COMPARE,"[""Maslanapur"", ""Gospurnatara Unnao Uttarpradesh""]",[]
"Tell me when sunshine hours changes Pathikunwa, Sonbhadra nxt week",SUNSHINE,ALERT,"[""Pathikunwa, Sonbhadra""]","[""nxt week""]"
"which beter for will it rain, madarpur haridwar or bhelagurhi?",RAIN,COMPARE,"[""madarpur haridwar"", ""bhelagurhi""]",[]
How much sun duration by midnight?!,SUNSHINE,GET,[],"[""midnight""]"
set an alert for where wind is comnig from at my location last week,WIND_DIRECTION,ALERT,"[""my location""]","[""last week""]"
let me know if there is a gusts alert in ginigera tomorrow evening,WIND_SPEED,ALERT,"[""ginigera""]","[""tomorrow evening""]"
Maximum temperaturre from 5:16 AM to 9 pm..,TEMPERATURE_MAX,GET,[],"[""5:16 AM to 9 pm""]"
compare the bright sunshne in my felid with samaria garudeshwar right now,SUNSHINE,COMPARE,"[""my felid"", ""samaria garudeshwar""]","[""right now""]"
What's the max tempreture around my area,TEMPERATURE_MAX,GET,"[""my area""]",[]
Warn me about the precipitation chance here from 1 AM to 8 AM,RAIN,ALERT,"[""here""]","[""1 AM to 8 AM""]"
Let me know if tere is a sun hours alert in Burhanpur right now,SUNSHINE,ALERT,"[""Burhanpur""]","[""right now""]"
"Give me the weather status for Adampur, Uttarpradesh by 12:05 PM",CURRENT_CONDITIONS,GET,"[""Adampur, Uttarpradesh""]","[""12:05 PM""]"
is the light rain in raibaereli differont 9:30 pm and 49 minutes..,RAIN,COMPARE,"[""raibaereli""]","[""9:30 pm"", ""49 minutes""]"
Wrrn me about weekly weather in Lesligunj,FORECAST,ALERT,"[""Lesligunj""]",[]
"kindly Soil heat Burhanpur or Joharapur, Ahamadnagar",SOIL_TEMPERATURE,COMPARE,"[""Burhanpur"", ""Joharapur, Ahamadnagar""]",[]
inform me if wind speed bad in saikheda on saturday,WIND_SPEED,ALERT,"[""saikheda""]","[""saturday""]"
lowest temperatture figures for dauodarpur,TEMPERATURE_MIN,GET,"[""dauodarpur""]",[]
Can you tell me the max temp in Maruari this weekend?,TEMPERATURE_MAX,GET,"[""Maruari""]","[""this weekend""]"
Remind me to check the cloud covr in Matka Viran Jansath Muzaffarrnagar from 10 AM to 11 pm,CLOUD_COVER,ALERT,"[""Matka Viran Jansath Muzaffarrnagar""]","[""10 AM to 11 pm""]"
"Coipare the actual temperature in Fazalnagar, Jasrana, Firozabad between Tuesday and 1:30 pm",TEMPERATURE,COMPARE,"[""Fazalnagar, Jasrana, Firozabad""]","[""Tuesday"", ""1:30 pm""]"
Tel me how is weaher around 11 PM,CURRENT_CONDITIONS,GET,[],"[""11 PM""]"
Minimum near by,TEMPERATURE_MIN,GET,"[""near by""]",[]
Is any storm advisory issued tomorrow morning?,RAIN,ALERT,[],"[""tomorrow morning""]"
Baniyala in the next 3 hours wind flow directino?,WIND_DIRECTION,GET,"[""Baniyala""]","[""next 3 hours""]"
bro Give me the strong wind for Mithwal Buzurg tmrw,WIND_SPEED,GET,"[""Mithwal Buzurg""]","[""tmrw""]"
Wich has more soil temp Piprahia or Khadikapada at 11:30 AM?!,SOIL_TEMPERATURE,COMPARE,"[""Piprahia"", ""Khadikapada""]","[""11:30 AM""]"
Comparre the wind speed forecast nearby with Water Bodies 2day,WIND_SPEED,COMPARE,"[""nearby"", ""Water Bodies""]","[""2day""]"
Should i worry about the coldest in Sakriya by 9:45 pm?,TEMPERATURE_MIN,ALERT,"[""Sakriya""]","[""9:45 pm""]"
Dew piont temp this week pls,DEW_POINT,GET,[],"[""this week""]"
Whts earth tempperature in Ramanujnagar nxt week,SOIL_TEMPERATURE,GET,"[""Ramanujnagar""]","[""nxt week""]"
"For the next 7 days, alert me about the soil temp in Khapa",SOIL_TEMPERATURE,ALERT,"[""Khapa""]","[""next 7 days""]"
Set an alert for highest temp,TEMPERATURE_MAX,ALERT,[],[]
Should i worry about the dewpoint in Mangalvehde nxt week?,DEW_POINT,ALERT,"[""Mangalvehde""]","[""nxt week""]"
How wndy is it in Jhalon Ki Madr?,WIND_SPEED,GET,"[""Jhalon Ki Madr""]",[]
Notify me about the rain amount around 3:34 am?,RAIN,ALERT,[],"[""3:34 am""]"
remind me to check the how hot in sukma,TEMPERATURE,ALERT,"[""sukma""]",[]
Check the maximmu this morning,TEMPERATURE_MAX,GET,[],"[""this morning""]"
Ceeck the temperatue now in Gara,TEMPERATURE,GET,"[""Gara""]",[]
"Put the temperature in this area agaist Pathar, Wardha on Saturday",TEMPERATURE,COMPARE,"[""this area"", ""Pathar, Wardha""]","[""Saturday""]"
Ping me abot the maximum temperature in my plot,TEMPERATURE_MAX,ALERT,"[""my plot""]",[]
How much soil moistur near me next month?,SOIL_MOISTURE,GET,"[""near me""]","[""next month""]"
"compare air temperaturre thakurdi, puruliya imaliya swaroop tonight",TEMPERATURE,COMPARE,"[""thakurdi, puruliya"", ""imaliya swaroop""]","[""tonight""]"
How high is the dew point in Naagland on Monday?,DEW_POINT,GET,"[""Naagland""]","[""Monday""]"
how does the soil temp around here compaae with buthpur this weekend?,SOIL_TEMPERATURE,COMPARE,"[""here"", ""buthpur""]","[""this weekend""]"
How is the weather in Nowggong tomorrow night?,CURRENT_CONDITIONS,GET,"[""Nowggong""]","[""tomorrow night""]"
Is any wind adviosry issued,WIND_SPEED,ALERT,[],[]
Udate me on the how humid in Khubura,HUMIDITY,GET,"[""Khubura""]",[]
tell me the weather predicion at my place by 4 pm,FORECAST,GET,"[""my place""]","[""4 pm""]"
Is there any weather report warning in my farm now?,FORECAST,ALERT,"[""my farm""]","[""now""]"
"Is the solar exposure higher in Maharaja or in Par Shibpur, West Bengal during the sowing week?",SUNSHINE,COMPARE,"[""Maharaja"", ""Par Shibpur, West Bengal""]","[""sowing week""]"
Anandpur Jalalabad Shahjahanpur Uttarpradesh v/s Sawai Madhopur Rajasthan lowest temperrature today tmrw,TEMPERATURE_MIN,COMPARE,"[""Anandpur Jalalabad Shahjahanpur Uttarpradesh"", ""Sawai Madhopur Rajasthan""]","[""tmrw""]"
"Should i worry about the current conditions in Bakarkol, Azamgarh, Uttarpardesh at 6 pm?",CURRENT_CONDITIONS,ALERT,"[""Bakarkol, Azamgarh, Uttarpardesh""]","[""6 pm""]"
any idea about the outsdie weather tomorow?,CURRENT_CONDITIONS,GET,[],"[""tomorow""]"
How high will the teemperature go in Semilibecnha from 2 am to 7 AM?,TEMPERATURE_MAX,GET,"[""Semilibecnha""]","[""2 am to 7 AM""]"
pail vs oman rh,HUMIDITY,COMPARE,"[""pail"", ""oman""]",[]
Reminder wind bearing Tikamgarh right now,WIND_DIRECTION,ALERT,"[""Tikamgarh""]","[""right now""]"
"Contrast the dew level at my location with Joharapur, Ahamadnagar this weekend",DEW_POINT,COMPARE,"[""my location"", ""Joharapur, Ahamadnagar""]","[""this weekend""]"
Check relative moisture on Tuesday,HUMIDITY,GET,[],"[""Tuesday""]"
Pls tell me the air moisture in Manikpura,HUMIDITY,GET,"[""Manikpura""]",[]
Check the sunny hours at 1:45 AM,SUNSHINE,GET,[],"[""1:45 AM""]"
"by midnight, compare the wind force in nebraka and tahliwala jattan",WIND_SPEED,COMPARE,"[""nebraka"", ""tahliwala jattan""]","[""midnight""]"
kulgorhi satna vesrus saran nani kachchh gujarat daytime high rn,TEMPERATURE_MAX,COMPARE,"[""kulgorhi satna"", ""saran nani kachchh gujarat""]","[""rn""]"
wat is outsie conditionns in our village in the next 3 hours,CURRENT_CONDITIONS,GET,"[""our village""]","[""next 3 hours""]"
"For Vadi and North Carolina both, what is the soil wetness level 2nite?",SOIL_MOISTURE,COMPARE,"[""Vadi"", ""North Carolina""]","[""2nite""]"
bro Want alert for how cluody in Buradapadu nxt week,CLOUD_COVER,ALERT,"[""Buradapadu""]","[""nxt week""]"
"Rudraprayag, Uttarakhand vs Bandarchuan, Chatra, Jharkhand what's the weathre like",CURRENT_CONDITIONS,COMPARE,"[""Rudraprayag, Uttarakhand"", ""Bandarchuan, Chatra, Jharkhand""]",[]
Compare mitti ki nami in Odha vs Hosahalli on Wednesday,SOIL_MOISTURE,COMPARE,"[""Odha"", ""Hosahalli""]","[""Wednesday""]"
Notifiy me about the solar radiation in Turnal on Monday,SUNSHINE,ALERT,"[""Turnal""]","[""Monday""]"
need to know ovvernight low on sunday,TEMPERATURE_MIN,GET,[],"[""sunday""]"
Any idea about the wind flow direction in Bandliguda tomorrow morning?,WIND_DIRECTION,GET,"[""Bandliguda""]","[""tomorrow morning""]"
"warrn me about hours of sunlight in dakshin panialguri, alipur duar, west bengal yesterday",SUNSHINE,ALERT,"[""dakshin panialguri, alipur duar, west bengal""]","[""yesterday""]"
Wind beaaring Jaara today pls,WIND_DIRECTION,GET,"[""Jaara""]","[""today""]"
On Wednesday nami figures near me,HUMIDITY,GET,"[""near me""]","[""Wednesday""]"
"Contrast the moisture in field nearby with Parbhani, Maharashtra later today",SOIL_MOISTURE,COMPARE,"[""nearby"", ""Parbhani, Maharashtra""]","[""later today""]"
Set an alert for field moisture next weekend,SOIL_MOISTURE,ALERT,[],"[""next weekend""]"
"In Kathgariya, Baheri, Bareilly, Uttarpradesh, what is the clod cover percentage for the next 3 days?",CLOUD_COVER,GET,"[""Kathgariya, Baheri, Bareilly, Uttarpradesh""]","[""next 3 days""]"
Compare temperature between Delhi and Mumbai next week,TEMPERATURE,COMPARE,"[""Delhi"", ""Mumbai""]","[""next week""]"
Give me the weather report for Telangana next week,FORECAST,GET,"[""Telangana""]","[""next week""]"
"bro Next weekend, what is the downpour in Syaat?",RAIN,GET,"[""Syaat""]","[""Next weekend""]"
Put the weather stiuation around here against Nizamauad Town from 8:30 am to 12:30 PM,CURRENT_CONDITIONS,COMPARE,"[""here"", ""Nizamauad Town""]","[""8:30 am to 12:30 PM""]"
Notify me if the dew poit rises in Chandssora early morning,DEW_POINT,ALERT,"[""Chandssora""]","[""early morning""]"
send alert moisturre at 40cm in alinjikuppam at 10:06 am,SOIL_MOISTURE,ALERT,"[""alinjikuppam""]","[""10:06 am""]"
notify me if the wind direction shifts in gundaram tadwai day after tomorow,WIND_DIRECTION,ALERT,"[""gundaram tadwai""]","[""day after tomorow""]"
what's the cloed cover in birshapr?,CLOUD_COVER,GET,"[""birshapr""]",[]
Let me know if thhre is a low temp alert in Rengalppali tmrw,TEMPERATURE_MIN,ALERT,"[""Rengalppali""]","[""tmrw""]"
Could you ceck the mauasm near by rn,CURRENT_CONDITIONS,GET,"[""near by""]","[""rn""]"
"Regarding Odisha, India, what is the soil moisture tomorow?",SOIL_MOISTURE,GET,"[""Odisha, India""]","[""tomorow""]"
"between bkaarkol, azamgarh, uttarpradesh and babhulkheda, whre is the temprature stronger this afternoon?",TEMPERATURE,COMPARE,"[""bkaarkol, azamgarh, uttarpradesh"", ""babhulkheda""]","[""this afternoon""]"
want to know bdal kuttaid rn,CLOUD_COVER,GET,"[""kuttaid""]","[""rn""]"
Notify me about the wnd seped at my place from 10 AM to 11 am,WIND_SPEED,ALERT,"[""my place""]","[""10 AM to 11 am""]"
Set an alert for wind flow diirection in Bagbahra at 6 pm,WIND_DIRECTION,ALERT,"[""Bagbahra""]","[""6 pm""]"
Message me the moisttue the soil in Kamdiha this week,SOIL_MOISTURE,ALERT,"[""Kamdiha""]","[""this week""]"
compare bright sunshine kollur gautambudhnagar 2nite,SUNSHINE,COMPARE,"[""kollur"", ""gautambudhnagar""]","[""2nite""]"
how does the sttorm in badehar alias dehlan compare with gowdanahalli tumakru karnataka at 9:30 pm?,RAIN,COMPARE,"[""badehar alias dehlan"", ""gowdanahalli tumakru karnataka""]","[""9:30 pm""]"
wich has more dew temperature burkina faso or temtha karari for the next 7 days,DEW_POINT,COMPARE,"[""burkina faso"", ""temtha karari""]","[""next 7 days""]"
"In Irumbedu, what is the rainfal?",RAIN,GET,"[""Irumbedu""]",[]
Inform me if hours of sun bad in Turamamidi tomorrow evening,SUNSHINE,ALERT,"[""Turamamidi""]","[""tomorrow evening""]"
Check the dew next month,DEW_POINT,GET,[],"[""next month""]"
jhalon ki maadr ka maximum around 7 pm,TEMPERATURE_MAX,GET,"[""jhalon ki maadr""]","[""7 pm""]"
Need to know weather rport in the next 4 hours??,FORECAST,GET,[],"[""next 4 hours""]"
"Notify me about the minimum in Ddaari, Jaunpur tonight",TEMPERATURE_MIN,ALERT,"[""Ddaari, Jaunpur""]","[""tonight""]"
Quuck how hot check for Kunngayi on Friday,TEMPERATURE,GET,"[""Kunngayi""]","[""Friday""]"
"Let me know if there is a wind comes from alert in Oisha, India for the next 3 days",WIND_DIRECTION,ALERT,"[""Oisha, India""]","[""next 3 days""]"
update me on the sunlight in ssiswa tola jai ray by 2 am,SUNSHINE,GET,"[""ssiswa tola jai ray""]","[""2 am""]"
Is any climaie right now advisory issued?,CURRENT_CONDITIONS,ALERT,[],[]
"Is there any tempreture warnning for Alabur, Baleari this afternoon?",TEMPERATURE,ALERT,"[""Alabur, Baleari""]","[""this afternoon""]"
Is the weather ahead in Matka Virna Jansath Muzaffarnagar diferent today 2 am?,FORECAST,COMPARE,"[""Matka Virna Jansath Muzaffarnagar""]","[""today"", ""2 am""]"
Check soil moistur at my locaton by 12 AM,SOIL_MOISTURE,GET,"[""my locaton""]","[""12 AM""]"
flag the soil temprature,SOIL_TEMPERATURE,ALERT,[],[]
soil heat edabara: next weekend or right now?,SOIL_TEMPERATURE,COMPARE,"[""edabara""]","[""next weekend"", ""right now""]"
Set an alrt for relative humidity in Sawai Madhopur Raajsthan day after tomorrow,HUMIDITY,ALERT,"[""Sawai Madhopur Raajsthan""]","[""day after tomorrow""]"
Put the barissh in my plot against Baniylaa Churu yesterday,RAIN,COMPARE,"[""my plot"", ""Baniylaa Churu""]","[""yesterday""]"
Is there any sunlight hours warning near me on Friday?,SUNSHINE,ALERT,"[""near me""]","[""Friday""]"
Diffrence in minimum temprature between Mhuali Buzurg and Manikpura tomorow,TEMPERATURE_MIN,COMPARE,"[""Mhuali Buzurg"", ""Manikpura""]","[""tomorow""]"
How does the current temp in Kholpur later today compare to day after tomorow,TEMPERATURE,COMPARE,"[""Kholpur""]","[""later today"", ""day after tomorow""]"
Warn me about the where wind is coming from at my location,WIND_DIRECTION,ALERT,"[""my location""]",[]
What's the upcoming forecast,FORECAST,GET,[],[]
compare the direction wind near me with east khasi hills next week,WIND_DIRECTION,COMPARE,"[""near me"", ""east khasi hills""]","[""next week""]"
"at 9:30 am, what is soil temperatre 10cm in betjharan?",SOIL_TEMPERATURE,GET,"[""betjharan""]","[""9:30 am""]"
What's the maximum temperature tomorrow in Cairo?,TEMPERATURE_MAX,GET,"[""Cairo""]","[""tomorrow""]"
any warnings abuot wind speeed in tilikara gaapati by 4:45 am?,WIND_SPEED,ALERT,"[""tilikara gaapati""]","[""4:45 am""]"
Ping me about the soil moisture at 10cm on Wednesday,SOIL_MOISTURE,ALERT,[],"[""Wednesday""]"
How low will the temperature drop in Rajahmundry tomorrow morning?,TEMPERATURE_MIN,GET,"[""Rajahmundry""]","[""tomorrow morning""]"
put the daytime temperatre here against bhurkhed tmrw,TEMPERATURE_MAX,COMPARE,"[""here"", ""bhurkhed""]","[""tmrw""]"
what is the min temperature in khnai upperli kangra?,TEMPERATURE_MIN,GET,"[""khnai upperli kangra""]",[]
"Compare Kathgariya, Baheri, Bareilly, Uttarpradesh Gerai Ki Guwari Rajasthan vaana",RAIN,COMPARE,"[""Kathgariya, Baheri, Bareilly, Uttarpradesh"", ""Gerai Ki Guwari Rajasthan""]",[]
ping me about the dewpoit in this area on friday,DEW_POINT,ALERT,"[""this area""]","[""friday""]"
"show me the dew ponit temp for adampur, uttarpradesh and gothani tonight",DEW_POINT,COMPARE,"[""adampur, uttarpradesh"", ""gothani""]","[""tonight""]"
"put a reminder for weather report in tupenga, mainpur next week",FORECAST,ALERT,"[""tupenga, mainpur""]","[""next week""]"
"pls later today, alret me about the humidtiy in pogalur",HUMIDITY,ALERT,"[""pogalur""]","[""later today""]"
How does the degree in my village compaer with Veenavvanka on Tuesday?,TEMPERATURE,COMPARE,"[""my village"", ""Veenavvanka""]","[""Tuesday""]"
set allert for nami in this area tonight,HUMIDITY,ALERT,"[""this area""]","[""tonight""]"
bro warn me about the dewpoint temperature in my feid next month,DEW_POINT,ALERT,"[""my feid""]","[""next month""]"
Whtas dew looking like now?,DEW_POINT,GET,[],"[""now""]"
do you have the clouds data for adanbeda in the next 4 hours,CLOUD_COVER,GET,"[""adanbeda""]","[""next 4 hours""]"
Notify me about the soil temperature 10cm in Kanissail Pt Ii Assam in 30 minutes,SOIL_TEMPERATURE,ALERT,"[""Kanissail Pt Ii Assam""]","[""30 minutes""]"
Reminder for sunny hours Bedchit this evening,SUNSHINE,ALERT,"[""Bedchit""]","[""this evening""]"
"Hw is weatehr forecast in Kuttadi, Kallakkurichi",FORECAST,GET,"[""Kuttadi, Kallakkurichi""]",[]
How does the low temp arounnd here compare with Pahrauli Uttarprradesh today?,TEMPERATURE_MIN,COMPARE,"[""here"", ""Pahrauli Uttarprradesh""]","[""today""]"
"Compare taapmaan nearby with Ramuapur, Misrik, Sitapur, Uttarpradesh nxt week",TEMPERATURE,COMPARE,"[""nearby"", ""Ramuapur, Misrik, Sitapur, Uttarpradesh""]","[""nxt week""]"
Any warnings about nami in Dhobahi later today?,HUMIDITY,ALERT,"[""Dhobahi""]","[""later today""]"
Send alert maximum in Haragarahalli day after tomorrow,TEMPERATURE_MAX,ALERT,"[""Haragarahalli""]","[""day after tomorrow""]"
send me an alert if the minimum is unusual in guinea-bissau this evening,TEMPERATURE_MIN,ALERT,"[""guinea-bissau""]","[""this evening""]"
Ping me about the cloud density in Pisad tomorow,CLOUD_COVER,ALERT,"[""Pisad""]","[""tomorow""]"
"Which is betaer for maxomum, Dwarahat Almora or Rudrpur, Unnao, Uttarpradesh?",TEMPERATURE_MAX,COMPARE,"[""Dwarahat Almora"", ""Rudrpur, Unnao, Uttarpradesh""]",[]
notify me abuot the overnight temperature on friday,TEMPERATURE_MIN,ALERT,[],"[""friday""]"
"Put the soil moitur in my field against Kandari Kh., Jalna",SOIL_MOISTURE,COMPARE,"[""my field"", ""Kandari Kh., Jalna""]",[]
warn me about the rainfall near by on sunday,RAIN,ALERT,"[""near by""]","[""sunday""]"
Manipur Idia veres Malhawani heavy rain at 1:09 AM,RAIN,COMPARE,"[""Manipur Idia"", ""Malhawani""]","[""1:09 AM""]"
is the storm in duvvada different sowing week and tonight?,RAIN,COMPARE,"[""duvvada""]","[""sowing week"", ""tonight""]"
"Difference in weather status between Chhacnhina, Dasarathpur and Barkhedi Piploda Ratlam Madhya Pradesh now",CURRENT_CONDITIONS,COMPARE,"[""Chhacnhina, Dasarathpur"", ""Barkhedi Piploda Ratlam Madhya Pradesh""]","[""now""]"
"Wind Tujlapur, Maharashtra or Yellanur",WIND_SPEED,COMPARE,"[""Tujlapur, Maharashtra"", ""Yellanur""]",[]
Direction of the wind near by,WIND_DIRECTION,GET,"[""near by""]",[]
compere the highest temperature today thiruvaniyoor kunnattunaad ernakulam kerala betwen 1 pm and 1:48 pm,TEMPERATURE_MAX,COMPARE,"[""thiruvaniyoor kunnattunaad ernakulam kerala""]","[""1 pm"", ""1:48 pm""]"
Whats the week ahead frecast looking like in Sukhwasi by 1 pm?,FORECAST,GET,"[""Sukhwasi""]","[""1 pm""]"
"Updae me on the hours of sun in Balewal, Shahid Bhagat Singh Nagar, Punjab for the next 7 days",SUNSHINE,GET,"[""Balewal, Shahid Bhagat Singh Nagar, Punjab""]","[""next 7 days""]"
"Cloud covr Fiorzpur, Uttarpradesh pls",CLOUD_COVER,GET,"[""Fiorzpur, Uttarpradesh""]",[]
Put the weather ahead nearby against Sahapur yesterday,FORECAST,COMPARE,"[""nearby"", ""Sahapur""]","[""yesterday""]"
Weather outloko in my fild from 6:30 PM to 10 PM pls,FORECAST,GET,"[""my fild""]","[""6:30 PM to 10 PM""]"
Do you have the cloud coverage data for Pakaria Kalan later today,CLOUD_COVER,GET,"[""Pakaria Kalan""]","[""later today""]"
"Coduest Khabalu F V, North Lakhimpur vs Rajauri from 8:30 am to 12:30 PM",TEMPERATURE_MIN,COMPARE,"[""Khabalu F V, North Lakhimpur"", ""Rajauri""]","[""8:30 am to 12:30 PM""]"
Warn me abut the air moisture in Pennaaram by 6:15 am,HUMIDITY,ALERT,"[""Pennaaram""]","[""6:15 am""]"
"contrast the overnight temperature in khalina, jaleswar with bhod bk. today",TEMPERATURE_MIN,COMPARE,"[""khalina, jaleswar"", ""bhod bk.""]","[""today""]"
Is it nice outside in Paris right now?,CURRENT_CONDITIONS,GET,"[""Paris""]","[""right now""]"
"any soil wetness advisorry issued for Dakshin Panialguri, Alipur Duar, West Bengal on Monday?",SOIL_MOISTURE,ALERT,"[""Dakshin Panialguri, Alipur Duar, West Bengal""]","[""Monday""]"
"Where is the soil water content grater, Kanisail Pt Ii Assam or Nauli at 10:14 PM?",SOIL_MOISTURE,COMPARE,"[""Kanisail Pt Ii Assam"", ""Nauli""]","[""10:14 PM""]"
"Later today, what is the temprituure at my pace?",TEMPERATURE,GET,"[""my pace""]","[""Later today""]"
raise an alarm if the dew point looks bad in madani by midnight,DEW_POINT,ALERT,"[""madani""]","[""midnight""]"
"How does the hawa ki raiar my plot compare with Ama Tola, Ambagarh Chowki, Raj Nandgaon by 11 am",WIND_SPEED,COMPARE,"[""my plot"", ""Ama Tola, Ambagarh Chowki, Raj Nandgaon""]","[""11 am""]"
"Show me the soil witer content for Bangaliyou Pauri Garhwal and Bahunagar Urf Sirsa, Baheri tonight",SOIL_MOISTURE,COMPARE,"[""Bangaliyou Pauri Garhwal"", ""Bahunagar Urf Sirsa, Baheri""]","[""tonight""]"
Which drection is the wind bloing in Sitapru nxt week?,WIND_DIRECTION,GET,"[""Sitapru""]","[""nxt week""]"
Wnd direcion at my location from 7:02 AM to 10 PM pls,WIND_DIRECTION,GET,"[""my location""]","[""7:02 AM to 10 PM""]"
Comrpe groud temp in Dwitikrishnapur vs Bhodua,SOIL_TEMPERATURE,COMPARE,"[""Dwitikrishnapur"", ""Bhodua""]",[]
Tala Khedi v/s Pipaliya temarature today,TEMPERATURE,COMPARE,"[""Tala Khedi"", ""Pipaliya""]","[""today""]"
Warn about the dewpoint temperatre on Monday,DEW_POINT,ALERT,[],"[""Monday""]"
Warn me about the sky condition by 11 am,CLOUD_COVER,ALERT,[],"[""11 am""]"
"Weeather Jharkhand, India vs Ichhapur",CURRENT_CONDITIONS,COMPARE,"[""Jharkhand, India"", ""Ichhapur""]",[]
Dhoop details this week?!,SUNSHINE,GET,[],"[""this week""]"
"What is the humdity in Mgolpatna, Odisha?",HUMIDITY,GET,"[""Mgolpatna, Odisha""]",[]
"Around 11 PM, compare the soil moisure at 40 m in Pisad, Bharuch and Anandpur",SOIL_MOISTURE,COMPARE,"[""Pisad, Bharuch"", ""Anandpur""]","[""11 PM""]"
tell me the weather now,CURRENT_CONDITIONS,GET,[],[]
"Hawa ki disha in Khadikapada Betanati and Mashaldaha around 7:30 AM, which is bteter?",WIND_DIRECTION,COMPARE,"[""Khadikapada Betanati"", ""Mashaldaha""]","[""7:30 AM""]"
"whats up with badal in adampur, uttarpradesh?",CLOUD_COVER,GET,"[""adampur, uttarpradesh""]",[]
Cold deails tommorow,TEMPERATURE,GET,[],"[""tommorow""]"
is any high temp advsiory issued for joharappur from 6:30 pm to 10 pm?,TEMPERATURE_MAX,ALERT,"[""joharappur""]","[""6:30 pm to 10 pm""]"
Warn me abuot the low temp in my farm,TEMPERATURE_MIN,ALERT,"[""my farm""]",[]
khamarpaea vress shripur soil temp,SOIL_TEMPERATURE,COMPARE,"[""khamarpaea"", ""shripur""]",[]
Notify me about the daily forecast tomorrow morning,FORECAST,ALERT,[],"[""tomorrow morning""]"
do you have the dew lveel data for samoa yesterday,DEW_POINT,GET,"[""samoa""]","[""yesterday""]"
tell me when wind intensity chanegs b koduru from 4:15 am to 3:30 pm,WIND_SPEED,ALERT,"[""b koduru""]","[""4:15 am to 3:30 pm""]"
Put the coledst of Lonar against Nauli on Monday,TEMPERATURE_MIN,COMPARE,"[""Lonar"", ""Nauli""]","[""Monday""]"
Alrt me if precipitation amount changes in Buwana tomorrow evening,RAIN,ALERT,"[""Buwana""]","[""tomorrow evening""]"
", what the reltaive humiity in gurudayalpur f.v.?",HUMIDITY,GET,"[""gurudayalpur f.v.""]",[]
check the humid in khaap nagpur day after tomorow,HUMIDITY,GET,"[""khaap nagpur""]","[""day after tomorow""]"
"Let me know if there is a hawa ki dsha aert in Koara, Himachal Pradesh tomorrow morning",WIND_DIRECTION,ALERT,"[""Koara, Himachal Pradesh""]","[""tomorrow morning""]"
Update me on the where wind is coming from in Baniiyala Churu next weekend,WIND_DIRECTION,GET,"[""Baniiyala Churu""]","[""next weekend""]"
send alert due point in gali bhimavaram during the sowing week,DEW_POINT,ALERT,"[""gali bhimavaram""]","[""sowing week""]"
Is any dewpoit advisory issued at 1:30 am?,DEW_POINT,ALERT,[],"[""1:30 am""]"
how does the predictions in phulwaria cmpare with jangaon?,FORECAST,COMPARE,"[""phulwaria"", ""jangaon""]",[]
how does soil temperature in syaat compare with puanpur next month?,SOIL_TEMPERATURE,COMPARE,"[""syaat"", ""puanpur""]","[""next month""]"
check heat level odisah in 90 minutes,TEMPERATURE,GET,"[""odisah""]","[""90 minutes""]"
"Notifiy me about dew poitn temp in Wargal, Siddpet",DEW_POINT,ALERT,"[""Wargal, Siddpet""]",[]
"For Beerakanahalli and Kannur both, what is the sunny horus?",SUNSHINE,COMPARE,"[""Beerakanahalli"", ""Kannur""]",[]
"from 4:30 am to 8:30 am, what is the what tmperature at my location?",TEMPERATURE,GET,"[""my location""]","[""4:30 am to 8:30 am""]"
Contast the solar radiation at my location with Chihli by 2 am,SUNSHINE,COMPARE,"[""my location"", ""Chihli""]","[""2 am""]"
"What is the souar radiation in Par Shibpur, West Bengal tomorrow",SUNSHINE,GET,"[""Par Shibpur, West Bengal""]","[""tomorrow""]"
"Message me the what's the weather like in Ginigera, Karnataka..",CURRENT_CONDITIONS,ALERT,"[""Ginigera, Karnataka""]",[]
give me highest temperature today for nutangram,TEMPERATURE_MAX,GET,"[""nutangram""]",[]
Baunli Sawai Madhopur Rajasthan versus Chandarpru drizzle day after tomorrow,RAIN,COMPARE,"[""Baunli Sawai Madhopur Rajasthan"", ""Chandarpru""]","[""day after tomorrow""]"
Is any gusts advisory issued for Ganderi on Saturday?,WIND_SPEED,ALERT,"[""Ganderi""]","[""Saturday""]"
"do you have the vaana data for dhepua, paschim medinipur sadar?",RAIN,GET,"[""dhepua, paschim medinipur sadar""]",[]
Want alrte for what temperature in Wadad for the next 7 days,TEMPERATURE,ALERT,"[""Wadad""]","[""next 7 days""]"
Wind bearing in this area early morning,WIND_DIRECTION,GET,"[""this area""]","[""early morning""]"
"Tell when dew point temperature chanegs Duldula, Chhatisagrh from 1:30 AM to 4 pm",DEW_POINT,ALERT,"[""Duldula, Chhatisagrh""]","[""1:30 AM to 4 pm""]"
tel me coldest in my feild by 12 pm,TEMPERATURE_MIN,GET,"[""my feild""]","[""12 pm""]"
Wat is cloud covr around my area last week,CLOUD_COVER,GET,"[""my area""]","[""last week""]"
"Tell me when moisture in the soil changes Tarya Lachhiram, Kushinagar, Uttarpradesh later today",SOIL_MOISTURE,ALERT,"[""Tarya Lachhiram, Kushinagar, Uttarpradesh""]","[""later today""]"
How duz the extended forecast in Bastar compare with Chengalpattu early morning?,FORECAST,COMPARE,"[""Bastar"", ""Chengalpattu""]","[""early morning""]"
how much ligth rain 2nite?,RAIN,GET,[],"[""2nite""]"
Contrst the climate right now in Dediya between later today tomorrow evening,CURRENT_CONDITIONS,COMPARE,"[""Dediya""]","[""later today"", ""tomorrow evening""]"
Warn me about the hottest here right now,TEMPERATURE_MAX,ALERT,"[""here""]","[""right now""]"
What is the dew my plot on Wednesday,DEW_POINT,GET,"[""my plot""]","[""Wednesday""]"
sould i worry about the soil temp in kohima right now?,SOIL_TEMPERATURE,ALERT,"[""kohima""]","[""right now""]"
Is there any weather conditions warning near me?,CURRENT_CONDITIONS,ALERT,"[""near me""]",[]
notify me about the mitti ka taapmaan near by tomorrow evening,SOIL_TEMPERATURE,ALERT,"[""near by""]","[""tomorrow evening""]"
Is the maximum temprature Bakud higher day after tomorrow or 4 PM,TEMPERATURE_MAX,COMPARE,"[""Bakud""]","[""day after tomorrow"", ""4 PM""]"
Compare the is it going to rain betwween Bahuara and Goudia Bahali this weekend,RAIN,COMPARE,"[""Bahuara"", ""Goudia Bahali""]","[""this weekend""]"
Send an alert if the mausam is unsuual in Nagaland tommorow,CURRENT_CONDITIONS,ALERT,"[""Nagaland""]","[""tommorow""]"
From 1:30 AM to 4 pm soil temp figuers for Farhalouki,SOIL_TEMPERATURE,GET,"[""Farhalouki""]","[""1:30 AM to 4 pm""]"
notify me abuot the soil moisure in my feld on monday,SOIL_MOISTURE,ALERT,"[""my feld""]","[""monday""]"
How much deergees Kubai Kata Gaon tomorow?,TEMPERATURE,GET,"[""Kubai Kata Gaon""]","[""tomorow""]"
Plz alerrt dewpoit Khonhhanpur tomorrow evening,DEW_POINT,ALERT,"[""Khonhhanpur""]","[""tomorrow evening""]"
Inform me if degreees bad in Nagapattinam,TEMPERATURE,ALERT,"[""Nagapattinam""]",[]
Warn me about the sun duration around my area next month asap,SUNSHINE,ALERT,"[""my area""]","[""next month""]"
Warn me about the hmididty here around 12:30 PM,HUMIDITY,ALERT,"[""here""]","[""12:30 PM""]"
Message me the mitti ka taapmaan in Bilara for the next 7 days,SOIL_TEMPERATURE,ALERT,"[""Bilara""]","[""next 7 days""]"
check the tapmaan in bandhdih by 7:20 am,TEMPERATURE,GET,"[""bandhdih""]","[""7:20 am""]"
Warrn me about night low in Chhatisgaarh India,TEMPERATURE_MIN,ALERT,"[""Chhatisgaarh India""]",[]
Cotnrast the wind in Sangrur with Rempi Gajapati,WIND_SPEED,COMPARE,"[""Sangrur"", ""Rempi Gajapati""]",[]
set an alet for soil water content in our village durnig the sowing week,SOIL_MOISTURE,ALERT,"[""our village""]","[""sowing week""]"
Compare chance of rain Uttar Phulbari Unchgaon 2day,RAIN,COMPARE,"[""Uttar Phulbari"", ""Unchgaon""]","[""2day""]"
I need the how humid reading by 8:30 AM,HUMIDITY,GET,[],"[""8:30 AM""]"
Do you have the wind speed forecast data for Patandaar around 10 pm?,WIND_SPEED,GET,"[""Patandaar""]","[""10 pm""]"
updatte me on the hoours of sunlight in my feild,SUNSHINE,GET,"[""my feild""]",[]
Set an alert for dwpoint here right now,DEW_POINT,ALERT,"[""here""]","[""right now""]"
Want alert for cold in Londa day after tomorrow,TEMPERATURE,ALERT,"[""Londa""]","[""day after tomorrow""]"
"Is there a severe weather forecst for Sabesar, Uttarpraedsh early morning?",FORECAST,ALERT,"[""Sabesar, Uttarpraedsh""]","[""early morning""]"
Want to know wind speed Sorahiya today,WIND_SPEED,GET,"[""Sorahiya""]","[""today""]"
"Betene Chawa and Chhapia Khas Bhanpur, where is the cloudy stronger for the next 7 days?",CLOUD_COVER,COMPARE,"[""Chawa"", ""Chhapia Khas Bhanpur""]","[""next 7 days""]"
"How does the tempreture at my location compare with Sheorajpur, Jaspur around 11 PM?",TEMPERATURE,COMPARE,"[""my location"", ""Sheorajpur, Jaspur""]","[""11 PM""]"
Plz aelrt heat Karhal next month,TEMPERATURE,ALERT,"[""Karhal""]","[""next month""]"
In the next 3 hours wind heading figuoes at my location,WIND_DIRECTION,GET,"[""my location""]","[""next 3 hours""]"
Soil moisture at 10 m in Dhemdhema Pt.i Bilasipara Circle: 1 pm or 12 pm?,SOIL_MOISTURE,COMPARE,"[""Dhemdhema Pt.i Bilasipara Circle""]","[""1 pm"", ""12 pm""]"
"pls In Porbandar, what is the maximum temparture tomorrow?",TEMPERATURE_MAX,GET,"[""Porbandar""]","[""tomorrow""]"
nami in piparia ehatmali: next month or 4 am?,HUMIDITY,COMPARE,"[""piparia ehatmali""]","[""next month"", ""4 am""]"
"Compare the predictinos at my place with Londa, Lakhnadon, Seoni by 1 am asap",FORECAST,COMPARE,"[""my place"", ""Londa, Lakhnadon, Seoni""]","[""1 am""]"
grund moisture in our village this weekend pls,SOIL_MOISTURE,GET,"[""our village""]","[""this weekend""]"
Contrast the colddest near me with Rupaspur Patna next month urgent,TEMPERATURE_MIN,COMPARE,"[""near me"", ""Rupaspur Patna""]","[""next month""]"
warn me about the dew temperature,DEW_POINT,ALERT,[],[]
Put the forecate in my village against Ladi Angan Baramula from 4:15 am to 3:30 pm,FORECAST,COMPARE,"[""my village"", ""Ladi Angan Baramula""]","[""4:15 am to 3:30 pm""]"
bramhapuri and mahamadpru pt ii soil temperaturre next month urgent,SOIL_TEMPERATURE,COMPARE,"[""bramhapuri"", ""mahamadpru pt ii""]","[""next month""]"
ping me about the nght low in this area right now,TEMPERATURE_MIN,ALERT,"[""this area""]","[""right now""]"
Is there any wind intensity warning this afternoon?,WIND_SPEED,ALERT,[],"[""this afternoon""]"
how much night temperature in ranka on monday?,TEMPERATURE_MIN,GET,"[""ranka""]","[""monday""]"
Cmopare the barish nearby with Borkhede this week,RAIN,COMPARE,"[""nearby"", ""Borkhede""]","[""this week""]"
how cloudy in doddahejjaji,CLOUD_COVER,GET,"[""doddahejjaji""]",[]
Send alert weather situation in Sahajpuri nxt week?!,CURRENT_CONDITIONS,ALERT,"[""Sahajpuri""]","[""nxt week""]"
tell me when weather now changes sitapur uttarpradesh next week,CURRENT_CONDITIONS,ALERT,"[""sitapur uttarpradesh""]","[""next week""]"
Plz alert weather upadte Konijerla by 1 am,CURRENT_CONDITIONS,ALERT,"[""Konijerla""]","[""1 am""]"
Could you check the wind flow direction in my fiedl this evening?,WIND_DIRECTION,GET,"[""my fiedl""]","[""this evening""]"
Contrast the moisture in the air near me with Lakhnadon day after tomorrow..,HUMIDITY,COMPARE,"[""near me"", ""Lakhnadon""]","[""day after tomorrow""]"
How much min temp in our village from 9:43 am to 1 PM?,TEMPERATURE_MIN,GET,"[""our village""]","[""9:43 am to 1 PM""]"
"plz aelrt clouds auranga bad, shahjahanpur",CLOUD_COVER,ALERT,"[""auranga bad, shahjahanpur""]",[]
"Compare the predictions here with Thirumalayapalem, Telangana tmrw asap",FORECAST,COMPARE,"[""here"", ""Thirumalayapalem, Telangana""]","[""tmrw""]"
wich has more whih way the wind blows bogole or piplya buzurg by 10 pm..,WIND_DIRECTION,COMPARE,"[""bogole"", ""piplya buzurg""]","[""10 pm""]"
How is the hours of sun,SUNSHINE,GET,[],[]
"Which is better for soil temperature at 40cm, Kendua Purba Medinipur West Bengal or Islampur?!",SOIL_TEMPERATURE,COMPARE,"[""Kendua Purba Medinipur West Bengal"", ""Islampur""]",[]
Raise an alarm if the cloudy looks bad in Ukhrul Manipur day after tomorow,CLOUD_COVER,ALERT,"[""Ukhrul Manipur""]","[""day after tomorow""]"
Degrees Abirampur vs Awhane Bk. by 7:20 am,TEMPERATURE,COMPARE,"[""Abirampur"", ""Awhane Bk.""]","[""7:20 am""]"
contsat the sunny here with hinauti tomorrow morning,SUNSHINE,COMPARE,"[""here"", ""hinauti""]","[""tomorrow morning""]"
Ping me abotu the how is the weather,CURRENT_CONDITIONS,ALERT,[],[]
"karnataka verses kulerbahali, bolangir (balangir), odisha outside weather",CURRENT_CONDITIONS,COMPARE,"[""karnataka"", ""kulerbahali, bolangir (balangir), odisha""]",[]
Sundarpur v/s Pura Ruchai dew poinnt temp,DEW_POINT,COMPARE,"[""Sundarpur"", ""Pura Ruchai""]",[]
contrast the due point in my vilage with demra,DEW_POINT,COMPARE,"[""my vilage"", ""demra""]",[]
Os bidu Panposh vs Gommu Koyagudem 2day,DEW_POINT,COMPARE,"[""Panposh"", ""Gommu Koyagudem""]","[""2day""]"
flag soil moiture at 10cm around my area,SOIL_MOISTURE,ALERT,"[""my area""]",[]
"Sunshien in Khrauli and River, Chabua Circle from 6:30 PM to 10 PM, which is better?",SUNSHINE,COMPARE,"[""Khrauli"", ""River, Chabua Circle""]","[""6:30 PM to 10 PM""]"
the how hot it is in my plot on saturday?,TEMPERATURE,GET,"[""my plot""]","[""saturday""]"
Wat is solar expoeure in my feild at 7 pm,SUNSHINE,GET,"[""my feild""]","[""7 pm""]"
How does the coldest temperature in my village comparre with Sewai Kalan at 3 am?,TEMPERATURE_MIN,COMPARE,"[""my village"", ""Sewai Kalan""]","[""3 am""]"
this evening tmperature of soil figures for nebraska?!,SOIL_TEMPERATURE,GET,"[""nebraska""]","[""this evening""]"
"Uate me on the rh in Fazalnagar, Jasrana, Firoabad this afternoon",HUMIDITY,GET,"[""Fazalnagar, Jasrana, Firoabad""]","[""this afternoon""]"
Ping me aout the direction of the wind by 6:15 am?!,WIND_DIRECTION,ALERT,[],"[""6:15 am""]"
set an alert for night temperature at my location 2nite,TEMPERATURE_MIN,ALERT,"[""my location""]","[""2nite""]"
cmpare the how cloudy between jukhia and patandadar,CLOUD_COVER,COMPARE,"[""jukhia"", ""patandadar""]",[]
"is any outside conditions advisory issued meghlaaya, india at 9:15 am?",CURRENT_CONDITIONS,ALERT,"[""meghlaaya, india""]","[""9:15 am""]"
Put drizzle at my place against Ichhapur this evening,RAIN,COMPARE,"[""my place"", ""Ichhapur""]","[""this evening""]"
Compare the dew temperature bettween Kesaibahal and Bhitaha Gopalpur day after tomorrow,DEW_POINT,COMPARE,"[""Kesaibahal"", ""Bhitaha Gopalpur""]","[""day after tomorrow""]"
"chcek the wind speed for both paschim ramchandrapur and pakaria kalan, chatra",WIND_SPEED,COMPARE,"[""paschim ramchandrapur"", ""pakaria kalan, chatra""]",[]
Parbahal v/s Jhagar Pur dew level,DEW_POINT,COMPARE,"[""Parbahal"", ""Jhagar Pur""]",[]
How is the wind bearing in Raibeareli tommorow?,WIND_DIRECTION,GET,"[""Raibeareli""]","[""tommorow""]"
Tell me the cloud percentaie for Sakariya tomorrow?,CLOUD_COVER,GET,"[""Sakariya""]","[""tomorrow""]"
Allert me if it rains in Hinauti this afternoon,RAIN,ALERT,"[""Hinauti""]","[""this afternoon""]"
Tell me the cloudy for Turanl early morning urgent,CLOUD_COVER,GET,"[""Turanl""]","[""early morning""]"
Warn me aobut the outside weather in Botad right now,CURRENT_CONDITIONS,ALERT,"[""Botad""]","[""right now""]"
Any warnings about how hot it is in Sari Muurkawal day after tomorrow,TEMPERATURE,ALERT,"[""Sari Muurkawal""]","[""day after tomorrow""]"
"Any idea abuot wind flow direction in R.venkampea, Vizianagaram?",WIND_DIRECTION,GET,"[""R.venkampea, Vizianagaram""]",[]
"Soil temperature at 10cm in Ananthapur and Ganguwa, which is better?",SOIL_TEMPERATURE,COMPARE,"[""Ananthapur"", ""Ganguwa""]",[]
What is the highest temperature in Delhi on Friday?,TEMPERATURE_MAX,GET,"[""Delhi""]","[""Friday""]"
Min temp details from 2 am to 7 AM,TEMPERATURE_MIN,GET,[],"[""2 am to 7 AM""]"
"How does the lowest temperature today around my area compare with Betul, Madhya Pradesh tonight?",TEMPERATURE_MIN,COMPARE,"[""my area"", ""Betul, Madhya Pradesh""]","[""tonight""]"
Let me know if tehre is a forecast aleert in Gaura in the next 3 hours,FORECAST,ALERT,"[""Gaura""]","[""next 3 hours""]"
Notiify me about the sunlight hours in Sahpaur,SUNSHINE,ALERT,"[""Sahpaur""]",[]
Compare Ahesha and Sadra upcoming weather,FORECAST,COMPARE,"[""Ahesha"", ""Sadra""]",[]
wheather dhamni raygad this afternoon pls,CURRENT_CONDITIONS,GET,"[""dhamni raygad""]","[""this afternoon""]"
"high temp in konarddihi and magura hugli this week, which is betetr?",TEMPERATURE_MAX,COMPARE,"[""konarddihi"", ""magura hugli""]","[""this week""]"
Is weather update advisory issued from 1 AM to 8 AM?,CURRENT_CONDITIONS,ALERT,[],"[""1 AM to 8 AM""]"
Compare Nalajhar Samaria Garudeshwar nighttime low,TEMPERATURE_MIN,COMPARE,"[""Nalajhar"", ""Samaria Garudeshwar""]",[]
Is the soil warm eonugh for planting in Thamalapura,SOIL_TEMPERATURE,GET,"[""Thamalapura""]",[]
"Give how cloudy Israjpalle, Jagtial at 11:30 AM",CLOUD_COVER,GET,"[""Israjpalle, Jagtial""]","[""11:30 AM""]"
is tere any soil temprature warning at my place tmrw?,SOIL_TEMPERATURE,ALERT,"[""my place""]","[""tmrw""]"
Put the wind seped of Tambwa against Sarol Himachal Pradesh,WIND_SPEED,COMPARE,"[""Tambwa"", ""Sarol Himachal Pradesh""]",[]
Will it be cluuy in Karrhal day after tomorrow?,CLOUD_COVER,GET,"[""Karrhal""]","[""day after tomorrow""]"
Is the current temp in Baleshwar Sadar hgher tomorrow night or 9 am,TEMPERATURE,COMPARE,"[""Baleshwar Sadar""]","[""tomorrow night"", ""9 am""]"
Put the forecaste around my area against Tholuvur from 9 AM to 11 AM,FORECAST,COMPARE,"[""my area"", ""Tholuvur""]","[""9 AM to 11 AM""]"
check moisture at 40cm paraspatti majhwar by midnight,SOIL_MOISTURE,GET,"[""paraspatti majhwar""]","[""midnight""]"
"For Kulerbahali, Bolangir (Balangir), Odisha and Papri both, what is the huors of sun 2day?",SUNSHINE,COMPARE,"[""Kulerbahali, Bolangir (Balangir), Odisha"", ""Papri""]","[""2day""]"
How is the lowest temp around here day after tomorrow?,TEMPERATURE_MIN,GET,"[""here""]","[""day after tomorrow""]"
Temp in my field on Wednesday?,TEMPERATURE,GET,"[""my field""]","[""Wednesday""]"
"Rain forecast in Himachal Pradesh and Alasana. next week, whhich is better?",RAIN,COMPARE,"[""Himachal Pradesh"", ""Alasana.""]","[""next week""]"
"Copare the sunilght at my location with Khalina, Jaleswar yesterday",SUNSHINE,COMPARE,"[""my location"", ""Khalina, Jaleswar""]","[""yesterday""]"
Ping me about the current temp near me arund 11 PM,TEMPERATURE,ALERT,"[""near me""]","[""11 PM""]"
", compaer the day high in tenkasi and jitamal kita??",TEMPERATURE_MAX,COMPARE,"[""tenkasi"", ""jitamal kita""]",[]
Plz alert wnd spaed Majha Mahripur tonight,WIND_SPEED,ALERT,"[""Majha Mahripur""]","[""tonight""]"
Put the humidity purcent in my feild against Bageshwar 2day,HUMIDITY,COMPARE,"[""my feild"", ""Bageshwar""]","[""2day""]"
"Alet me if the humidity goes above 90 percent in Turnal, Dewas during the sowing week",HUMIDITY,ALERT,"[""Turnal, Dewas""]","[""sowing week""]"
"Comee cloud covr in Jhuratarai, Dhamtari, Chhatisgarh vs Gourdih, Puruliya next week",CLOUD_COVER,COMPARE,"[""Jhuratarai, Dhamtari, Chhatisgarh"", ""Gourdih, Puruliya""]","[""next week""]"
Is the due poiint higher in Deopada Nashik or in Asaam India this weekend?,DEW_POINT,COMPARE,"[""Deopada Nashik"", ""Asaam India""]","[""this weekend""]"
Let me know if there is a breeze alert in Mighaul on Tuesday,WIND_SPEED,ALERT,"[""Mighaul""]","[""Tuesday""]"
"message me the soil moisture 40cm in neelgarh mal, harda during the sowing week?!",SOIL_MOISTURE,ALERT,"[""neelgarh mal, harda""]","[""sowing week""]"
"Wat is the minimum temperature in Rudraprayag, Uttarakhand?",TEMPERATURE_MIN,GET,"[""Rudraprayag, Uttarakhand""]",[]
is there any which way the wind bolws warning for kohima?,WIND_DIRECTION,ALERT,"[""kohima""]",[]
Samaria vs Shi Rajpur Kotdwar Pauri Garhwal tempreutre plz,TEMPERATURE,COMPARE,"[""Samaria"", ""Shi Rajpur Kotdwar Pauri Garhwal""]",[]
Compare the due ponit at my location with Kearla day after tomorow,DEW_POINT,COMPARE,"[""my location"", ""Kearla""]","[""day after tomorow""]"
"How does the soil wetness nearby copare with Jamdahaar, Paschim Medinipur, West Bengal?",SOIL_MOISTURE,COMPARE,"[""nearby"", ""Jamdahaar, Paschim Medinipur, West Bengal""]",[]
Warn me abuoot the soil moisture at 10cm in Mampur on Wednesday,SOIL_MOISTURE,ALERT,"[""Mampur""]","[""Wednesday""]"
"Compare dew leevel Haragarahalli Ganganagar, Kamalpur, Dhalaai",DEW_POINT,COMPARE,"[""Haragarahalli"", ""Ganganagar, Kamalpur, Dhalaai""]",[]
Any warnings about cloudiness in Navsari 82 minutes?,CLOUD_COVER,ALERT,"[""Navsari""]","[""82 minutes""]"
Tel me weather update in my farm around 4:15 PM,CURRENT_CONDITIONS,GET,"[""my farm""]","[""4:15 PM""]"
Compare the field moisture nearby with Jhanjdapal,SOIL_MOISTURE,COMPARE,"[""nearby"", ""Jhanjdapal""]",[]
want to know breeze badadunguripali on wednesday,WIND_SPEED,GET,"[""badadunguripali""]","[""wednesday""]"
"Minimum temprature in Patti Khurd and Duliakhal Karaib, wihch is better urgent",TEMPERATURE_MIN,COMPARE,"[""Patti Khurd"", ""Duliakhal Karaib""]",[]
how claedy chhatisgarh or jhanjdapal koliaa,CLOUD_COVER,COMPARE,"[""chhatisgarh"", ""jhanjdapal koliaa""]",[]
Is the minimum in Tala Khedi higehr next 8 hours or day after tomorrow?,TEMPERATURE_MIN,COMPARE,"[""Tala Khedi""]","[""next 8 hours"", ""day after tomorrow""]"
"Whts weather prediction in Babhulkheda, Kannad, Aurngabad by midnight",FORECAST,GET,"[""Babhulkheda, Kannad, Aurngabad""]","[""midnight""]"
Do you have the soil heat data for Paraspatti Majhwar?,SOIL_TEMPERATURE,GET,"[""Paraspatti Majhwar""]",[]
Week ahead forecast in Barkhedi Piploda Ratlam Madhya Pradesh: 10:45 PM or next month?,FORECAST,COMPARE,"[""Barkhedi Piploda Ratlam Madhya Pradesh""]","[""10:45 PM"", ""next month""]"
"How is the cloudds in Sundarpur, Dhaulpur, Rajasthan next week?",CLOUD_COVER,GET,"[""Sundarpur, Dhaulpur, Rajasthan""]","[""next week""]"
Contrast the cloud amount in Parkha Mahura with Daramli,CLOUD_COVER,COMPARE,"[""Parkha Mahura"", ""Daramli""]",[]
Remind me to check the dewpoint temperaure in Tahliwala Jattan Pnjab nxt week,DEW_POINT,ALERT,"[""Tahliwala Jattan Pnjab""]","[""nxt week""]"
compar the soil water nearby with akanua khurd unchahra,SOIL_MOISTURE,COMPARE,"[""nearby"", ""akanua khurd unchahra""]",[]
tell me when dew point temperatue chanegs amaja on monday,DEW_POINT,ALERT,"[""amaja""]","[""monday""]"
Maximum details later today,TEMPERATURE_MAX,GET,[],"[""later today""]"
Tell me the hours of sunlight for Uttarakhand tomorrow evening,SUNSHINE,GET,"[""Uttarakhand""]","[""tomorrow evening""]"
how does the sunshne in our villaeg cmopare with babhulkheda from 8:30 am to 12:30 pm?,SUNSHINE,COMPARE,"[""our villaeg"", ""babhulkheda""]","[""8:30 am to 12:30 pm""]"
"give me the low temp for pura, chanauli, uttarpradesh",TEMPERATURE_MIN,GET,"[""pura, chanauli, uttarpradesh""]",[]
Send alert upcoming weather in Udham Singh Nagr next week??,FORECAST,ALERT,"[""Udham Singh Nagr""]","[""next week""]"
inform me if wind directon bad in baranagbari tomorrow night,WIND_DIRECTION,ALERT,"[""baranagbari""]","[""tomorrow night""]"
Message me the upcoming weater in Sawai Kalan tommorow quickly,FORECAST,ALERT,"[""Sawai Kalan""]","[""tommorow""]"
Is moisture level in Mundakata different yesterday and 1 AM to 8 AM?,HUMIDITY,COMPARE,"[""Mundakata""]","[""yesterday"", ""1 AM to 8 AM""]"
flag the precipitation amount for fiji?,RAIN,ALERT,"[""fiji""]",[]
is there any sunshien warning yesterday kindly,SUNSHINE,ALERT,[],"[""yesterday""]"
tell diffrence climate right now santkabirnagar tamwba by 6:15 am,CURRENT_CONDITIONS,COMPARE,"[""santkabirnagar"", ""tamwba""]","[""6:15 am""]"
any warnings about overnaght temperature in pura by 8:30 am?,TEMPERATURE_MIN,ALERT,"[""pura""]","[""8:30 am""]"
"For Londa and Chalkusha, Jharkhand both, what is the rain?",RAIN,COMPARE,"[""Londa"", ""Chalkusha, Jharkhand""]",[]
quick dew temperature check for pusapatirega rn,DEW_POINT,GET,"[""pusapatirega""]","[""rn""]"
", what is the temperture of soil here?",SOIL_TEMPERATURE,GET,"[""here""]",[]
", compare the night low in tokrapara gaon pt.ii and dhepua",TEMPERATURE_MIN,COMPARE,"[""tokrapara gaon pt.ii"", ""dhepua""]",[]
Message me the soil wetness level in Aurranga Bad around 4:15 PM,SOIL_MOISTURE,ALERT,"[""Aurranga Bad""]","[""4:15 PM""]"
Vyas Kheri verses Bhaliadiha hawa ki disha at 7:15 PM,WIND_DIRECTION,COMPARE,"[""Vyas Kheri"", ""Bhaliadiha""]","[""7:15 PM""]"
predictions in mithwal buuzrg: 3 pm or 49 minutes?,FORECAST,COMPARE,"[""mithwal buuzrg""]","[""3 pm"", ""49 minutes""]"
"Os bindu alert Adusumalle, Paruchuru",DEW_POINT,ALERT,"[""Adusumalle, Paruchuru""]",[]
"around 8:45 am, alert me about the minimum in gumma",TEMPERATURE_MIN,ALERT,"[""gumma""]","[""8:45 am""]"
"Compare the barish my farm with Khamani, Jalgaon next month",RAIN,COMPARE,"[""my farm"", ""Khamani, Jalgaon""]","[""next month""]"
Notify me about ground moisture last week,SOIL_MOISTURE,ALERT,[],"[""last week""]"
check the horus of sun in my field in the next 8 hours,SUNSHINE,GET,"[""my field""]","[""next 8 hours""]"
how the solar exposure in sihor compare with thirumalayapalem nxt week?,SUNSHINE,COMPARE,"[""sihor"", ""thirumalayapalem""]","[""nxt week""]"
"Cmpare wind speed in Maharaja vs Teegalavancha, West Godavari, Andhra Pradesh",WIND_SPEED,COMPARE,"[""Maharaja"", ""Teegalavancha, West Godavari, Andhra Pradesh""]",[]
any highest temperature advisory issued tomorrow?,TEMPERATURE_MAX,ALERT,[],"[""tomorrow""]"
Could you let me know the moisture in the soil in Karori later today?,SOIL_MOISTURE,GET,"[""Karori""]","[""later today""]"
Put a reminder for outside weather in Sayan Madhogarh Jalaun Uttarpradesh at 2 PM,CURRENT_CONDITIONS,ALERT,"[""Sayan Madhogarh Jalaun Uttarpradesh""]","[""2 PM""]"
"Whts wind flow direction in Rajbandh, Paschim Medinipur, West Bengla this week..",WIND_DIRECTION,GET,"[""Rajbandh, Paschim Medinipur, West Bengla""]","[""this week""]"
send alrt hours of sun in purnia tmrw,SUNSHINE,ALERT,"[""purnia""]","[""tmrw""]"
plz Ping me about the outside conditions in my vilage next week,CURRENT_CONDITIONS,ALERT,"[""my vilage""]","[""next week""]"
"How does the gust speed in Alabur, Ballari compae with Dayara Timbi, Mendarda, Junagadh, Gujarat on Friday",WIND_SPEED,COMPARE,"[""Alabur, Ballari"", ""Dayara Timbi, Mendarda, Junagadh, Gujarat""]","[""Friday""]"
Upddate me on the dew temperature in Pura nxt week,DEW_POINT,GET,"[""Pura""]","[""nxt week""]"
is the nighttime low highe in matka viran or in danout for the next 7 days?,TEMPERATURE_MIN,COMPARE,"[""matka viran"", ""danout""]","[""next 7 days""]"
"cuttack odisha v/s chewarpurab, lalganj wind comse from by 7:20 am",WIND_DIRECTION,COMPARE,"[""cuttack odisha"", ""chewarpurab, lalganj""]","[""7:20 am""]"
Set an alert for sunshine yesterday,SUNSHINE,ALERT,[],"[""yesterday""]"
warrn about bright sunshine in water bodies 2nite,SUNSHINE,ALERT,"[""water bodies""]","[""2nite""]"
"Cloudness Jagtial, Telangana or Naran Khera",CLOUD_COVER,COMPARE,"[""Jagtial, Telangana"", ""Naran Khera""]",[]
Kindly sahre the night temperature for Phulwaria tonight,TEMPERATURE_MIN,GET,"[""Phulwaria""]","[""tonight""]"
Warn me about the wind directon in Tupenga this evening asap,WIND_DIRECTION,ALERT,"[""Tupenga""]","[""this evening""]"
Check the how cludy at my place tmrw,CLOUD_COVER,GET,"[""my place""]","[""tmrw""]"
I need the moisture in the soil reading for Mithwal Buzurg right now,SOIL_MOISTURE,GET,"[""Mithwal Buzurg""]","[""right now""]"
Comoare the outside coonditions in Bhamni Kalan Shahdol between 12 AM and tommorow,CURRENT_CONDITIONS,COMPARE,"[""Bhamni Kalan Shahdol""]","[""12 AM"", ""tommorow""]"
Diffrence in relaive humidity between Kamdiha and Shata Chak..,HUMIDITY,COMPARE,"[""Kamdiha"", ""Shata Chak""]",[]
"Which is bteter for how windy, Syaat or Kothur Tiruppateur?",WIND_SPEED,COMPARE,"[""Syaat"", ""Kothur Tiruppateur""]",[]
Is any overcast advisroy issued from 9 AM to 11 AM?,CLOUD_COVER,ALERT,[],"[""9 AM to 11 AM""]"
I need the overcast reading for Nbraska this morning,CLOUD_COVER,GET,"[""Nbraska""]","[""this morning""]"
what is the soil moiisture at 10cm here tomorrow?,SOIL_MOISTURE,GET,"[""here""]","[""tomorrow""]"
Any idea about the gusas this evening?,WIND_SPEED,GET,[],"[""this evening""]"
Nooify me about the soil heat level in Pahrauli rn,SOIL_TEMPERATURE,ALERT,"[""Pahrauli""]","[""rn""]"
Contrast the cloud amount in Chuara between this weekend and now,CLOUD_COVER,COMPARE,"[""Chuara""]","[""this weekend"", ""now""]"
Give me the humid for Khnkar,HUMIDITY,GET,"[""Khnkar""]",[]
is there any sun duration warning in my feild this weekend?,SUNSHINE,ALERT,"[""my feild""]","[""this weekend""]"
"Compare the dew point aruond here with Israjpalle, Jagial?",DEW_POINT,COMPARE,"[""here"", ""Israjpalle, Jagial""]",[]
Is there any hawa ki disha warning in my farm next weekend,WIND_DIRECTION,ALERT,"[""my farm""]","[""next weekend""]"
Notify me about the soil water content in Daru on Sunday,SOIL_MOISTURE,ALERT,"[""Daru""]","[""Sunday""]"
How much wather now Pail next weekend?,CURRENT_CONDITIONS,GET,"[""Pail""]","[""next weekend""]"
Keep me poosted on the cloud cover in Nibheri by 1:48 PM,CLOUD_COVER,ALERT,"[""Nibheri""]","[""1:48 PM""]"
Next weekend dew point temperature figures in our village,DEW_POINT,GET,"[""our village""]","[""Next weekend""]"
Wat is grouund heat in Tukey tomorrow night?,SOIL_TEMPERATURE,GET,"[""Tukey""]","[""tomorrow night""]"
What is the predicted wind direction in Vizag tonight?,WIND_DIRECTION,GET,"[""Vizag""]","[""tonight""]"
Contrast the precipitation in Cuttack between 10:06 am and 3:45 AM,RAIN,COMPARE,"[""Cuttack""]","[""10:06 am"", ""3:45 AM""]"
Check the miitti ki nami in Tambwa from 9:43 am to 1 PM,SOIL_MOISTURE,GET,"[""Tambwa""]","[""9:43 am to 1 PM""]"
"Which is better for weather prediction, Budhakhamana or Deopada?",FORECAST,COMPARE,"[""Budhakhamana"", ""Deopada""]",[]
"ganga param, bihar vs singha sunltie from 1 am to 8 am",SUNSHINE,COMPARE,"[""ganga param, bihar"", ""singha""]","[""1 am to 8 am""]"
Soil temperture at 40cm in Gaura: 3:05 pm or tomorrow?,SOIL_TEMPERATURE,COMPARE,"[""Gaura""]","[""3:05 pm"", ""tomorrow""]"
is it too windy to spray in ladi angan baramula,WIND_SPEED,GET,"[""ladi angan baramula""]",[]
what's the sun duratoin 2day?,SUNSHINE,GET,[],"[""2day""]"
"I need the humididty reading for Situnvalur, Thiruvarur tommorow pls",HUMIDITY,GET,"[""Situnvalur, Thiruvarur""]","[""tommorow""]"
compare the nighttime low in my field with mairi,TEMPERATURE_MIN,COMPARE,"[""my field"", ""mairi""]",[]
How humid is it in Mahuwan?,HUMIDITY,GET,"[""Mahuwan""]",[]
want alert solar radiation in kanwariyat from 10 am to 11 am,SUNSHINE,ALERT,"[""kanwariyat""]","[""10 am to 11 am""]"
"khatauli rural vrsus badarikilo, puri dew temperature on wednesday",DEW_POINT,COMPARE,"[""khatauli rural"", ""badarikilo, puri""]","[""wednesday""]"
What is the dewpit in my feild at 4:45 PM?,DEW_POINT,GET,"[""my feild""]","[""4:45 PM""]"
how does the is it going to rain near by compare with chhailai jagir ashoknagar from 2 am to 7 am?,RAIN,COMPARE,"[""near by"", ""chhailai jagir ashoknagar""]","[""2 am to 7 am""]"
Bagoni derecttion wind 2day vs Tuesday,WIND_DIRECTION,COMPARE,"[""Bagoni""]","[""2day"", ""Tuesday""]"
Any idea about the prediction tmrw,FORECAST,GET,[],"[""tmrw""]"
quick diection of the wind check for jamaica,WIND_DIRECTION,GET,"[""jamaica""]",[]
i want to know precpiitaion in biralgaon tlla 2day,RAIN,GET,"[""biralgaon tlla""]","[""2day""]"
Send me an alert if the tempperature of soil is unusual in Sawai Madhopur this afternoon,SOIL_TEMPERATURE,ALERT,"[""Sawai Madhopur""]","[""this afternoon""]"
Notifiy me about the direection of the wind in Gorusa tomorow,WIND_DIRECTION,ALERT,"[""Gorusa""]","[""tomorow""]"
how dry is the soil in boocha gara safipur?,SOIL_MOISTURE,GET,"[""boocha gara safipur""]",[]
San Pedro vs Phaskhawa Tea Garden maximmu temperature,TEMPERATURE_MAX,COMPARE,"[""San Pedro"", ""Phaskhawa Tea Garden""]",[]
check the dhoop for both mahadih and dwarahat nxt week,SUNSHINE,COMPARE,"[""mahadih"", ""dwarahat""]","[""nxt week""]"
"Compare the lowest temp my vilage with Neebraska, United States nxt week",TEMPERATURE_MIN,COMPARE,"[""my vilage"", ""Neebraska, United States""]","[""nxt week""]"
Is there any how cloudy warning in our villgae in the next 4 hours,CLOUD_COVER,ALERT,"[""our villgae""]","[""next 4 hours""]"
"Contrast the overight temperature in Nauli, Basti between 3 pm and sowing week",TEMPERATURE_MIN,COMPARE,"[""Nauli, Basti""]","[""3 pm"", ""sowing week""]"
"Check how cold Agaaram, Cuddalore last week",TEMPERATURE,GET,"[""Agaaram, Cuddalore""]","[""last week""]"
"check the air moitsure for both tarniya khera and shripur, dhanolti, tehri garhwal",HUMIDITY,COMPARE,"[""tarniya khera"", ""shripur, dhanolti, tehri garhwal""]",[]
Kindly share the how hot it is for Mairi on Sunday,TEMPERATURE,GET,"[""Mairi""]","[""Sunday""]"
hw is humid in chile,HUMIDITY,GET,"[""chile""]",[]
"regarding lakshadweep, what is the wind comes from this afternoon?",WIND_DIRECTION,GET,"[""lakshadweep""]","[""this afternoon""]"
Deggree from 10 AM to 11 am pls,TEMPERATURE,GET,[],"[""10 AM to 11 am""]"
contrast the weather status here with taiwan during the sowing week,CURRENT_CONDITIONS,COMPARE,"[""here"", ""taiwan""]","[""sowing week""]"
Compare the humidity leveel nearby with Marshall Islands later today,HUMIDITY,COMPARE,"[""nearby"", ""Marshall Islands""]","[""later today""]"
check soil temperature at 40cm ghichna theog this weekend,SOIL_TEMPERATURE,GET,"[""ghichna theog""]","[""this weekend""]"
Waats the high temp loking like in Jetpura Agar Malwa?,TEMPERATURE_MAX,GET,"[""Jetpura Agar Malwa""]",[]
asap Plz aleot weather status Navsari in the next 2 hours,CURRENT_CONDITIONS,ALERT,"[""Navsari""]","[""next 2 hours""]"
pls set an alert for weather ahead near me rn,FORECAST,ALERT,"[""near me""]","[""rn""]"
"wind frooce soomar vs nauli, basti from 2 am to 7 am",WIND_SPEED,COMPARE,"[""soomar"", ""nauli, basti""]","[""2 am to 7 am""]"
Give weater outlook Shi Rajpur Kotdwar Pauri Garhwal tomorrow morning,FORECAST,GET,"[""Shi Rajpur Kotdwar Pauri Garhwal""]","[""tomorrow morning""]"
rain tomorrow morning pls,RAIN,GET,[],"[""tomorrow morning""]"
flag the humidity on wednesday,HUMIDITY,ALERT,[],"[""wednesday""]"
asap I need the max temp reaading tmrw,TEMPERATURE_MAX,GET,[],"[""tmrw""]"
Flag the earth temperature for Bhawani Khera rn urgent,SOIL_TEMPERATURE,ALERT,"[""Bhawani Khera""]","[""rn""]"
"put a reminder for day high in bindipur, puri at 7 pm",TEMPERATURE_MAX,ALERT,"[""bindipur, puri""]","[""7 pm""]"
Kidnly share the wind heading for Chengalpattu Tamil Nadu on Friday,WIND_DIRECTION,GET,"[""Chengalpattu Tamil Nadu""]","[""Friday""]"
chaura sunny hors right now vs 1:30 am,SUNSHINE,COMPARE,"[""chaura""]","[""right now"", ""1:30 am""]"
depooit gap between konijerla and comoros around 11 pm,DEW_POINT,COMPARE,"[""konijerla"", ""comoros""]","[""11 pm""]"
Conttrast the wind speed in Hatale with Rajbandh early morning,WIND_SPEED,COMPARE,"[""Hatale"", ""Rajbandh""]","[""early morning""]"
How's the weather here right now?,CURRENT_CONDITIONS,GET,"[""here""]","[""right now""]"
What is the reining on Monday in Supa,RAIN,GET,"[""Supa""]","[""Monday""]"
Degee rn pls,TEMPERATURE,GET,[],"[""rn""]"
Tell me when overccast changes Tadwwai nxt week,CLOUD_COVER,ALERT,"[""Tadwwai""]","[""nxt week""]"
sandongri khairagarh raj nandgaon versuus sonamura tripura tempreture tomorrow morning,TEMPERATURE,COMPARE,"[""sandongri khairagarh raj nandgaon"", ""sonamura tripura""]","[""tomorrow morning""]"
tell me when soil moisture 10cm changes buthpur day after tomorrow,SOIL_MOISTURE,ALERT,"[""buthpur""]","[""day after tomorrow""]"
Keep me posed on the humidity percent in Sukhwasi by midnight,HUMIDITY,ALERT,"[""Sukhwasi""]","[""midnight""]"
"sir Put the cloud cover at my place against Ichcheri, Villupuram, Tamil Nadu",CLOUD_COVER,COMPARE,"[""my place"", ""Ichcheri, Villupuram, Tamil Nadu""]",[]
"How low will the tmperature drop in Raksani, Bihar on Wednesday?",TEMPERATURE_MIN,GET,"[""Raksani, Bihar""]","[""Wednesday""]"
"is there any sun duration warninng for jhagar pur, bighapur, unano around 4:15 pm?",SUNSHINE,ALERT,"[""jhagar pur, bighapur, unano""]","[""4:15 pm""]"
tel me the due point for chatarala for the next 7 days,DEW_POINT,GET,"[""chatarala""]","[""next 7 days""]"
is there any loowest temperature today warning now?,TEMPERATURE_MIN,ALERT,[],"[""now""]"
Is the precipitaion in Chinchali Belagavi Karnataka higher 3:30 pm or nxt week,RAIN,COMPARE,"[""Chinchali Belagavi Karnataka""]","[""3:30 pm"", ""nxt week""]"
"Compair the actaul temperature between Sulemanpur, Sitapur and Bandhdih",TEMPERATURE,COMPARE,"[""Sulemanpur, Sitapur"", ""Bandhdih""]",[]
"Compare dew level Chiluveru Narran Khera, Bhilwara by 3 pm",DEW_POINT,COMPARE,"[""Chiluveru"", ""Narran Khera, Bhilwara""]","[""3 pm""]"
Put the sunny hours in this area agaist Umri later today,SUNSHINE,COMPARE,"[""this area"", ""Umri""]","[""later today""]"
Warn me about the nami at my location now??,HUMIDITY,ALERT,"[""my location""]","[""now""]"
Contrast the dew point in our village with R.venkampeta kindly,DEW_POINT,COMPARE,"[""our village"", ""R.venkampeta""]",[]
Set an alrt for wind speed in Papri later today,WIND_SPEED,ALERT,"[""Papri""]","[""later today""]"
Kindly sare cloudy for Ramnujnagar tomorrow,CLOUD_COVER,GET,"[""Ramnujnagar""]","[""tomorrow""]"
What is the weather ahead in Jatha tomorrow?,FORECAST,GET,"[""Jatha""]","[""tomorrow""]"
any warnigns about humididty in baratua this afternoon?,HUMIDITY,ALERT,"[""baratua""]","[""this afternoon""]"
"Regarding Maalhipur, what is the rainfall during the sowing week",RAIN,GET,"[""Maalhipur""]","[""sowing week""]"
Ping me about the humidity level in Simra Bhata Nivari Madhya Pradesh this evening,HUMIDITY,ALERT,"[""Simra Bhata Nivari Madhya Pradesh""]","[""this evening""]"
"next weekend, what is the dew leeal?",DEW_POINT,GET,[],"[""next weekend""]"
Notify me about the weekly weather this afternoon??,FORECAST,ALERT,[],"[""this afternoon""]"
How is the clodu density on Sunday,CLOUD_COVER,GET,[],"[""Sunday""]"
update me on the soil temperature at 10cm next weekend,SOIL_TEMPERATURE,GET,[],"[""next weekend""]"
Farhalouki lighht rain at 10:30 AM,RAIN,GET,"[""Farhalouki""]","[""10:30 AM""]"
"Sholud i worry about the weather now in Betul, Madhya Pradesh?",CURRENT_CONDITIONS,ALERT,"[""Betul, Madhya Pradesh""]",[]
Compare the lowest temperature today at my place with Sikkim Indai tomorow,TEMPERATURE_MIN,COMPARE,"[""my place"", ""Sikkim Indai""]","[""tomorow""]"
What's cloud coveerage in Yaval Maharashtra tomorow?,CLOUD_COVER,GET,"[""Yaval Maharashtra""]","[""tomorow""]"
"Wich has more badl Pennagaram, Dharmapuri, Tamil Nadu or Pakaria Kalan, Chatra next week",CLOUD_COVER,COMPARE,"[""Pennagaram, Dharmapuri, Tamil Nadu"", ""Pakaria Kalan, Chatra""]","[""next week""]"
"Keep me posted on the dewpoint in Daramli, Idar, Sbar Kantha tomorrow morning",DEW_POINT,ALERT,"[""Daramli, Idar, Sbar Kantha""]","[""tomorrow morning""]"
Raise an alarm if the how humid loooks bad in Water Boeies by 3:45 AM,HUMIDITY,ALERT,"[""Water Boeies""]","[""3:45 AM""]"
"Remdner wnd speed Mashaldaha, Maldah next month",WIND_SPEED,ALERT,"[""Mashaldaha, Maldah""]","[""next month""]"
Update me on the cloud coevr percentage in Khrauli around 7:30 AM,CLOUD_COVER,GET,"[""Khrauli""]","[""7:30 AM""]"
compare the preipitaion near me with badehar alias dehlan this afternoon,RAIN,COMPARE,"[""near me"", ""badehar alias dehlan""]","[""this afternoon""]"
islampur relative miostre,HUMIDITY,GET,"[""islampur""]",[]
Give me the moisture lvvel for Deopada on Sunday,HUMIDITY,GET,"[""Deopada""]","[""Sunday""]"
Compare the outisde weather in our village with Mundla Chawal today,CURRENT_CONDITIONS,COMPARE,"[""our village"", ""Mundla Chawal""]","[""today""]"
Put a reminder for how windy in Nibheri,WIND_SPEED,ALERT,"[""Nibheri""]",[]
Ping me about the gusts in Kauadil this weekend pls,WIND_SPEED,ALERT,"[""Kauadil""]","[""this weekend""]"
"Show me the hawa ki disha for Nagalland and Maharaja, Jagdishpur in the next 6 hours",WIND_DIRECTION,COMPARE,"[""Nagalland"", ""Maharaja, Jagdishpur""]","[""next 6 hours""]"
"whee is the soil moisture greater, janegaon or sheorajpur day after tomorow?",SOIL_MOISTURE,COMPARE,"[""janegaon"", ""sheorajpur""]","[""day after tomorow""]"
put the relative moisture in my farm against gujrat for the next 3 days,HUMIDITY,COMPARE,"[""my farm"", ""gujrat""]","[""next 3 days""]"
Whats the dewpoint temperature looking like in Mokha Ka Tonk Partapgarh around 1 AM bro,DEW_POINT,GET,"[""Mokha Ka Tonk Partapgarh""]","[""1 AM""]"
Sunlite in Baleshwar Sdar tomorrow evening,SUNSHINE,GET,"[""Baleshwar Sdar""]","[""tomorrow evening""]"
Plz alert future weather Jogidhpa yesterday,FORECAST,ALERT,"[""Jogidhpa""]","[""yesterday""]"
"let me know if there is a sunny alret in kopaganj, mau right now",SUNSHINE,ALERT,"[""kopaganj, mau""]","[""right now""]"
Could you check the actual temperature around here?,TEMPERATURE,GET,"[""here""]",[]
Set an alart for wahter report in Ghihcna Theog today,FORECAST,ALERT,"[""Ghihcna Theog""]","[""today""]"
Wat is coldet near me,TEMPERATURE_MIN,GET,"[""near me""]",[]
asap Feels like temperature Karur Tamil Nadu from 7:02 AM to 10 PM pls,TEMPERATURE,GET,"[""Karur Tamil Nadu""]","[""7:02 AM to 10 PM""]"
How hot details in the next 6 hours,TEMPERATURE,GET,[],"[""next 6 hours""]"
kindly share the how cloudy for teegalavacha at 10:06 am,CLOUD_COVER,GET,"[""teegalavacha""]","[""10:06 am""]"
pls tell me the solar epxosure in dehgm,SUNSHINE,GET,"[""dehgm""]",[]
warn me abotu the soil moistur in our village by 4 am,SOIL_MOISTURE,ALERT,"[""our village""]","[""4 am""]"
Coulld you checck the weather status in my field from 7 pm to 9:30 PM..,CURRENT_CONDITIONS,GET,"[""my field""]","[""7 pm to 9:30 PM""]"
"Flag the soil temp for Kinaidih, Raghunathpur, Puruliya now",SOIL_TEMPERATURE,ALERT,"[""Kinaidih, Raghunathpur, Puruliya""]","[""now""]"
Plz alert rain forecast Londa on Monday plz,RAIN,ALERT,"[""Londa""]","[""Monday""]"
Remminder for weather report Khadakohol tommorow,FORECAST,ALERT,"[""Khadakohol""]","[""tommorow""]"
Notify me abut wind bearing in this area now,WIND_DIRECTION,ALERT,"[""this area""]","[""now""]"
Is the solar exposure higher in Uttarpradesh or in Keasibahal on Saturday?,SUNSHINE,COMPARE,"[""Uttarpradesh"", ""Keasibahal""]","[""Saturday""]"
let me know if there is a maximum alert in ctamarca nxt week,TEMPERATURE_MAX,ALERT,"[""ctamarca""]","[""nxt week""]"
warn me about the soil moistur in my feiild,SOIL_MOISTURE,ALERT,"[""my feiild""]",[]
Yellanur Andhra Pradesh or Goudia Bahali better highest temperature today around 1 AM,TEMPERATURE_MAX,COMPARE,"[""Yellanur Andhra Pradesh"", ""Goudia Bahali""]","[""1 AM""]"
Flag the wind intensity on Saturday,WIND_SPEED,ALERT,[],"[""Saturday""]"
What is the wind speed in Vizag tomorrow?,WIND_SPEED,GET,"[""Vizag""]","[""tomorrow""]"
"Contrast the wind direction in Shripur, Dhanolti, Tehri Garhwal with Sadar, West Tripura right now",WIND_DIRECTION,COMPARE,"[""Shripur, Dhanolti, Tehri Garhwal"", ""Sadar, West Tripura""]","[""right now""]"
compare the weather update in our village with nivari madhya prdesh tommorow,CURRENT_CONDITIONS,COMPARE,"[""our village"", ""nivari madhya prdesh""]","[""tommorow""]"
"Early morning, what is the humidiy percent in Raigajn?",HUMIDITY,GET,"[""Raigajn""]","[""Early morning""]"
Put a reminder for relative moisture in East Khasi Hills last week,HUMIDITY,ALERT,"[""East Khasi Hills""]","[""last week""]"
"put weter of pub bandar mela, lanka circle aganist fattepur shahabad hardoi",CURRENT_CONDITIONS,COMPARE,"[""pub bandar mela, lanka circle"", ""fattepur shahabad hardoi""]",[]
"Is the wind blwos from in Bamari, Teonthar different 4:15 PM and 90 minutes?",WIND_DIRECTION,COMPARE,"[""Bamari, Teonthar""]","[""4:15 PM"", ""90 minutes""]"
Tell me the weather staatus at my locatoin last week,CURRENT_CONDITIONS,GET,"[""my locatoin""]","[""last week""]"
put the coldest temperature of piplya buzurg aaginst u.nemili,TEMPERATURE_MIN,COMPARE,"[""piplya buzurg"", ""u.nemili""]",[]
idea about the air moisture 2day,HUMIDITY,GET,[],"[""2day""]"
any warnings about weather ahead in abhayakuti at 1:09 am?,FORECAST,ALERT,"[""abhayakuti""]","[""1:09 am""]"
Warn me if heavy cloud cover is expected in London tomorrow,CLOUD_COVER,ALERT,"[""London""]","[""tomorrow""]"
Plz alert precipitation amount Tirnal from 2 am to 7 AM,RAIN,ALERT,"[""Tirnal""]","[""2 am to 7 AM""]"
Showurs in Merakamudidam Vezianagaram: 7:02 AM to 10 PM or 4:30 AM?,RAIN,COMPARE,"[""Merakamudidam Vezianagaram""]","[""7:02 AM to 10 PM"", ""4:30 AM""]"
Is there a weather waening for Deoppada from 10 AM to 11 am?,CURRENT_CONDITIONS,ALERT,"[""Deoppada""]","[""10 AM to 11 am""]"
Tell me the hours of sun for Kotpad tomorrow evening,SUNSHINE,GET,"[""Kotpad""]","[""tomorrow evening""]"
what is the hummidity level tomorrow morning..,HUMIDITY,GET,[],"[""tomorrow morning""]"
Remind me to check the highest temperature today in Voyalanallur next month?,TEMPERATURE_MAX,ALERT,"[""Voyalanallur""]","[""next month""]"
how duz the haevy rain in dalapachan khasmahal compre with kttadi this week?,RAIN,COMPARE,"[""dalapachan khasmahal"", ""kttadi""]","[""this week""]"
Set an alert for current condittions at my loctaion,CURRENT_CONDITIONS,ALERT,"[""my loctaion""]",[]
Warn me the dew pint in Madurai South,DEW_POINT,ALERT,"[""Madurai South""]",[]
Diffrence in long range forecast between Khonhanpur and Rukhi on Monday,FORECAST,COMPARE,"[""Khonhanpur"", ""Rukhi""]","[""Monday""]"
Noitfy me about the highest temperature Thamalapura Ballari by 4:50 PM,TEMPERATURE_MAX,ALERT,"[""Thamalapura Ballari""]","[""4:50 PM""]"
how is the moisture level in the next 8 hours?,HUMIDITY,GET,[],"[""next 8 hours""]"
need muaasm for bedarsshirgur today,CURRENT_CONDITIONS,GET,"[""bedarsshirgur""]","[""today""]"
Give me the daily forecast for Nadri Kaol from 8:30 am to 12:30 PM,FORECAST,GET,"[""Nadri Kaol""]","[""8:30 am to 12:30 PM""]"
Conttrast the upcoming weather in Comoros between 8:45 AM and day after tomorrow,FORECAST,COMPARE,"[""Comoros""]","[""8:45 AM"", ""day after tomorrow""]"
"From 1 AM to 8 AM, compare the wind heaidng in Khamarpara and Thiruvaniyoor Kunnattunad Ernakulam Kerala",WIND_DIRECTION,COMPARE,"[""Khamarpara"", ""Thiruvaniyoor Kunnattunad Ernakulam Kerala""]","[""1 AM to 8 AM""]"
compare the wehter in my vilage with brahmaur,CURRENT_CONDITIONS,COMPARE,"[""my vilage"", ""brahmaur""]",[]
Is the soil water conent higher in Mahaddih or in Kawai tomorrow night?,SOIL_MOISTURE,COMPARE,"[""Mahaddih"", ""Kawai""]","[""tomorrow night""]"
Put a reminder for whieh way the wind blows in Charrama tmrw,WIND_DIRECTION,ALERT,"[""Charrama""]","[""tmrw""]"
"jogidhipa, sundargarh, odisha vreses sankar saraiya gust",WIND_SPEED,COMPARE,"[""jogidhipa, sundargarh, odisha"", ""sankar saraiya""]",[]
Message me the feles like temperature in Tholuvur in the next 6 hours,TEMPERATURE,ALERT,"[""Tholuvur""]","[""next 6 hours""]"
"in niyamoopur, what is the forecaaste tonight?",FORECAST,GET,"[""niyamoopur""]","[""tonight""]"
forcast details for dalapachan khasmahal early morning,FORECAST,GET,"[""dalapachan khasmahal""]","[""early morning""]"
is rain amount advisory issued for gotameshwar for the next 7 days?,RAIN,ALERT,"[""gotameshwar""]","[""next 7 days""]"
"What is the rian in Turnal, Dewas on Wednesday?",RAIN,GET,"[""Turnal, Dewas""]","[""Wednesday""]"
"How does the weather forecast in Ukhrul compare with Odisha, India tomorow",FORECAST,COMPARE,"[""Ukhrul"", ""Odisha, India""]","[""tomorow""]"
remind me to check the lowest temp in tupenga this evening,TEMPERATURE_MIN,ALERT,"[""tupenga""]","[""this evening""]"
early morning dewpoint figures nearby,DEW_POINT,GET,"[""nearby""]","[""early morning""]"
Compare the wind directon around my area with Sawai Madhopur,WIND_DIRECTION,COMPARE,"[""my area"", ""Sawai Madhopur""]",[]
"Warn me about the colud amont in Rudain Urf Manjhgawa, Gorakhpur, Uttarpradesh",CLOUD_COVER,ALERT,"[""Rudain Urf Manjhgawa, Gorakhpur, Uttarpradesh""]",[]
how duz the hoirs of sunlight in budhanwada cmpare with khudra dingdingi barbhag circle this week?,SUNSHINE,COMPARE,"[""budhanwada"", ""khudra dingdingi barbhag circle""]","[""this week""]"
"from 8:30 am to 12:30 pm hottest figues for indloor, nalgonda",TEMPERATURE_MAX,GET,"[""indloor, nalgonda""]","[""8:30 am to 12:30 pm""]"
"Tmrw, what is the daytime temperature in Khamai?",TEMPERATURE_MAX,GET,"[""Khamai""]","[""Tmrw""]"
Where wind is coming from details for Gourdih by 6:15 am,WIND_DIRECTION,GET,"[""Gourdih""]","[""6:15 am""]"
sir warn me about the wnd direction in my plot rn,WIND_DIRECTION,ALERT,"[""my plot""]","[""rn""]"
update me on the nami in this area from 4:15 am to 3:30 pm,HUMIDITY,GET,"[""this area""]","[""4:15 am to 3:30 pm""]"
"ceck the vaana in gahlian, hamirpur tomorrow",RAIN,GET,"[""gahlian, hamirpur""]","[""tomorrow""]"
"Conrast the cloudy at my place with Neelgarh Mal, Harda tomorrow morning?!",CLOUD_COVER,COMPARE,"[""my place"", ""Neelgarh Mal, Harda""]","[""tomorrow morning""]"
"how low will the temperaturre drop in hallaornagara, uttarpradesh nxt week?",TEMPERATURE_MIN,GET,"[""hallaornagara, uttarpradesh""]","[""nxt week""]"
Is the maximum temprature higher in Manipur Indiia or in Kheruwa tmrw?,TEMPERATURE_MAX,COMPARE,"[""Manipur Indiia"", ""Kheruwa""]","[""tmrw""]"
"Check mauasm Araji Maphi Soana, Jakhania?!",CURRENT_CONDITIONS,GET,"[""Araji Maphi Soana, Jakhania""]",[]
"Keep me posted on the humidity percent in Kilsevur R.f., Villupuram today",HUMIDITY,ALERT,"[""Kilsevur R.f., Villupuram""]","[""today""]"
Warn me about the heat in my vilalge,TEMPERATURE,ALERT,"[""my vilalge""]",[]
Set an alert for weather report on Saturday,FORECAST,ALERT,[],"[""Saturday""]"
put maximum in my field aainst farhalouki tomorrow evening,TEMPERATURE_MAX,COMPARE,"[""my field"", ""farhalouki""]","[""tomorrow evening""]"
Heat in this area on Sunday,TEMPERATURE,GET,"[""this area""]","[""Sunday""]"
Wat is soil water content in my feild tmrw,SOIL_MOISTURE,GET,"[""my feild""]","[""tmrw""]"
Ping me abouot the degrees next weekend,TEMPERATURE,ALERT,[],"[""next weekend""]"
what will the condittions right now be in tarya lachhriam on saturday plz,CURRENT_CONDITIONS,GET,"[""tarya lachhriam""]","[""saturday""]"
update me on the wind coes from next month,WIND_DIRECTION,GET,[],"[""next month""]"
"Compare wind directon U.nemili Manikpara, Uttar Dinajpur, West Bengal",WIND_DIRECTION,COMPARE,"[""U.nemili"", ""Manikpara, Uttar Dinajpur, West Bengal""]",[]
Need min temperture for Kahar Para on Sunday,TEMPERATURE_MIN,GET,"[""Kahar Para""]","[""Sunday""]"
tel me the os bindu for hengerajhaar on tuesday,DEW_POINT,GET,"[""hengerajhaar""]","[""tuesday""]"
"Which has higaer minimum temprature, Abhirampur or Tupenga, Mainpur in the next 2 hours?!",TEMPERATURE_MIN,COMPARE,"[""Abhirampur"", ""Tupenga, Mainpur""]","[""next 2 hours""]"
baghuapalli ka bdal next weekend,CLOUD_COVER,GET,"[""baghuapalli""]","[""next weekend""]"
how does showers around here cmpre with chhatisgarh idia last week?,RAIN,COMPARE,"[""here"", ""chhatisgarh idia""]","[""last week""]"
Should i worry about the weather now in Madarpur Haridwar from 4:30 AM to 8:30 AM bro,CURRENT_CONDITIONS,ALERT,"[""Madarpur Haridwar""]","[""4:30 AM to 8:30 AM""]"
How high is the dew point in Hyderabad tonight?,DEW_POINT,GET,"[""Hyderabad""]","[""tonight""]"
Wind speed forecast Paschim Ramchandrapur North Twenty-Four Parganas West Bengal at 9:30 am pls,WIND_SPEED,GET,"[""Paschim Ramchandrapur North Twenty-Four Parganas West Bengal""]","[""9:30 am""]"
Diffrence in humdity beteen Paschim Ramchandrapur and Bandarchuan,HUMIDITY,COMPARE,"[""Paschim Ramchandrapur"", ""Bandarchuan""]",[]
"Jamdahara, Paschim Mdinipur, West Bengal dew point temp?!",DEW_POINT,GET,"[""Jamdahara, Paschim Mdinipur, West Bengal""]",[]
Warrn me about soil temprature in Malhipur this weekend,SOIL_TEMPERATURE,ALERT,"[""Malhipur""]","[""this weekend""]"
Set an alert for peak temperature in my village right now,TEMPERATURE_MAX,ALERT,"[""my village""]","[""right now""]"
"Send aelrt strong wind in Singha, Sabar Kantha at 6 pm",WIND_SPEED,ALERT,"[""Singha, Sabar Kantha""]","[""6 pm""]"
sir can you tell me the gusts in madhaiganj?,WIND_SPEED,GET,"[""madhaiganj""]",[]
Flag the minimum temperature in my field for the next 7 days,TEMPERATURE_MIN,ALERT,"[""my field""]","[""next 7 days""]"
How much what's the weather like during the sowing week,CURRENT_CONDITIONS,GET,[],"[""sowing week""]"
Set an alert for huidity tomorrow,HUMIDITY,ALERT,[],"[""tomorrow""]"
"notify me about the soil tempreture in lad bharol, himachal pradesh now",SOIL_TEMPERATURE,ALERT,"[""lad bharol, himachal pradesh""]","[""now""]"
plz alert air temerature payara khera day after tomorrow,TEMPERATURE,ALERT,"[""payara khera""]","[""day after tomorrow""]"
warn me about the min temp next week,TEMPERATURE_MIN,ALERT,[],"[""next week""]"
Is there any cloudiness warning by 4 PM?,CLOUD_COVER,ALERT,[],"[""4 PM""]"
"Should i worry about the min temperature in Nagaland, India by 12 AM?",TEMPERATURE_MIN,ALERT,"[""Nagaland, India""]","[""12 AM""]"
tel me the humidity percent for dalelpura,HUMIDITY,GET,"[""dalelpura""]",[]
Update me on the future weather tomorrow,FORECAST,GET,[],"[""tomorrow""]"
Is any storm advisory issued for Rudain Urf Manjhawa for the next 7 days urgent,RAIN,ALERT,"[""Rudain Urf Manjhawa""]","[""next 7 days""]"
put the temp around my area agianst cuttack this morning,TEMPERATURE,COMPARE,"[""my area"", ""cuttack""]","[""this morning""]"
Tell me when rining changes Arwal now,RAIN,ALERT,"[""Arwal""]","[""now""]"
"contarst the dew in my feild with odha, maipnur on tuesday",DEW_POINT,COMPARE,"[""my feild"", ""odha, maipnur""]","[""tuesday""]"
Is the prediction in Lakshadweep different 6 pm and 9 AM to 11 AM?,FORECAST,COMPARE,"[""Lakshadweep""]","[""6 pm"", ""9 AM to 11 AM""]"
Warn me about the sunny in my field,SUNSHINE,ALERT,"[""my field""]",[]
what's the overnnight low in ranga?,TEMPERATURE_MIN,GET,"[""ranga""]",[]
"Comapre coldest Vyas Khei, Atru Jukhia yesterday",TEMPERATURE_MIN,COMPARE,"[""Vyas Khei, Atru"", ""Jukhia""]","[""yesterday""]"
I need the humidity perrcent reading tommorow,HUMIDITY,GET,[],"[""tommorow""]"
wat is the maximum temprature in kendua during the sowing week?,TEMPERATURE_MAX,GET,"[""kendua""]","[""sowing week""]"
pls tell me the susnhine in moh gaon on tuesday,SUNSHINE,GET,"[""moh gaon""]","[""tuesday""]"
Ghagrapar Circle Assam weather next days by 1 pm,FORECAST,GET,"[""Ghagrapar Circle Assam""]","[""1 pm""]"
"Comprre hawa ki disha in Gaura vs Gadbaia, Sheikhpura from 1:30 AM to 4 pm",WIND_DIRECTION,COMPARE,"[""Gaura"", ""Gadbaia, Sheikhpura""]","[""1:30 AM to 4 pm""]"
"Tell when humdity changes Ginigera, Karnataka tmrw",HUMIDITY,ALERT,"[""Ginigera, Karnataka""]","[""tmrw""]"
Warn me about the daetime high in my feild right now,TEMPERATURE_MAX,ALERT,"[""my feild""]","[""right now""]"
Conrast wind beaaring at my plaec with Bisrampur Pashchimi Champaran nxt week,WIND_DIRECTION,COMPARE,"[""my plaec"", ""Bisrampur Pashchimi Champaran""]","[""nxt week""]"
ping me about sun hours in my village this afternoon,SUNSHINE,ALERT,"[""my village""]","[""this afternoon""]"
Give what's the weaatehr like Buwanna by 10 am,CURRENT_CONDITIONS,GET,"[""Buwanna""]","[""10 am""]"
"Day after tomorrow, what is the wind velocity in Damodarpur",WIND_SPEED,GET,"[""Damodarpur""]","[""Day after tomorrow""]"
"How hot in Kuttadi, Kallakkurichi: 6 PM or Wednesday?",TEMPERATURE,COMPARE,"[""Kuttadi, Kallakkurichi""]","[""6 PM"", ""Wednesday""]"
"what is the which way the wind blows in kachnoda, sagar?",WIND_DIRECTION,GET,"[""kachnoda, sagar""]",[]
whats the weather for next days looking like in bulgaria yesterday?,FORECAST,GET,"[""bulgaria""]","[""yesterday""]"
"Can you tell me soil moisture at 10cm in Sabesar, Uttarpradesh next month?",SOIL_MOISTURE,GET,"[""Sabesar, Uttarpradesh""]","[""next month""]"
"Regarding Karsangadh, Surendranagar, what the daytime temperature early morning?",TEMPERATURE_MAX,GET,"[""Karsangadh, Surendranagar""]","[""early morning""]"
how duz the how hot in bilarua compare with got gerya kharagpur in the next 12 hours?,TEMPERATURE,COMPARE,"[""bilarua"", ""got gerya kharagpur""]","[""next 12 hours""]"
how cold in this area on monday pls,TEMPERATURE,GET,"[""this area""]","[""monday""]"
Keep me posetd on the wind direction in Medakpalle for the next 7 days,WIND_DIRECTION,ALERT,"[""Medakpalle""]","[""next 7 days""]"
Wat is the soil wetness in Bisrampur Pashchimi Champaran next week,SOIL_MOISTURE,GET,"[""Bisrampur Pashchimi Champaran""]","[""next week""]"
"Check the wheather Bahunagar Urf Sira, Baheri tomorrow morning",CURRENT_CONDITIONS,GET,"[""Bahunagar Urf Sira, Baheri""]","[""tomorrow morning""]"
how low will the temaerature drop in badahinso day after tomorrow?,TEMPERATURE_MIN,GET,"[""badahinso""]","[""day after tomorrow""]"
I need the cold reading,TEMPERATURE,GET,[],[]
"Compair the dewpoit between Tarf Tajwal and Boad, Gujarat this afternoon",DEW_POINT,COMPARE,"[""Tarf Tajwal"", ""Boad, Gujarat""]","[""this afternoon""]"
send me an alert if the hottest is unuual in knedua in the next 4 hours,TEMPERATURE_MAX,ALERT,"[""knedua""]","[""next 4 hours""]"
want to know ovecrast bisrampur tomorrow evening,CLOUD_COVER,GET,"[""bisrampur""]","[""tomorrow evening""]"
what is the what's the weaather like from 4:30 am to 8:30 am?,CURRENT_CONDITIONS,GET,[],"[""4:30 am to 8:30 am""]"
how does the mauusam at my location compare with medakpalle sir,CURRENT_CONDITIONS,COMPARE,"[""my location"", ""medakpalle""]",[]
"between agaram, cuddalore and beerakanahalli, where is the soil moisture stronger?",SOIL_MOISTURE,COMPARE,"[""agaram, cuddalore"", ""beerakanahalli""]",[]
Tel me mtiti ki nami in my village today,SOIL_MOISTURE,GET,"[""my village""]","[""today""]"
"Compre the due point in Khatauli Rural, Muzaffarnagar between 2day and 1:45 AM",DEW_POINT,COMPARE,"[""Khatauli Rural, Muzaffarnagar""]","[""2day"", ""1:45 AM""]"
put the weather situation here against kherruwa in 60 minutes,CURRENT_CONDITIONS,COMPARE,"[""here"", ""kherruwa""]","[""60 minutes""]"
"how is the wetaher forecast in ganguwa, sagar, madhya pradesh??",FORECAST,GET,"[""ganguwa, sagar, madhya pradesh""]",[]
"Patti Khurd, Uttarpradesh veruss Awhane Bk. Ahamadnagar wind intensiy",WIND_SPEED,COMPARE,"[""Patti Khurd, Uttarpradesh"", ""Awhane Bk. Ahamadnagar""]",[]
Is any sky cover advisory issued for Ghupti -?,CLOUD_COVER,ALERT,"[""Ghupti -""]",[]
"mithwal buzurg siddharthnagar uttarpradesh vs adampur, uttarpradesh gust speed tonight",WIND_SPEED,COMPARE,"[""mithwal buzurg siddharthnagar uttarpradesh"", ""adampur, uttarpradesh""]","[""tonight""]"
How duz the weaher for next days in Rasunchak compare with Khammarpara by midnight?,FORECAST,COMPARE,"[""Rasunchak"", ""Khammarpara""]","[""midnight""]"
Notify me about dew poitn in 30 minutes,DEW_POINT,ALERT,[],"[""30 minutes""]"
Chekc the sunny in Patiangram next weekend,SUNSHINE,GET,"[""Patiangram""]","[""next weekend""]"
Ping me aobut the bright sunshine,SUNSHINE,ALERT,[],[]
Any warnings about dew tmperature in Mahadih Narayanpur tomorow?,DEW_POINT,ALERT,"[""Mahadih Narayanpur""]","[""tomorow""]"
Contrast the solar radiation in this area with Medaveedu by 2 am pls,SUNSHINE,COMPARE,"[""this area"", ""Medaveedu""]","[""2 am""]"
Dhamni Raygad eurth temperature 6:30 PM to 10 PM vs next 3 hours,SOIL_TEMPERATURE,COMPARE,"[""Dhamni Raygad""]","[""6:30 PM to 10 PM"", ""next 3 hours""]"
"Message me the solar exposure in Sundarpur, Dhaulpur, Rajasthan",SUNSHINE,ALERT,"[""Sundarpur, Dhaulpur, Rajasthan""]",[]
"Alert me if the soil moistue drops below normal in Water Bodies, Gwalior this afternoon",SOIL_MOISTURE,ALERT,"[""Water Bodies, Gwalior""]","[""this afternoon""]"
How much wind velocity in Bakkesshwar?,WIND_SPEED,GET,"[""Bakkesshwar""]",[]
quickly should i cover the harvest in mahulani on sunday?,RAIN,GET,"[""mahulani""]","[""sunday""]"
Raise an alarm if degree louks bad in Akauna Khurd on Saturday,TEMPERATURE,ALERT,"[""Akauna Khurd""]","[""Saturday""]"
Set an alart for wheathar in Samarria,CURRENT_CONDITIONS,ALERT,"[""Samarria""]",[]
contrat mitti ki nami in chak mariha with turnal in 49 minutes,SOIL_MOISTURE,COMPARE,"[""chak mariha"", ""turnal""]","[""49 minutes""]"
"colud aount govna, jamnagar, gujarat vs sadra",CLOUD_COVER,COMPARE,"[""govna, jamnagar, gujarat"", ""sadra""]",[]
"Put the moisture in the air in my farm aggainst Kulattur, Pudukkottai in next 12 hours",HUMIDITY,COMPARE,"[""my farm"", ""Kulattur, Pudukkottai""]","[""next 12 hours""]"
quickly Updte me on the dew temperature in Bmaari,DEW_POINT,GET,"[""Bmaari""]",[]
Give predictions Digit Purwa,FORECAST,GET,"[""Digit Purwa""]",[]
Noitfy me about the wind bearing in our village in 90 minutes,WIND_DIRECTION,ALERT,"[""our village""]","[""90 minutes""]"
send alert how is the wetaher in wadad,CURRENT_CONDITIONS,ALERT,"[""wadad""]",[]
Is there a weather warning for Chak Rangpaara,CURRENT_CONDITIONS,ALERT,"[""Chak Rangpaara""]",[]
Barhaita vs U.nemili wind blows from this morning,WIND_DIRECTION,COMPARE,"[""Barhaita"", ""U.nemili""]","[""this morning""]"
rminder ground temperature chandsra by 12:05 pm,SOIL_TEMPERATURE,ALERT,"[""chandsra""]","[""12:05 pm""]"
"check precipitation amount bhijapara, dhibri",RAIN,GET,"[""bhijapara, dhibri""]",[]
What is the weather for next days rn in Karan Patti?,FORECAST,GET,"[""Karan Patti""]","[""rn""]"
send me an alert if the how is the weather is unusuaal in maslandapur,CURRENT_CONDITIONS,ALERT,"[""maslandapur""]",[]
"Could you let me know the sunny Jamdahara, Paschim Medinipur, West Bengal from 10 AM to 11 pm?",SUNSHINE,GET,"[""Jamdahara, Paschim Medinipur, West Bengal""]","[""10 AM to 11 pm""]"
put the wnd speed in this area against kendua for the next 3 days,WIND_SPEED,COMPARE,"[""this area"", ""kendua""]","[""next 3 days""]"
Imaliya Swaroop Bhopal vs Diindigul East soil heat,SOIL_TEMPERATURE,COMPARE,"[""Imaliya Swaroop Bhopal"", ""Diindigul East""]",[]
How does the soil moisture at 10cm at my place compare with Kabul Khedi 2nite,SOIL_MOISTURE,COMPARE,"[""my place"", ""Kabul Khedi""]","[""2nite""]"
"Plz alettr day high Bhodua, Jaleswar for the next 7 days",TEMPERATURE_MAX,ALERT,"[""Bhodua, Jaleswar""]","[""next 7 days""]"
Update me on the raniy 2day,RAIN,GET,[],"[""2day""]"
Reminder for vaana Manchanahalli from 4:15 am to 3:30 pm?,RAIN,ALERT,"[""Manchanahalli""]","[""4:15 am to 3:30 pm""]"
how much cloud density in phalodi jodhpur rajasthhan yesterday?,CLOUD_COVER,GET,"[""phalodi jodhpur rajasthhan""]","[""yesterday""]"
How is the hmuidity in Kiritbandha?,HUMIDITY,GET,"[""Kiritbandha""]",[]
"Put the cluuds here against Thakurdi, Puruliya tomorrow night",CLOUD_COVER,COMPARE,"[""here"", ""Thakurdi, Puruliya""]","[""tomorrow night""]"
Need cloud percentage for Mairi Maharajganj,CLOUD_COVER,GET,"[""Mairi Maharajganj""]",[]
"This weekend, what is cooldest?",TEMPERATURE_MIN,GET,[],"[""This weekend""]"
"Comppare Narsinghpura, Dgod and Turkey direction wind",WIND_DIRECTION,COMPARE,"[""Narsinghpura, Dgod"", ""Turkey""]",[]
"whih way the wind blows in chikhli, seoni, madya pradesh: next week or 10:45 pm?",WIND_DIRECTION,COMPARE,"[""chikhli, seoni, madya pradesh""]","[""next week"", ""10:45 pm""]"
raise an alram if the temperature looks bad in boocha gara safipur,TEMPERATURE,ALERT,"[""boocha gara safipur""]",[]
compare the rainy around my area with khapa,RAIN,COMPARE,"[""my area"", ""khapa""]",[]
Give me the heat for Muanath Bhanjan right now,TEMPERATURE,GET,"[""Muanath Bhanjan""]","[""right now""]"
Whats the min temeprature looking like this afternoon?,TEMPERATURE_MIN,GET,[],"[""this afternoon""]"
Is any soil heat lvel advisory issued day after tomorrow?,SOIL_TEMPERATURE,ALERT,[],"[""day after tomorrow""]"
Set an alert for sun duration in my plot around 1 AM,SUNSHINE,ALERT,"[""my plot""]","[""1 AM""]"
"Comapre how cold Zinner, Wshi Sidha last week",TEMPERATURE,COMPARE,"[""Zinner, Wshi"", ""Sidha""]","[""last week""]"
"Compare the soil heat nearby with Magur Jan Milik, Purnia on Tuesday",SOIL_TEMPERATURE,COMPARE,"[""nearby"", ""Magur Jan Milik, Purnia""]","[""Tuesday""]"
Wich has more snlite Got Gerya or Kothur by 1 am,SUNSHINE,COMPARE,"[""Got Gerya"", ""Kothur""]","[""1 am""]"
Contast the wind comes from around here with Inglish Timapur Khagaria right now,WIND_DIRECTION,COMPARE,"[""here"", ""Inglish Timapur Khagaria""]","[""right now""]"
Flag the actual temperatre tomorrow evening,TEMPERATURE,ALERT,[],"[""tomorrow evening""]"
"Dew temperature Anteshwar or Lunhera, Madhya Pradesh",DEW_POINT,COMPARE,"[""Anteshwar"", ""Lunhera, Madhya Pradesh""]",[]
how is the daily forecst in bhamni klaan?,FORECAST,GET,"[""bhamni klaan""]",[]
"how does the temprature in chaea, sherghati copmare with bandhdih this weekend?",TEMPERATURE,COMPARE,"[""chaea, sherghati"", ""bandhdih""]","[""this weekend""]"
"Compair the weaher update betwen Sultanpura and Karhl, Uttarpradesh",CURRENT_CONDITIONS,COMPARE,"[""Sultanpura"", ""Karhl, Uttarpradesh""]",[]
i want to know the misture in the air in mashalldaha,HUMIDITY,GET,"[""mashalldaha""]",[]
Ping me about maximum temprature in Nutangrma on Friday,TEMPERATURE_MAX,ALERT,"[""Nutangrma""]","[""Friday""]"
", alert me about the max temperature in Ihhapur, Odisha",TEMPERATURE_MAX,ALERT,"[""Ihhapur, Odisha""]",[]
How duz the cloud amount in Brahamgani compare with Habrubari from 7 pm to 9:30 PM?!,CLOUD_COVER,COMPARE,"[""Brahamgani"", ""Habrubari""]","[""7 pm to 9:30 PM""]"
sir Could you let me know the soil heat in Khalina later today,SOIL_TEMPERATURE,GET,"[""Khalina""]","[""later today""]"
Want to know actual temperature Bahanga,TEMPERATURE,GET,"[""Bahanga""]",[]
"Where is hours of sunlight greter, Habrubari or Dhauni from 10 AM to 11 am?",SUNSHINE,COMPARE,"[""Habrubari"", ""Dhauni""]","[""10 AM to 11 am""]"
"Put the curent conditions at my place against Teegalavvancha, West Godavari, Andhra Pradesh tomorrow",CURRENT_CONDITIONS,COMPARE,"[""my place"", ""Teegalavvancha, West Godavari, Andhra Pradesh""]","[""tomorrow""]"
What is the heat tomorrow..,TEMPERATURE,GET,[],"[""tomorrow""]"
Check the what's the weather like in Canada this weekend,CURRENT_CONDITIONS,GET,"[""Canada""]","[""this weekend""]"
Burhanpur or Medakpalle better hours of sunlight by 1 am,SUNSHINE,COMPARE,"[""Burhanpur"", ""Medakpalle""]","[""1 am""]"
"Put the wind speeed in this area against Sadar, West Tripura around 10 pm",WIND_SPEED,COMPARE,"[""this area"", ""Sadar, West Tripura""]","[""10 pm""]"
"Compare dew point temperatre Akhara, Pauri Garhwal vs Pub Bandar Mela, Lanka Circle",DEW_POINT,COMPARE,"[""Akhara, Pauri Garhwal"", ""Pub Bandar Mela, Lanka Circle""]",[]
Put a reminder for dewpoint temperature in Karori today,DEW_POINT,ALERT,"[""Karori""]","[""today""]"
Notifiy me about the air miosture in Burkina Faso on Tuesday,HUMIDITY,ALERT,"[""Burkina Faso""]","[""Tuesday""]"
Warrn me about dew in Madurai South,DEW_POINT,ALERT,"[""Madurai South""]",[]
notify me about the soil temp in bulaki tola on saturday,SOIL_TEMPERATURE,ALERT,"[""bulaki tola""]","[""saturday""]"
"Compare weather ahead Patti Khurrd, Uttarpradesh Bari in 60 minutes",FORECAST,COMPARE,"[""Patti Khurrd, Uttarpradesh"", ""Bari""]","[""60 minutes""]"
"On Saturday, what is the conditions right now in Mahadih Narrayanpur?!",CURRENT_CONDITIONS,GET,"[""Mahadih Narrayanpur""]","[""Saturday""]"
"contraast the soil water content in ghichna with buohanpur, madhya pradesh from 10 am to 11 am",SOIL_MOISTURE,COMPARE,"[""ghichna"", ""buohanpur, madhya pradesh""]","[""10 am to 11 am""]"
pls tell me the downpour in chinchali,RAIN,GET,"[""chinchali""]",[]
Pls tell me the soil temperature in Kothalam from 9 AM to 11 AM,SOIL_TEMPERATURE,GET,"[""Kothalam""]","[""9 AM to 11 AM""]"
temperature of soil in 60 minutes pls,SOIL_TEMPERATURE,GET,[],"[""60 minutes""]"
", what is the vaatavaranam in badadunguripali?",CURRENT_CONDITIONS,GET,"[""badadunguripali""]",[]
"Adanbeda, Keshkal vs Pusapatirega max temp tomorow??",TEMPERATURE_MAX,COMPARE,"[""Adanbeda, Keshkal"", ""Pusapatirega""]","[""tomorow""]"
Ping me abotu the prediction in my field,FORECAST,ALERT,"[""my field""]",[]
Is the soil warm enough for planting in Tarniya Khera tommorow?,SOIL_TEMPERATURE,GET,"[""Tarniya Khera""]","[""tommorow""]"
Need temp for Beni Naggar aroudn 9 am,TEMPERATURE,GET,"[""Beni Naggar""]","[""9 am""]"
up with the maximum temperature in Mizoram on Friday?,TEMPERATURE_MAX,GET,"[""Mizoram""]","[""Friday""]"
Update me on the wether in my vilage aronud 10:45 PM,CURRENT_CONDITIONS,GET,"[""my vilage""]","[""10:45 PM""]"
"Lunhera, Madhya Pradesh versse Konardihi, Paschim Barddhaman dew poinnt temp",DEW_POINT,COMPARE,"[""Lunhera, Madhya Pradesh"", ""Konardihi, Paschim Barddhaman""]",[]
pls tell me the sky condittion in ichhhapur next month,CLOUD_COVER,GET,"[""ichhhapur""]","[""next month""]"
mitti ki nami kasapeta or serbia,SOIL_MOISTURE,COMPARE,"[""kasapeta"", ""serbia""]",[]
Keep me posted on the dew point in Navsari by 4 am,DEW_POINT,ALERT,"[""Navsari""]","[""4 am""]"
Warn me about the hawa ki disha in my farm 2nite,WIND_DIRECTION,ALERT,"[""my farm""]","[""2nite""]"
"farahlouki, ballia, uttarpradesh vs sihor, bhavnagar min tempratrue",TEMPERATURE_MIN,COMPARE,"[""farahlouki, ballia, uttarpradesh"", ""sihor, bhavnagar""]",[]
is theie any moisture in the air warning this evening?,HUMIDITY,ALERT,[],"[""this evening""]"
put a reminder for coldesst b koduru by 10:30 pm,TEMPERATURE_MIN,ALERT,"[""b koduru""]","[""10:30 pm""]"
"Compare weather conditions in this area with Pipaliya, Vidisha",CURRENT_CONDITIONS,COMPARE,"[""this area"", ""Pipaliya, Vidisha""]",[]
What will dew point temperatuer be in Tarya Lachhiram around 7 PM,DEW_POINT,GET,"[""Tarya Lachhiram""]","[""7 PM""]"
"put the soil moisture at 10cm of habrubari against timmarajapuram, tuticorin by midnight",SOIL_MOISTURE,COMPARE,"[""habrubari"", ""timmarajapuram, tuticorin""]","[""midnight""]"
How is the rian in Tarf Tawjal?,RAIN,GET,"[""Tarf Tawjal""]",[]
"I want to know the wnd direection in Bakarkol, Azamgarh, Uttarpradesh",WIND_DIRECTION,GET,"[""Bakarkol, Azamgarh, Uttarpradesh""]",[]
"Messae me the how humid in Nangla, Bankura",HUMIDITY,ALERT,"[""Nangla, Bankura""]",[]
Compare the how humid between Sarol and Nekkundhi next month,HUMIDITY,COMPARE,"[""Sarol"", ""Nekkundhi""]","[""next month""]"
"Compare the humidity in my vilage with Jamdahara, Paschim Medinipur, West Bengal tonight",HUMIDITY,COMPARE,"[""my vilage"", ""Jamdahara, Paschim Medinipur, West Bengal""]","[""tonight""]"
How does the srtong wind in Bhawanpur 1 pm compare to 1 AM to 8 AM sir,WIND_SPEED,COMPARE,"[""Bhawanpur""]","[""1 pm"", ""1 AM to 8 AM""]"
"Contrast the breeze around my area with Moh Gaon, Unnao, Uttarpradsh this weekend?!",WIND_SPEED,COMPARE,"[""my area"", ""Moh Gaon, Unnao, Uttarpradsh""]","[""this weekend""]"
Is the how hot it is in Baroun hgher 9:30 am or 2day,TEMPERATURE,COMPARE,"[""Baroun""]","[""9:30 am"", ""2day""]"
Ceck the maximum temprature in Sura Sultanpura Panch Mahals day after tomorrow,TEMPERATURE_MAX,GET,"[""Sura Sultanpura Panch Mahals""]","[""day after tomorrow""]"
difference in wind veloctiy betwen bakaina and holpur 2day,WIND_SPEED,COMPARE,"[""bakaina"", ""holpur""]","[""2day""]"
"contrast the forecaste in ranga, mohanpur, deohgar, jharkhand between next month and 4 am",FORECAST,COMPARE,"[""ranga, mohanpur, deohgar, jharkhand""]","[""next month"", ""4 am""]"
Tell me the current weather in London,CURRENT_CONDITIONS,GET,"[""London""]",[]
ping me about the soil heat level this afternoon..,SOIL_TEMPERATURE,ALERT,[],"[""this afternoon""]"
Is there a weaher warning Irumbedu?,CURRENT_CONDITIONS,ALERT,"[""Irumbedu""]",[]
Coomprae the humididty in my feild with Chaura next week,HUMIDITY,COMPARE,"[""my feild"", ""Chaura""]","[""next week""]"
"Mitti ka taapmaan alert Jhuratarai, Dhamtari, Chhatisgarh",SOIL_TEMPERATURE,ALERT,"[""Jhuratarai, Dhamtari, Chhatisgarh""]",[]
Ping me about the showers tomorrow morning,RAIN,ALERT,[],"[""tomorrow morning""]"
"How does the wnd speed in my farm compare with Adusumalle, Paruchuru tomorrow morning?",WIND_SPEED,COMPARE,"[""my farm"", ""Adusumalle, Paruchuru""]","[""tomorrow morning""]"
"Hw is weekly weather in Khonkar, Madhya Pradesh this evening",FORECAST,GET,"[""Khonkar, Madhya Pradesh""]","[""this evening""]"
"Set an alert for max temp in Adampur, Uttarpradesh 2day",TEMPERATURE_MAX,ALERT,"[""Adampur, Uttarpradesh""]","[""2day""]"
Give me the week ahead forecast for Kuchaura Gangbarar at 1:09 AM,FORECAST,GET,"[""Kuchaura Gangbarar""]","[""1:09 AM""]"
Contrast the current condiitons in Veenavanka between 9:45 pm and 1:09 AM,CURRENT_CONDITIONS,COMPARE,"[""Veenavanka""]","[""9:45 pm"", ""1:09 AM""]"
"What's the teperature in Alinjikuppam, Pernambut during the sowing week?",TEMPERATURE,GET,"[""Alinjikuppam, Pernambut""]","[""sowing week""]"
Contrast the teprautre in my plot with Dibrugarh,TEMPERATURE,COMPARE,"[""my plot"", ""Dibrugarh""]",[]
"How does the badal in our village compare with Moh Gaon, Unnao, Uttarpradesh during the sowing week?",CLOUD_COVER,COMPARE,"[""our village"", ""Moh Gaon, Unnao, Uttarpradesh""]","[""sowing week""]"
Keep me posted on the taapaan in Ireand this week,TEMPERATURE,ALERT,"[""Ireand""]","[""this week""]"
"put the cloud cover percentage at my location against angara kalan, chatra, jharkhand",CLOUD_COVER,COMPARE,"[""my location"", ""angara kalan, chatra, jharkhand""]",[]
"next month, what is the peak temperature in marshall islads?",TEMPERATURE_MAX,GET,"[""marshall islads""]","[""next month""]"
Whas up with the temperature now in Red Wana on Wednesday,TEMPERATURE,GET,"[""Red Wana""]","[""Wednesday""]"
Deoghar cloudnness this evening,CLOUD_COVER,GET,"[""Deoghar""]","[""this evening""]"
How humid is it in Racherla?,HUMIDITY,GET,"[""Racherla""]",[]
Whats the groudn temperature looking like in Mariahu on Tuesday?,SOIL_TEMPERATURE,GET,"[""Mariahu""]","[""Tuesday""]"
"Contrast soil moisture 10cm in Farhalouki, Balila, Uttarpradesh with Dayara Timbi, Mendarda, Junagadh, Gujarat",SOIL_MOISTURE,COMPARE,"[""Farhalouki, Balila, Uttarpradesh"", ""Dayara Timbi, Mendarda, Junagadh, Gujarat""]",[]
how does the soil moistur nearby compare with raj nandgaon this weekend?,SOIL_MOISTURE,COMPARE,"[""nearby"", ""raj nandgaon""]","[""this weekend""]"
Could you chck the moisture in the soil in my field for the next 7 days?,SOIL_MOISTURE,GET,"[""my field""]","[""next 7 days""]"
"Whee is the coldest temperature greater, Ginigera or Khani Upperli for the next 3 days?",TEMPERATURE_MIN,COMPARE,"[""Ginigera"", ""Khani Upperli""]","[""next 3 days""]"
"Set an alert for ground temperature in Darola, Blaspur now",SOIL_TEMPERATURE,ALERT,"[""Darola, Blaspur""]","[""now""]"
Cntrasst the showers in my feild with Medaveedu Vishakhapatnam yesterday,RAIN,COMPARE,"[""my feild"", ""Medaveedu Vishakhapatnam""]","[""yesterday""]"
Notify me about the soil moisutre by 1 am,SOIL_MOISTURE,ALERT,[],"[""1 am""]"
"Betjharan, Sambalpur, Odisha and Gadadia, Sheikhpura humid during the sowing week",HUMIDITY,COMPARE,"[""Betjharan, Sambalpur, Odisha"", ""Gadadia, Sheikhpura""]","[""sowing week""]"
Warn about the soil tempeature at 10cm in Duggha on Wednesday,SOIL_TEMPERATURE,ALERT,"[""Duggha""]","[""Wednesday""]"
Badhaiya or Kulerbahali better soil water content?,SOIL_MOISTURE,COMPARE,"[""Badhaiya"", ""Kulerbahali""]",[]
plz alert hmuidity level khumtai circle tonight,HUMIDITY,ALERT,"[""khumtai circle""]","[""tonight""]"
Whas the min temp looking like in Kanwariyat tomorrow evening?!,TEMPERATURE_MIN,GET,"[""Kanwariyat""]","[""tomorrow evening""]"
Conrast the highest temperature near by with Assam India,TEMPERATURE_MAX,COMPARE,"[""near by"", ""Assam India""]",[]
How muggy will it be in Chennai on Friday?,HUMIDITY,GET,"[""Chennai""]","[""Friday""]"
Whats the sunshine looking like tomorow,SUNSHINE,GET,[],"[""tomorow""]"
reminder for gust speed rajauri by 6:15 am,WIND_SPEED,ALERT,"[""rajauri""]","[""6:15 am""]"
"Rise an alarm if the cloud amount looks bad in Bedarshirgur, Uttara Kannada",CLOUD_COVER,ALERT,"[""Bedarshirgur, Uttara Kannada""]",[]
Put the soil temperature near by against Kajla on Friday,SOIL_TEMPERATURE,COMPARE,"[""near by"", ""Kajla""]","[""Friday""]"
"cotnrast the sunny in my field with niyamoopur, uttarpradesh by 6:15 am",SUNSHINE,COMPARE,"[""my field"", ""niyamoopur, uttarpradesh""]","[""6:15 am""]"
I want to know the peecipitation in Chandsora the next 12 hours,RAIN,GET,"[""Chandsora""]","[""next 12 hours""]"
Tell me the weather status my vilage from 2 am to 7 AM,CURRENT_CONDITIONS,GET,"[""my vilage""]","[""2 am to 7 AM""]"
"Differince in clod covr between Mina Bhagar, Gorakhpur and Vadi tomorow??",CLOUD_COVER,COMPARE,"[""Mina Bhagar, Gorakhpur"", ""Vadi""]","[""tomorow""]"
Notfyi me if it starts raining in Khonkar tomorrow,RAIN,ALERT,"[""Khonkar""]","[""tomorrow""]"
"Coldest temperature alert Sitalpur Kakrahta, Hajipur?!",TEMPERATURE_MIN,ALERT,"[""Sitalpur Kakrahta, Hajipur""]",[]
Raise an alarm if the taapmian looks bad in Patandadar by midnight,TEMPERATURE,ALERT,"[""Patandadar""]","[""midnight""]"
"On Saturday, what is the wind beiring",WIND_DIRECTION,GET,[],"[""Saturday""]"
"contrast the moisture in the air in our village with pathrkunwa, sonbhadra last week",HUMIDITY,COMPARE,"[""our village"", ""pathrkunwa, sonbhadra""]","[""last week""]"
want to know dew leel kaawai bihar on sunday,DEW_POINT,GET,"[""kaawai bihar""]","[""sunday""]"
"Compair the rain frecast between Kasipet, Telangana and Trinidad And Tobago right now?",RAIN,COMPARE,"[""Kasipet, Telangana"", ""Trinidad And Tobago""]","[""right now""]"
Tell when min temp chnges Thiruvaniyoor Kunnattunad Ernakulam Kerala,TEMPERATURE_MIN,ALERT,"[""Thiruvaniyoor Kunnattunad Ernakulam Kerala""]",[]
Whicch way the wind blows alert Tipamia Dighalia,WIND_DIRECTION,ALERT,"[""Tipamia Dighalia""]",[]
"Regarding Guara Bihar, what is the dhaop tmrw?",SUNSHINE,GET,"[""Guara Bihar""]","[""tmrw""]"
Warn me about the due point in B Koduru Anhra Pradesh,DEW_POINT,ALERT,"[""B Koduru Anhra Pradesh""]",[]
how does the solar exposure in chengalpattu tmail nadu 8:30 am compare to 10 pm?,SUNSHINE,COMPARE,"[""chengalpattu tmail nadu""]","[""8:30 am"", ""10 pm""]"
"Dewpoint temperature in Ganderi and Baghuapalli tomorrow evening, which is better?",DEW_POINT,COMPARE,"[""Ganderi"", ""Baghuapalli""]","[""tomorrow evening""]"
Want to know degree Dumalpakhal by 12:05 PM,TEMPERATURE,GET,"[""Dumalpakhal""]","[""12:05 PM""]"
Update me on the whicch way the wind blows in Kasipur on Tuesday,WIND_DIRECTION,GET,"[""Kasipur""]","[""Tuesday""]"
What is the soil moisture reading near me?,SOIL_MOISTURE,GET,"[""near me""]",[]
Warn me about the mitit ki nami at 9:30 pm,SOIL_MOISTURE,ALERT,[],"[""9:30 pm""]"
Flag the feels like temperature at 7 pm,TEMPERATURE,ALERT,[],"[""7 pm""]"
"On Sunday, what is the maximum temperature at my palce?",TEMPERATURE_MAX,GET,"[""my palce""]","[""Sunday""]"
"Could you let me know the current conditions in Bakarkol, Azamgarh, Uttarpradesh around 10 pm",CURRENT_CONDITIONS,GET,"[""Bakarkol, Azamgarh, Uttarpradesh""]","[""10 pm""]"
"where is the temrpature greater, shripur, dhanolti, tehri garawal or araji maphi soana, jakhania?",TEMPERATURE,COMPARE,"[""shripur, dhanolti, tehri garawal"", ""araji maphi soana, jakhania""]",[]
"sun barauta, nawada vs navapur this evening",SUNSHINE,COMPARE,"[""barauta, nawada"", ""navapur""]","[""this evening""]"
Show me the wind heading in Hengerajhar Darrang aorund 9 am,WIND_DIRECTION,GET,"[""Hengerajhar Darrang""]","[""9 am""]"
quickly Is tree any sky cover warning 2day?,CLOUD_COVER,ALERT,[],"[""2day""]"
Gaura Bihar vs Kauadil highest temp tommorow,TEMPERATURE_MAX,COMPARE,"[""Gaura Bihar"", ""Kauadil""]","[""tommorow""]"
Put a reminder for dew in Soomar around 6 PM,DEW_POINT,ALERT,"[""Soomar""]","[""6 PM""]"
"How does the soil moisure in Kasapeta compare with Goudia Bahali, Thakurmunda 2nite?",SOIL_MOISTURE,COMPARE,"[""Kasapeta"", ""Goudia Bahali, Thakurmunda""]","[""2nite""]"
Inform me if forcast bad in Rengalpali,FORECAST,ALERT,"[""Rengalpali""]",[]
Ping me about the dhoop in my vilage around 3:30 pm,SUNSHINE,ALERT,"[""my vilage""]","[""3:30 pm""]"
"For Dwarahat Almora and Gowdanahlli both, what is the soil water content during the sowing week",SOIL_MOISTURE,COMPARE,"[""Dwarahat Almora"", ""Gowdanahlli""]","[""sowing week""]"
"Compre cloudness in Tupenga vs Lasoodlya Pata, Narsinghgarh right now",CLOUD_COVER,COMPARE,"[""Tupenga"", ""Lasoodlya Pata, Narsinghgarh""]","[""right now""]"
alrt me if minimum temperature changes in khanuwai on sunday,TEMPERATURE_MIN,ALERT,"[""khanuwai""]","[""sunday""]"
any idea about the wind direction in mogalipuram?,WIND_DIRECTION,GET,"[""mogalipuram""]",[]
notiffy me about the rainfal around here day after tomorrow,RAIN,ALERT,"[""here""]","[""day after tomorrow""]"
Compare the wind flow diirection near me with Chawa for the next 3 days,WIND_DIRECTION,COMPARE,"[""near me"", ""Chawa""]","[""next 3 days""]"
How does the soil temperature at 40cm in this area compare with Amaja for the next 7 days?,SOIL_TEMPERATURE,COMPARE,"[""this area"", ""Amaja""]","[""next 7 days""]"
compare the rainy in gowdanahalli tumakuru karnataka between 7:30 am and 10:45 pm,RAIN,COMPARE,"[""gowdanahalli tumakuru karnataka""]","[""7:30 am"", ""10:45 pm""]"
"Contrasst the humididty in Chirakuta Pt.ii, Dhubri with Fatehgarh Saihb today",HUMIDITY,COMPARE,"[""Chirakuta Pt.ii, Dhubri"", ""Fatehgarh Saihb""]","[""today""]"
Is there any downpour wrning at my location nxt week?,RAIN,ALERT,"[""my location""]","[""nxt week""]"
"what's the weather conditions in panposh, odisha tomorow?",CURRENT_CONDITIONS,GET,"[""panposh, odisha""]","[""tomorow""]"
Check the nami tomorow,HUMIDITY,GET,[],"[""tomorow""]"
Can you tell me the soil wetness in Baramula by 9 PM?,SOIL_MOISTURE,GET,"[""Baramula""]","[""9 PM""]"
alrt me if min temp changes in sura sultanpura panch mahals,TEMPERATURE_MIN,ALERT,"[""sura sultanpura panch mahals""]",[]
Difference in bdaal between Beradangi Chanchal Malah and Hallaornagara at 5 PM,CLOUD_COVER,COMPARE,"[""Beradangi Chanchal Malah"", ""Hallaornagara""]","[""5 PM""]"
What is the gust in Danout yesterday,WIND_SPEED,GET,"[""Danout""]","[""yesterday""]"
Flag the min temp in our village 2day urgent,TEMPERATURE_MIN,ALERT,"[""our village""]","[""2day""]"
Warn me about the moisture in the air in Khani Upperli next month,HUMIDITY,ALERT,"[""Khani Upperli""]","[""next month""]"
Charadih Ramban hottest temperature at 2 PM,TEMPERATURE_MAX,COMPARE,"[""Charadih"", ""Ramban""]","[""2 PM""]"
Send me an alert if the temp is unusual in Puhlwaria,TEMPERATURE,ALERT,"[""Puhlwaria""]",[]
iform me if mitti ka taapmaan bad in pura ruchai during the sowing week,SOIL_TEMPERATURE,ALERT,"[""pura ruchai""]","[""sowing week""]"
"around 10:45 pm, what is the weather?",CURRENT_CONDITIONS,GET,[],"[""10:45 pm""]"
"From 9 AM to 11 AM, what is the dayttmie high nearyb?",TEMPERATURE_MAX,GET,"[""nearyb""]","[""9 AM to 11 AM""]"
Set an alert for datyime high in Awhane Bk.,TEMPERATURE_MAX,ALERT,"[""Awhane Bk.""]",[]
Compare the mausam in Gerai Ki Guwari Rajasthan beoween right now and 82 minutes,CURRENT_CONDITIONS,COMPARE,"[""Gerai Ki Guwari Rajasthan""]","[""right now"", ""82 minutes""]"
Want know soil temerature at 10cm Talimapur this morning,SOIL_TEMPERATURE,GET,"[""Talimapur""]","[""this morning""]"
How does the moisture level in Kotpad compare with Dibrugarh?,HUMIDITY,COMPARE,"[""Kotpad"", ""Dibrugarh""]",[]
How does the depwoint temperature in Jagtial 7 pm compare to 6:15 am,DEW_POINT,COMPARE,"[""Jagtial""]","[""7 pm"", ""6:15 am""]"
How is rain amount around here?,RAIN,GET,"[""here""]",[]
Put a reminder for min temperature in Jammu And Kashmir India day after tomorrow,TEMPERATURE_MIN,ALERT,"[""Jammu And Kashmir India""]","[""day after tomorrow""]"
Compare the gust around here with Tendawa Sisatipur araund 3:34 am,WIND_SPEED,COMPARE,"[""here"", ""Tendawa Sisatipur""]","[""3:34 am""]"
"Want alert for air moisture in Dakshin Panialguri, Alipur Duar, West Bengal",HUMIDITY,ALERT,"[""Dakshin Panialguri, Alipur Duar, West Bengal""]",[]
Tell me the how hot for Unchgaon by 2 AM quickly,TEMPERATURE,GET,"[""Unchgaon""]","[""2 AM""]"
"minimum temprature balewal, shahid bhagat sinngh nagar, punjab this evening",TEMPERATURE_MIN,GET,"[""balewal, shahid bhagat sinngh nagar, punjab""]","[""this evening""]"
Contrast the upcoming weather nearby with Samaria 2nite,FORECAST,COMPARE,"[""nearby"", ""Samaria""]","[""2nite""]"
meseage me the gust speed in maryland,WIND_SPEED,ALERT,"[""maryland""]",[]
How the max temperature at my plce cmopare with Shuni on Wednesday?,TEMPERATURE_MAX,COMPARE,"[""my plce"", ""Shuni""]","[""Wednesday""]"
Check the weatther for next days around here rn,FORECAST,GET,"[""here""]","[""rn""]"
How duz the wind dirrection in Narsinghpura compare with Manegaon Sagar right now?,WIND_DIRECTION,COMPARE,"[""Narsinghpura"", ""Manegaon Sagar""]","[""right now""]"
Is there any max temp warinng this weekend?,TEMPERATURE_MAX,ALERT,[],"[""this weekend""]"
Pls tell me the dew in Daryapur from 9 AM to 11 AM,DEW_POINT,GET,"[""Daryapur""]","[""9 AM to 11 AM""]"
Hw is minimum temerature in Ichhapur tomorrow night,TEMPERATURE_MIN,GET,"[""Ichhapur""]","[""tomorrow night""]"
Maxiimuum for the next 7 days pls,TEMPERATURE_MAX,GET,[],"[""next 7 days""]"
"Manikpara, Uttar Dinajpur, West Bengal v/s Temtha Karari humidity percent tomorrow night",HUMIDITY,COMPARE,"[""Manikpara, Uttar Dinajpur, West Bengal"", ""Temtha Karari""]","[""tomorrow night""]"
Can you give me the weather update for Vizag?,CURRENT_CONDITIONS,GET,"[""Vizag""]",[]
Warn me about the minimum temprature at my locaiton by 4:45 AM..,TEMPERATURE_MIN,ALERT,"[""my locaiton""]","[""4:45 AM""]"
How does the wind stregnth nearby compare with Sakariya Jhalawar?,WIND_SPEED,COMPARE,"[""nearby"", ""Sakariya Jhalawar""]",[]
"Hw is wind blows from in Bareti Kalan, Rewa in the next 12 hours",WIND_DIRECTION,GET,"[""Bareti Kalan, Rewa""]","[""next 12 hours""]"
"From 7:02 AM to 10 PM, alret me abot the dewpoint in Powa",DEW_POINT,ALERT,"[""Powa""]","[""7:02 AM to 10 PM""]"
quickly What is the soil moietur tmrw in Saran Nani?,SOIL_MOISTURE,GET,"[""Saran Nani""]","[""tmrw""]"
notify me about wind bearing in ranhot around 11 pm,WIND_DIRECTION,ALERT,"[""ranhot""]","[""11 pm""]"
show me the soil heat in fatehabad tomorrow evening,SOIL_TEMPERATURE,GET,"[""fatehabad""]","[""tomorrow evening""]"
Chheck the peak temperature for both Maira Dhaj and Pub Bandar Mela later today,TEMPERATURE_MAX,COMPARE,"[""Maira Dhaj"", ""Pub Bandar Mela""]","[""later today""]"
Warn me if the teemperature falls below 10 degrees in Nekkunihi on Tuesday,TEMPERATURE_MIN,ALERT,"[""Nekkunihi""]","[""Tuesday""]"
How huumid is it in Budhel right now?,HUMIDITY,GET,"[""Budhel""]","[""right now""]"
Ping abotu the minimum temperature now,TEMPERATURE_MIN,ALERT,[],"[""now""]"
What's the relative humidity in Hyderabad tomorrow?,HUMIDITY,GET,"[""Hyderabad""]","[""tomorrow""]"
put a reminedr for bright sunshne in sahapur,SUNSHINE,ALERT,"[""sahapur""]",[]
"Compare the how hot it is in my field with Agaram, Cuddalore nxt week",TEMPERATURE,COMPARE,"[""my field"", ""Agaram, Cuddalore""]","[""nxt week""]"
"Vyas Kheri, Atru yesterday windy?",WIND_SPEED,GET,"[""Vyas Kheri, Atru""]","[""yesterday""]"
Ovenright low,TEMPERATURE_MIN,GET,[],[]
flag the what temperature day after tomorow,TEMPERATURE,ALERT,[],"[""day after tomorow""]"
Reminder for mitti ka taapmaan Sivarampruam day after tomorrow,SOIL_TEMPERATURE,ALERT,"[""Sivarampruam""]","[""day after tomorrow""]"
send me an alert if the relative moisture is uusual in pura ruhai yesterday,HUMIDITY,ALERT,"[""pura ruhai""]","[""yesterday""]"
"By 2 AM, alert me aaout the gust speed in Doddaheejjaji",WIND_SPEED,ALERT,"[""Doddaheejjaji""]","[""2 AM""]"
What is the highest temp tomorrow evening in Belsuana,TEMPERATURE_MAX,GET,"[""Belsuana""]","[""tomorrow evening""]"
comprae the heat level nearby with fatterpur later today,TEMPERATURE,COMPARE,"[""nearby"", ""fatterpur""]","[""later today""]"
Is rain expected in Sydney this afternoon?,RAIN,GET,"[""Sydney""]","[""this afternoon""]"
What will the condtiions right now be Kalibel on Sunday?,CURRENT_CONDITIONS,GET,"[""Kalibel""]","[""Sunday""]"
how much soil temperatre in tilikara gajapati later today?,SOIL_TEMPERATURE,GET,"[""tilikara gajapati""]","[""later today""]"
Any idea about the hawa ki raftra at 7:15 PM?,WIND_SPEED,GET,[],"[""7:15 PM""]"
"On Wednesday, alert me about the maxxximum temperature in Lonar kindly",TEMPERATURE_MAX,ALERT,"[""Lonar""]","[""Wednesday""]"
Warn me aout the sun in Doddahejjaji Bengaluru Rurl tonight?!,SUNSHINE,ALERT,"[""Doddahejjaji Bengaluru Rurl""]","[""tonight""]"
can you tell me the max temp in kundra sundargahr?,TEMPERATURE_MAX,GET,"[""kundra sundargahr""]",[]
show me the wind rate for ahesha and ladi anan in 30 minutes,WIND_SPEED,COMPARE,"[""ahesha"", ""ladi anan""]","[""30 minutes""]"
Ping me about the tempreture at my location on Tuesday,TEMPERATURE,ALERT,"[""my location""]","[""Tuesday""]"
Flag the heat level day after tomorrow,TEMPERATURE,ALERT,[],"[""day after tomorrow""]"
comprae the wheather at my location with thiruvaniyoor kunnattunad ernakulam kerala tomorrow,CURRENT_CONDITIONS,COMPARE,"[""my location"", ""thiruvaniyoor kunnattunad ernakulam kerala""]","[""tomorrow""]"
"how does the dewpoiot in my feild compare with kinaidih, raghunathpur, puruliya?",DEW_POINT,COMPARE,"[""my feild"", ""kinaidih, raghunathpur, puruliya""]",[]
reminder clooud covr paschim ramchandrapur north twenty-four parganas west bengal next month,CLOUD_COVER,ALERT,"[""paschim ramchandrapur north twenty-four parganas west bengal""]","[""next month""]"
Contrast the lowest temp in my plot with Baunli Sawai Madhopur Rajasthan on Friday,TEMPERATURE_MIN,COMPARE,"[""my plot"", ""Baunli Sawai Madhopur Rajasthan""]","[""Friday""]"
Put the soil water in our village against Rattowal for the next 7 days,SOIL_MOISTURE,COMPARE,"[""our village"", ""Rattowal""]","[""next 7 days""]"
Need dew for Manipur Inndia by 10 PM,DEW_POINT,GET,"[""Manipur Inndia""]","[""10 PM""]"
Is it going to rain today in London?,RAIN,GET,"[""London""]","[""today""]"
"Duldula, Chhatisgarh versus Mississippi, United States minnimum temprature tomorrow morning",TEMPERATURE_MIN,COMPARE,"[""Duldula, Chhatisgarh"", ""Mississippi, United States""]","[""tomorrow morning""]"
how does the how humid my field coapre with supa right now?,HUMIDITY,COMPARE,"[""my field"", ""supa""]","[""right now""]"
"Dakshin Panialguri, Alipur Duar, West Bengal vs Kasaptea humididty",HUMIDITY,COMPARE,"[""Dakshin Panialguri, Alipur Duar, West Bengal"", ""Kasaptea""]",[]
Is the soil temperature warm enough in AP today?,SOIL_TEMPERATURE,GET,"[""AP""]","[""today""]"
Vaatvaaranam gap bewteen Kawadipalle and Israel tomorrow evening,CURRENT_CONDITIONS,COMPARE,"[""Kawadipalle"", ""Israel""]","[""tomorrow evening""]"
"Remind me to check the precipitaion in Kongayi, Siddharthnagar this weekend",RAIN,ALERT,"[""Kongayi, Siddharthnagar""]","[""this weekend""]"
Is the vaatavaranma in Kahrk Lizer different tomorrow evening and 1:48 PM?,CURRENT_CONDITIONS,COMPARE,"[""Kahrk Lizer""]","[""tomorrow evening"", ""1:48 PM""]"
how does the cloud covergae in sorahiya compare with bakkeshwar yesterday?,CLOUD_COVER,COMPARE,"[""sorahiya"", ""bakkeshwar""]","[""yesterday""]"
tel me due pont for nnador 2day,DEW_POINT,GET,"[""nnador""]","[""2day""]"
Tell diffrence higest temp Shi Rajpur Kotdwar Pauri Garhwal Dumurdiha 2nite,TEMPERATURE_MAX,COMPARE,"[""Shi Rajpur Kotdwar Pauri Garhwal"", ""Dumurdiha""]","[""2nite""]"
"Barwala, Gujarat veress Wyaanad Kerala wind speed forecast day after tomorow",WIND_SPEED,COMPARE,"[""Barwala, Gujarat"", ""Wyaanad Kerala""]","[""day after tomorow""]"
hw is wind speed in goudia bahali rn,WIND_SPEED,GET,"[""goudia bahali""]","[""rn""]"
whts the cold looking like thinghta?,TEMPERATURE,GET,"[""thinghta""]",[]
flag the overcast leel nearby by 4 pm,CLOUD_COVER,ALERT,"[""nearby""]","[""4 pm""]"
"Tell diffrence cloud amount Sheorajpr Khatauli Rural, Muzaffarnagar day after tomorow",CLOUD_COVER,COMPARE,"[""Sheorajpr"", ""Khatauli Rural, Muzaffarnagar""]","[""day after tomorow""]"
Contrst the how humid near by with Kothur?!,HUMIDITY,COMPARE,"[""near by"", ""Kothur""]",[]
need maximum for kalayarokvil in the next 12 hours,TEMPERATURE_MAX,GET,"[""kalayarokvil""]","[""next 12 hours""]"
"i need the earth temperature readig for mtaihania khurd, kushinagar around 9:34 pm",SOIL_TEMPERATURE,GET,"[""mtaihania khurd, kushinagar""]","[""9:34 pm""]"
tell diffrennce relative moisture dwarahat almora thamalapura,HUMIDITY,COMPARE,"[""dwarahat almora"", ""thamalapura""]",[]
Put the highest temperature of Gobrapota against Hinauti Chakia tmrw,TEMPERATURE_MAX,COMPARE,"[""Gobrapota"", ""Hinauti Chakia""]","[""tmrw""]"
"Min temperature in Kanisal Pt Ii and Malhipur from 7 am to 9:30 pm, which is better",TEMPERATURE_MIN,COMPARE,"[""Kanisal Pt Ii"", ""Malhipur""]","[""7 am to 9:30 pm""]"
"Where is the cloudy greater, Bankandi Pauri Garhwal or Manikpara day after tomorow?",CLOUD_COVER,COMPARE,"[""Bankandi Pauri Garhwal"", ""Manikpara""]","[""day after tomorow""]"
Raie an alarm if the lowest temperature looks bad in Vyas Khri next week,TEMPERATURE_MIN,ALERT,"[""Vyas Khri""]","[""next week""]"
bro Send alert humidty in Tendumuda,HUMIDITY,ALERT,"[""Tendumuda""]",[]
"contrast the humididty near me with devapar, santkaabirnagar during the sowing week",HUMIDITY,COMPARE,"[""near me"", ""devapar, santkaabirnagar""]","[""sowing week""]"
"warn me about the cloud density in pakaria kalan, chatra",CLOUD_COVER,ALERT,"[""pakaria kalan, chatra""]",[]
flag the suny for barei kalan tonight,SUNSHINE,ALERT,"[""barei kalan""]","[""tonight""]"
Hw is moisture in the soil in Ssiswa Tola Jai Ray by 4 am,SOIL_MOISTURE,GET,"[""Ssiswa Tola Jai Ray""]","[""4 am""]"
Huodity here pls,HUMIDITY,GET,"[""here""]",[]
Check the taapmaan Bagoni arond 1 AM,TEMPERATURE,GET,"[""Bagoni""]","[""1 AM""]"
the soil wtaer near me?,SOIL_MOISTURE,GET,"[""near me""]",[]
want alert for weather outlook in buthpur,FORECAST,ALERT,"[""buthpur""]",[]
Kachnoda vs Mokha Ka Tonk Pratapgarh soil moistue kindly,SOIL_MOISTURE,COMPARE,"[""Kachnoda"", ""Mokha Ka Tonk Pratapgarh""]",[]
Notify me about the highest temperature this afternoon,TEMPERATURE_MAX,ALERT,[],"[""this afternoon""]"
Compare the dewpoint in Kumbhara between 82 minutes and 9:30 am,DEW_POINT,COMPARE,"[""Kumbhara""]","[""82 minutes"", ""9:30 am""]"
"diffrence in how hot it is between bandarchuan, chatra, jharkhand and dibrugarh during the sowing week",TEMPERATURE,COMPARE,"[""bandarchuan, chatra, jharkhand"", ""dibrugarh""]","[""sowing week""]"
"Compare the wether Bhijapara, Dhubri between 12 AM and 9 AM to 11 AM",CURRENT_CONDITIONS,COMPARE,"[""Bhijapara, Dhubri""]","[""12 AM"", ""9 AM to 11 AM""]"
How is weather situation?,CURRENT_CONDITIONS,GET,[],[]
"Regarding Kderu Pur, what is the maaximum in 15 minutes",TEMPERATURE_MAX,GET,"[""Kderu Pur""]","[""15 minutes""]"
"Send alert due point in Naysatra, Bongaigaon this weekend",DEW_POINT,ALERT,"[""Naysatra, Bongaigaon""]","[""this weekend""]"
"how does the soil moistuer 40cm at my place compare with chikhli, seoni, madhya pradesh on saturday?",SOIL_MOISTURE,COMPARE,"[""my place"", ""chikhli, seoni, madhya pradesh""]","[""saturday""]"
Diffffrence in humidity percentage between Saran Nani and Rempi Gajaati tonight,HUMIDITY,COMPARE,"[""Saran Nani"", ""Rempi Gajaati""]","[""tonight""]"
Pls tell me the nighttime low in Burkina Faso around 11 AM,TEMPERATURE_MIN,GET,"[""Burkina Faso""]","[""11 AM""]"
Compare moiisture in the air Badahinnso Gowdanahalli Tumakuru Karnataka this morning,HUMIDITY,COMPARE,"[""Badahinnso"", ""Gowdanahalli Tumakuru Karnataka""]","[""this morning""]"
How does the moisture in the air in Aianbeda 9 PM compare to 4:45 AM?,HUMIDITY,COMPARE,"[""Aianbeda""]","[""9 PM"", ""4:45 AM""]"
"today, compare the soil moisture in punjab indai and chhapra..",SOIL_MOISTURE,COMPARE,"[""punjab indai"", ""chhapra""]","[""today""]"
Set an alert for oveunight low nxt week,TEMPERATURE_MIN,ALERT,[],"[""nxt week""]"
contarst weather now around here with lalpura barh patna,CURRENT_CONDITIONS,COMPARE,"[""here"", ""lalpura barh patna""]",[]
"Put the wind beaing of Bakkeshwar, West Bengal agaainst Red Wana tmrw",WIND_DIRECTION,COMPARE,"[""Bakkeshwar, West Bengal"", ""Red Wana""]","[""tmrw""]"
Set an alert for soil moistur in Deopada Nashik rn,SOIL_MOISTURE,ALERT,"[""Deopada Nashik""]","[""rn""]"
Compre the soil water in Sarsaar between 7:02 AM to 10 PM and 10:30 pm,SOIL_MOISTURE,COMPARE,"[""Sarsaar""]","[""7:02 AM to 10 PM"", ""10:30 pm""]"
"Karhal, Uttarpradesh vs Bindipur how cloudy",CLOUD_COVER,COMPARE,"[""Karhal, Uttarpradesh"", ""Bindipur""]",[]
Hw is rain channce in Rempi Gajapati today,RAIN,GET,"[""Rempi Gajapati""]","[""today""]"
ping me abut the breeze in bdpal on tuesday,WIND_SPEED,ALERT,"[""bdpal""]","[""tuesday""]"
"Day after tomorow how cold figures for Fatehabad, Haryana",TEMPERATURE,GET,"[""Fatehabad, Haryana""]","[""Day after tomorow""]"
Contrast the how hot at my location with Nangla next month,TEMPERATURE,COMPARE,"[""my location"", ""Nangla""]","[""next month""]"
"Which is better for outlook, Chalkusha, Jharkhand or Awhane Bk.?",FORECAST,COMPARE,"[""Chalkusha, Jharkhand"", ""Awhane Bk.""]",[]
"Do you have the tunderstorm data for Ranga, Mohanpur, Deoghar, Jharkhand tmrw?",RAIN,GET,"[""Ranga, Mohanpur, Deoghar, Jharkhand""]","[""tmrw""]"
"cuodl you let me know the weather situation in joharapur, ahamadnagar nxt week?",CURRENT_CONDITIONS,GET,"[""joharapur, ahamadnagar""]","[""nxt week""]"
contrast the hottest temperature in gordih batween 7:20 am and 1:48 pm,TEMPERATURE_MAX,COMPARE,"[""gordih""]","[""7:20 am"", ""1:48 pm""]"
moisture in the air alert pura,HUMIDITY,ALERT,"[""pura""]",[]
inform me if coudiness bad in bhami kalan 2nite?!,CLOUD_COVER,ALERT,"[""bhami kalan""]","[""2nite""]"
Can you tell me the dew in Mahamadpur Pt Ii on Tuesday,DEW_POINT,GET,"[""Mahamadpur Pt Ii""]","[""Tuesday""]"
Put the what temperature in my plot against Mandaria by 10 am,TEMPERATURE,COMPARE,"[""my plot"", ""Mandaria""]","[""10 am""]"
raise an alarm if the weather looks bad in manipur 2nite,CURRENT_CONDITIONS,ALERT,"[""manipur""]","[""2nite""]"
"Warn about the humidity level in Shala Teng Ghat, Srinagar, Jammu And Kasmir day after tomorrow",HUMIDITY,ALERT,"[""Shala Teng Ghat, Srinagar, Jammu And Kasmir""]","[""day after tomorrow""]"
Is the air moisutre in Mahalmirya Dognar different this weekend and 7:15 PM?,HUMIDITY,COMPARE,"[""Mahalmirya Dognar""]","[""this weekend"", ""7:15 PM""]"
Notify me about the overnight low in the next 4 hours,TEMPERATURE_MIN,ALERT,[],"[""next 4 hours""]"
How does the soil wetness level at my location copare with Sari Mrukawal around 6 PM?,SOIL_MOISTURE,COMPARE,"[""my location"", ""Sari Mrukawal""]","[""6 PM""]"
"What's the wind gusts in Tupenga, Mainupr arround 3:30 pm?",WIND_SPEED,GET,"[""Tupenga, Mainupr""]","[""3:30 pm""]"
Compare the probability of rain in my village with Chhapia Khas Bhanpur tomorrow,RAIN,COMPARE,"[""my village"", ""Chhapia Khas Bhanpur""]","[""tomorrow""]"
"2nite, what the wind bearing in Fatehabad?",WIND_DIRECTION,GET,"[""Fatehabad""]","[""2nite""]"
Tempreature of soil next week pls,SOIL_TEMPERATURE,GET,[],"[""next week""]"
how does the heat level in my feild compare with madani on monday?,TEMPERATURE,COMPARE,"[""my feild"", ""madani""]","[""monday""]"
"Which is beter for daytime high, Pathrkunwa, Sonbhadra or Rempi Gajapati?",TEMPERATURE_MAX,COMPARE,"[""Pathrkunwa, Sonbhadra"", ""Rempi Gajapati""]",[]
"tell me the what tmeperatire for darola, bilaspur 2day",TEMPERATURE,GET,"[""darola, bilaspur""]","[""2day""]"
How much soil moistur in Gaura later today?,SOIL_MOISTURE,GET,"[""Gaura""]","[""later today""]"
"you have the hottest temperature data for Bamai, Teonthar on Friday?",TEMPERATURE_MAX,GET,"[""Bamai, Teonthar""]","[""Friday""]"
is any minimum temperature advisory isoued for hiwara this week?,TEMPERATURE_MIN,ALERT,"[""hiwara""]","[""this week""]"
"Tell me when max temppreture changes Powa, Campieranj around 1:30 pm plz",TEMPERATURE_MAX,ALERT,"[""Powa, Campieranj""]","[""1:30 pm""]"
Contrats the sunlight in my vilage with Nibhei Guna by midnight,SUNSHINE,COMPARE,"[""my vilage"", ""Nibhei Guna""]","[""midnight""]"
How does suunny in this area comprae with Rannu?,SUNSHINE,COMPARE,"[""this area"", ""Rannu""]",[]
Set an alet for soil temprature in this area this afternoon,SOIL_TEMPERATURE,ALERT,"[""this area""]","[""this afternoon""]"
"How does the moisture in the soil at my place compare with Ranga, Mohanpur, Deoghar, Jharkhand this evening?",SOIL_MOISTURE,COMPARE,"[""my place"", ""Ranga, Mohanpur, Deoghar, Jharkhand""]","[""this evening""]"
"In Motlapalle, Jayashankar Bhupalapaliy, what is the hottest?",TEMPERATURE_MAX,GET,"[""Motlapalle, Jayashankar Bhupalapaliy""]",[]
"Set an alart for cloudnness in Nagapattinam, Tamil Nadu next week",CLOUD_COVER,ALERT,"[""Nagapattinam, Tamil Nadu""]","[""next week""]"
compare cloud percentage between pahrauli and badhiadih yesterday,CLOUD_COVER,COMPARE,"[""pahrauli"", ""badhiadih""]","[""yesterday""]"
How is the os bndu in Pahar at 4:45 PM?,DEW_POINT,GET,"[""Pahar""]","[""4:45 PM""]"
"how duz the fiedl moisture in purnia, bihar compare with cuttack odisha on friday?",SOIL_MOISTURE,COMPARE,"[""purnia, bihar"", ""cuttack odisha""]","[""friday""]"
Warrn me abot what tmeperature in Comoros on Monday,TEMPERATURE,ALERT,"[""Comoros""]","[""Monday""]"
"which has higher highest temp, bahunagar urf sirsa, baheri or nekkundhi around 3:30 pm?",TEMPERATURE_MAX,COMPARE,"[""bahunagar urf sirsa, baheri"", ""nekkundhi""]","[""3:30 pm""]"
Compare the heat level in my field with Antari by midnight,TEMPERATURE,COMPARE,"[""my field"", ""Antari""]","[""midnight""]"
"Plz alert hotttest Jogidhipa, Sundargarh, Odisha tomorrow",TEMPERATURE_MAX,ALERT,"[""Jogidhipa, Sundargarh, Odisha""]","[""tomorrow""]"
"Contast the sun my villae with Duldula, Chhatisgarh",SUNSHINE,COMPARE,"[""my villae"", ""Duldula, Chhatisgarh""]",[]
"check the coldest tempraaure for both kabul khedi, piploda and baruttar hingli on wednesday",TEMPERATURE_MIN,COMPARE,"[""kabul khedi, piploda"", ""baruttar hingli""]","[""wednesday""]"
How the direction of the wind in my village copare with Tuljapur next week,WIND_DIRECTION,COMPARE,"[""my village"", ""Tuljapur""]","[""next week""]"
could you check the brght sunshine in my plot?,SUNSHINE,GET,"[""my plot""]",[]
"Day after tomorow, what is the dewpoit in Gokalyyawala?",DEW_POINT,GET,"[""Gokalyyawala""]","[""Day after tomorow""]"
Predictions Araji Maphi Soana by 4:30 AM pls,FORECAST,GET,"[""Araji Maphi Soana""]","[""4:30 AM""]"
"Compaare sky cover in Motlapalle, Jayashankar Bhupalapally vs Saorl Himachal Pradesh day after tomorow",CLOUD_COVER,COMPARE,"[""Motlapalle, Jayashankar Bhupalapally"", ""Saorl Himachal Pradesh""]","[""day after tomorow""]"
Notifiy me about the sunshien in Chengalpattu Taiml Nadu tonight,SUNSHINE,ALERT,"[""Chengalpattu Taiml Nadu""]","[""tonight""]"
Sun hours in Nilapalli Kohrdha Odisha: last week or 4:45 PM,SUNSHINE,COMPARE,"[""Nilapalli Kohrdha Odisha""]","[""last week"", ""4:45 PM""]"
Compare the wind flow diretcion at my place with France by midnight,WIND_DIRECTION,COMPARE,"[""my place"", ""France""]","[""midnight""]"
sir Reimnder for ground temp Baglan next month,SOIL_TEMPERATURE,ALERT,"[""Baglan""]","[""next month""]"
Is there any minimum temperature warning for Gurudayalpur F.v. for the next 7 days?,TEMPERATURE_MIN,ALERT,"[""Gurudayalpur F.v.""]","[""next 7 days""]"
kindly share the soil temperature at 40cm for udham singh nagar by 8:30 am,SOIL_TEMPERATURE,GET,"[""udham singh nagar""]","[""8:30 am""]"
"how does stong wind nearby coopare with raksani, bihar around 10 pm?",WIND_SPEED,COMPARE,"[""nearby"", ""raksani, bihar""]","[""10 pm""]"
Is humidity lvel advisiry issued?,HUMIDITY,ALERT,[],[]
Set an alert for current conditions at 1:30 am,CURRENT_CONDITIONS,ALERT,[],"[""1:30 am""]"
Difference in wind speed forecast between Chuara and Sivarampuram for the next 7 days,WIND_SPEED,COMPARE,"[""Chuara"", ""Sivarampuram""]","[""next 7 days""]"
Tel me the tepmerature of soil for Ambeneri at 11:30 AM,SOIL_TEMPERATURE,GET,"[""Ambeneri""]","[""11:30 AM""]"
Purnai verses Idappadi weather for next days on Friday,FORECAST,COMPARE,"[""Purnai"", ""Idappadi""]","[""Friday""]"
early morning degree figures in my vllage,TEMPERATURE,GET,"[""my vllage""]","[""early morning""]"
how does the rain chancec in my field compare with karur tamil nadu next week?,RAIN,COMPARE,"[""my field"", ""karur tamil nadu""]","[""next week""]"
how does the outside conditions in mahuva 2day compare to 8:30 am?,CURRENT_CONDITIONS,COMPARE,"[""mahuva""]","[""2day"", ""8:30 am""]"
"btween jhunjhunun, rajasthan and puranpur, where is the low temp stronger this afternoon?",TEMPERATURE_MIN,COMPARE,"[""jhunjhunun, rajasthan"", ""puranpur""]","[""this afternoon""]"
What's the preecipitation Doominica this weekend?,RAIN,GET,"[""Doominica""]","[""this weekend""]"
contrast the feels like temperature in our village with tahliwala jattan last week,TEMPERATURE,COMPARE,"[""our village"", ""tahliwala jattan""]","[""last week""]"
"how much forecast in samasarpur, oisha 2day?",FORECAST,GET,"[""samasarpur, oisha""]","[""2day""]"
Warn me about the tmeperature in Duleula on Tuesday,TEMPERATURE,ALERT,"[""Duleula""]","[""Tuesday""]"
"Want to know dewpoit Bilarua, Bhatpar Rani, Deoria from 7:02 AM to 10 PM",DEW_POINT,GET,"[""Bilarua, Bhatpar Rani, Deoria""]","[""7:02 AM to 10 PM""]"
compare overnigth temperature around here with sandongri khairagarh raj nandgaon last week,TEMPERATURE_MIN,COMPARE,"[""here"", ""sandongri khairagarh raj nandgaon""]","[""last week""]"
"urgent Alrt me if soil tempreture changes in Gumdi, Makri nxt week",SOIL_TEMPERATURE,ALERT,"[""Gumdi, Makri""]","[""nxt week""]"
Set an alert for moisture in the soil this morning,SOIL_MOISTURE,ALERT,[],"[""this morning""]"
"contrast the sunshne near me with sadar, west tripura day after tomorrow",SUNSHINE,COMPARE,"[""near me"", ""sadar, west tripura""]","[""day after tomorrow""]"
Notifiy me about the air moisture in Pathangram by 12:05 PM,HUMIDITY,ALERT,"[""Pathangram""]","[""12:05 PM""]"
Let me know if there is a precipitaion alert in Maunah Bhanjan,RAIN,ALERT,"[""Maunah Bhanjan""]",[]
Srasar cloudy 7:30 AM vs next 12 hours,CLOUD_COVER,COMPARE,"[""Srasar""]","[""7:30 AM"", ""next 12 hours""]"
"between jagtial, telangana and madhaiganj, where the soil temprature strronger today?",SOIL_TEMPERATURE,COMPARE,"[""jagtial, telangana"", ""madhaiganj""]","[""today""]"
laro jammu and kashmir verses manuddinpur wether last week,CURRENT_CONDITIONS,COMPARE,"[""laro jammu and kashmir"", ""manuddinpur""]","[""last week""]"
Chek the wnd speed next month,WIND_SPEED,GET,[],"[""next month""]"
Purnia verses Awhane Bk. wind flow direction,WIND_DIRECTION,COMPARE,"[""Purnia"", ""Awhane Bk.""]",[]
Compre niht low in Ganga Param vs Tokrapara Gaon Pt.ii Kokrajhar aroud 9:54 AM,TEMPERATURE_MIN,COMPARE,"[""Ganga Param"", ""Tokrapara Gaon Pt.ii Kokrajhar""]","[""9:54 AM""]"
"Jagtial, Telangana ka soil temperatue 10cm this afternoon",SOIL_TEMPERATURE,GET,"[""Jagtial, Telangana""]","[""this afternoon""]"
How much hours of sunlight in Rattowal by 6:15 am?,SUNSHINE,GET,"[""Rattowal""]","[""6:15 am""]"
Is any nami advisory issued during the sowing week?,HUMIDITY,ALERT,[],"[""sowing week""]"
flag the soil heat in my plot,SOIL_TEMPERATURE,ALERT,"[""my plot""]",[]
compair the sun duration between janegaon and kendua from 9:43 am to 1 pm,SUNSHINE,COMPARE,"[""janegaon"", ""kendua""]","[""9:43 am to 1 pm""]"
Is it too windy to spray in Sabesar,WIND_SPEED,GET,"[""Sabesar""]",[]
What is the sunny hous in Konardihi on Saturday?,SUNSHINE,GET,"[""Konardihi""]","[""Saturday""]"
put a remindr for lowest temperature today in sukma tonight,TEMPERATURE_MIN,ALERT,"[""sukma""]","[""tonight""]"
alert me if the humidtiy goes above 90 percent in ambheta last week,HUMIDITY,ALERT,"[""ambheta""]","[""last week""]"
How does the direction of the wind here compare with Demra this evening?,WIND_DIRECTION,COMPARE,"[""here"", ""Demra""]","[""this evening""]"
Any warnings about moisture in the air in Rithaana during the sowing week?,HUMIDITY,ALERT,"[""Rithaana""]","[""sowing week""]"
"kindly Difrence in dew temperature between Chegunta and Nangla, Bankura for the next 3 days",DEW_POINT,COMPARE,"[""Chegunta"", ""Nangla, Bankura""]","[""next 3 days""]"
how is the moisture in field day after tomorow?,SOIL_MOISTURE,GET,[],"[""day after tomorow""]"
Show cloudiness for Hyderabad tomorrow morning,CLOUD_COVER,GET,"[""Hyderabad""]","[""tomorrow morning""]"
Put a reminder for high temp in Lakhnadon around 3:30 pm,TEMPERATURE_MAX,ALERT,"[""Lakhnadon""]","[""3:30 pm""]"
Set an aalrt for soil temp in Gorbapota by 8:30 AM,SOIL_TEMPERATURE,ALERT,"[""Gorbapota""]","[""8:30 AM""]"
Contrast the os biindu at my location with Bankandi Pauri Garhwal last week,DEW_POINT,COMPARE,"[""my location"", ""Bankandi Pauri Garhwal""]","[""last week""]"
I want to know the lowest temperature today in Odakapa tomorrow morning,TEMPERATURE_MIN,GET,"[""Odakapa""]","[""tomorrow morning""]"
Cmpre what's the weather like in Abdalpur Pipra vs Dalelpura around 3:34 am,CURRENT_CONDITIONS,COMPARE,"[""Abdalpur Pipra"", ""Dalelpura""]","[""3:34 am""]"
Tell me the soil miosttur nearby by 10:30 pm,SOIL_MOISTURE,GET,"[""nearby""]","[""10:30 pm""]"
Which direction is the wind coming from in Sydney?,WIND_DIRECTION,GET,"[""Sydney""]",[]
is there any maximum temprature warning at my place?,TEMPERATURE_MAX,ALERT,"[""my place""]",[]
flag the dewpoint temperature in my plot rn asap,DEW_POINT,ALERT,"[""my plot""]","[""rn""]"
put a reminder for weather situation in banandi pauri garhwal by 10 pm,CURRENT_CONDITIONS,ALERT,"[""banandi pauri garhwal""]","[""10 pm""]"
Wich has more rainfll Brahmaur or Khamawada this week,RAIN,COMPARE,"[""Brahmaur"", ""Khamawada""]","[""this week""]"
update me on the weather status in madani last week,CURRENT_CONDITIONS,GET,"[""madani""]","[""last week""]"
Whats the daytime temperature looking like?,TEMPERATURE_MAX,GET,[],[]
Kindly share the predictions for Ssswa Tola Jai Ray next weekend,FORECAST,GET,"[""Ssswa Tola Jai Ray""]","[""next weekend""]"
"Contrast the tempreture in our village with Delhi, India 2day",TEMPERATURE,COMPARE,"[""our village"", ""Delhi, India""]","[""2day""]"
"Whch is better direction of the wind, Teegalavancha or Bhojpur?",WIND_DIRECTION,COMPARE,"[""Teegalavancha"", ""Bhojpur""]",[]
Do i need an umbrella in Sitapur nxt week?,RAIN,GET,"[""Sitapur""]","[""nxt week""]"
let me know if three is a moisture at 40cm alert in jamui on saturday,SOIL_MOISTURE,ALERT,"[""jamui""]","[""saturday""]"
How does the soil waetr content in Janegaon compare with Angara Kalan from 9:43 am to 1 PM?,SOIL_MOISTURE,COMPARE,"[""Janegaon"", ""Angara Kalan""]","[""9:43 am to 1 PM""]"
Set an alert for will it rain day after tomorrow,RAIN,ALERT,[],"[""day after tomorrow""]"
Contrast the weather forcast in this area with Devapar,FORECAST,COMPARE,"[""this area"", ""Devapar""]",[]
hw is field moisture in kmarkuchi,SOIL_MOISTURE,GET,"[""kmarkuchi""]",[]
How does the cloud percentage at my location cmopare with Bleshwar Sadar on Sunday?,CLOUD_COVER,COMPARE,"[""my location"", ""Bleshwar Sadar""]","[""Sunday""]"
Set alert for soil temperatre at 10cm here,SOIL_TEMPERATURE,ALERT,"[""here""]",[]
Warn about the downpour around here next month,RAIN,ALERT,"[""here""]","[""next month""]"
"In Tupenga, Mainpur, what is the wether from 7 pm to 9:30 PM",CURRENT_CONDITIONS,GET,"[""Tupenga, Mainpur""]","[""7 pm to 9:30 PM""]"
Set an alert for wind blows from in Timor-Leste for the next 3 days,WIND_DIRECTION,ALERT,"[""Timor-Leste""]","[""next 3 days""]"
Flag the outside conditions in my plot during the sowing week,CURRENT_CONDITIONS,ALERT,"[""my plot""]","[""sowing week""]"
San Peduo and Akauna Khurd reotive moisture,HUMIDITY,COMPARE,"[""San Peduo"", ""Akauna Khurd""]",[]
Temperature of soil yesterday?!,SOIL_TEMPERATURE,GET,[],"[""yesterday""]"
show me the weather now in neora day after tomorow,CURRENT_CONDITIONS,GET,"[""neora""]","[""day after tomorow""]"
"Let me know if there is a raining alert in Puranpur, Jaunpur",RAIN,ALERT,"[""Puranpur, Jaunpur""]",[]
Put the humidity percentage around my area against Munadkata yesterday,HUMIDITY,COMPARE,"[""my area"", ""Munadkata""]","[""yesterday""]"
How is the earh temperature near by around 3:05 pm,SOIL_TEMPERATURE,GET,"[""near by""]","[""3:05 pm""]"
flag the coldest temperature in my feild on sunday,TEMPERATURE_MIN,ALERT,"[""my feild""]","[""sunday""]"
Sholud i worry about the max temp in Sayan Madhogarh Jalaun Uatarpradesh right now,TEMPERATURE_MAX,ALERT,"[""Sayan Madhogarh Jalaun Uatarpradesh""]","[""right now""]"
Compaer wind strength Ranhot Sirmaur Thakurdi around 1:30 pm?!,WIND_SPEED,COMPARE,"[""Ranhot Sirmaur"", ""Thakurdi""]","[""1:30 pm""]"
Compare the soil temperature 10cm between Duggha and Pathar on Friday,SOIL_TEMPERATURE,COMPARE,"[""Duggha"", ""Pathar""]","[""Friday""]"
Warn abbout the soil temperature 10cm,SOIL_TEMPERATURE,ALERT,[],[]
"Compair the cold beetewen Chopaoa and Kholda, Gadchiroli today",TEMPERATURE,COMPARE,"[""Chopaoa"", ""Kholda, Gadchiroli""]","[""today""]"
"Want to know wind bearing Baleshwar Sadar, Odisha",WIND_DIRECTION,GET,"[""Baleshwar Sadar, Odisha""]",[]
Notify me about the how hot in our village this morning,TEMPERATURE,ALERT,"[""our village""]","[""this morning""]"
compre the weather update in my vilige with kasapeta,CURRENT_CONDITIONS,COMPARE,"[""my vilige"", ""kasapeta""]",[]
Check the soil moisru in my vilage from 1 AM to 8 AM,SOIL_MOISTURE,GET,"[""my vilage""]","[""1 AM to 8 AM""]"
"alrt me if max tempreture changes in meghalaya, india from 9:43 am to 1 pm",TEMPERATURE_MAX,ALERT,"[""meghalaya, india""]","[""9:43 am to 1 pm""]"
ping me aout the weather status near me nxt week,CURRENT_CONDITIONS,ALERT,"[""near me""]","[""nxt week""]"
Keep me potd on the rain in Sayan Madhogarh Jalaun Uttarpradesh 2day,RAIN,ALERT,"[""Sayan Madhogarh Jalaun Uttarpradesh""]","[""2day""]"
I want to know the mitei ki nami in Comoros day after tomorow,SOIL_MOISTURE,GET,"[""Comoros""]","[""day after tomorow""]"
how duz the air temperature in dwarahat almora comearre with piplya buzurg tommorow?,TEMPERATURE,COMPARE,"[""dwarahat almora"", ""piplya buzurg""]","[""tommorow""]"
Nagla Bhra vs Abdalpur Pipra wether outlok,FORECAST,COMPARE,"[""Nagla Bhra"", ""Abdalpur Pipra""]",[]
bahanga versus puduchery weather ahead 2nite,FORECAST,COMPARE,"[""bahanga"", ""puduchery""]","[""2nite""]"
want aleert for dewpoint temperature in israjpalle on monday,DEW_POINT,ALERT,"[""israjpalle""]","[""monday""]"
compare maximum tempraature in my farm with maruabandhi now,TEMPERATURE_MAX,COMPARE,"[""my farm"", ""maruabandhi""]","[""now""]"
Update me on the air speod near by from 10 AM to 11 am,WIND_SPEED,GET,"[""near by""]","[""10 AM to 11 am""]"
Put the temperature in my viage againt Kaligari,TEMPERATURE,COMPARE,"[""my viage"", ""Kaligari""]",[]
Sonamura Tripura lowest temperture today this evening,TEMPERATURE_MIN,GET,"[""Sonamura Tripura""]","[""this evening""]"
is any humidty advisory issued nxt week?,HUMIDITY,ALERT,[],"[""nxt week""]"
How does the weather ahead in my farm comparre with Pakara Kalan?,FORECAST,COMPARE,"[""my farm"", ""Pakara Kalan""]",[]
Compare the dewpoint temperature near by with Abhayakuti 2day,DEW_POINT,COMPARE,"[""near by"", ""Abhayakuti""]","[""2day""]"
"put the dew point temperature of murkudoh, gondia against parbahal around 10:45 pm",DEW_POINT,COMPARE,"[""murkudoh, gondia"", ""parbahal""]","[""10:45 pm""]"
tell me when ground heat channges bargan on sunday,SOIL_TEMPERATURE,ALERT,"[""bargan""]","[""sunday""]"
Warn me about the weather conditions in my village around 3:30 pm,CURRENT_CONDITIONS,ALERT,"[""my village""]","[""3:30 pm""]"
plz warn me about the highest temperature todiy in my plot right now,TEMPERATURE_MAX,ALERT,"[""my plot""]","[""right now""]"
"On Saturday, alert me about the how cloudy in Thinnghat",CLOUD_COVER,ALERT,"[""Thinnghat""]","[""Saturday""]"
Can you tell me the dewppoit in Kachnoda later today??,DEW_POINT,GET,"[""Kachnoda""]","[""later today""]"
How is the wind dirrecton in Mouha Ka Tonk from 8:30 am to 12:30 PM plz,WIND_DIRECTION,GET,"[""Mouha Ka Tonk""]","[""8:30 am to 12:30 PM""]"
"which has higher daytime temperature, serbia or sarsand this week??",TEMPERATURE_MAX,COMPARE,"[""serbia"", ""sarsand""]","[""this week""]"
"Currnt temp in Raiganj and Rajasthan, Idnia tmrw, which is better?",TEMPERATURE,COMPARE,"[""Raiganj"", ""Rajasthan, Idnia""]","[""tmrw""]"
How does the thnduerstorm around my area compare with Syria?,RAIN,COMPARE,"[""my area"", ""Syria""]",[]
Remind me to check the wind cmes from in Ganguwa in the next 6 hours,WIND_DIRECTION,ALERT,"[""Ganguwa""]","[""next 6 hours""]"
any warnings auout highest temperature today in punjab next weekend?,TEMPERATURE_MAX,ALERT,"[""punjab""]","[""next weekend""]"
Check the wind heading both Kahar Para Barpeta and Gaura day after tomorow,WIND_DIRECTION,COMPARE,"[""Kahar Para Barpeta"", ""Gaura""]","[""day after tomorow""]"
Notify me aobut the forcast by midnight,FORECAST,ALERT,[],"[""midnight""]"
"which has higher cloud coverage, bagbahra, chhatisgarh or north carolina this afternoon?",CLOUD_COVER,COMPARE,"[""bagbahra, chhatisgarh"", ""north carolina""]","[""this afternoon""]"
"Tel me the wind speed forecast for Goudia Bahali, Thakurmunda on Tuesday?!",WIND_SPEED,GET,"[""Goudia Bahali, Thakurmunda""]","[""Tuesday""]"
diffrence in nami between mordana r.f. and magura hugli,HUMIDITY,COMPARE,"[""mordana r.f."", ""magura hugli""]",[]
what will the sun hurs be in chengalpattu tamil nadu on sunday?,SUNSHINE,GET,"[""chengalpattu tamil nadu""]","[""sunday""]"
"Can i dry the paddy in Shendri Bk., Yavatmal, Maharashtra from 9 AM to 11 AM?",SUNSHINE,GET,"[""Shendri Bk., Yavatmal, Maharashtra""]","[""9 AM to 11 AM""]"
"warn me if the temperature falls below 10 degrees nebraska, united states nxt week",TEMPERATURE_MIN,ALERT,"[""nebraska, united states""]","[""nxt week""]"
i need the soil wetneis level reading at 11:30 am,SOIL_MOISTURE,GET,[],"[""11:30 am""]"
Cmopre humidity level in Barauta vs Kherli Chandrawat,HUMIDITY,COMPARE,"[""Barauta"", ""Kherli Chandrawat""]",[]
"Contrast the mitti ki nami in my village with Indloor, Nalgonda at 9:30 pm",SOIL_MOISTURE,COMPARE,"[""my village"", ""Indloor, Nalgonda""]","[""9:30 pm""]"
"Temprature details Adanbeda, Keshkal day after tomorrow",TEMPERATURE,GET,"[""Adanbeda, Keshkal""]","[""day after tomorrow""]"
"I need the how cold reding Duldula, Chhatisgarh tomorrow night",TEMPERATURE,GET,"[""Duldula, Chhatisgarh""]","[""tomorrow night""]"
Due point in Kasoli: 3 pm or 60 minutes?,DEW_POINT,COMPARE,"[""Kasoli""]","[""3 pm"", ""60 minutes""]"
"tomorow, what is the high temp at my palce?",TEMPERATURE_MAX,GET,"[""my palce""]","[""tomorow""]"
kukda soil wetess 11:30 am vs 7:02 am to 10 pm,SOIL_MOISTURE,COMPARE,"[""kukda""]","[""11:30 am"", ""7:02 am to 10 pm""]"
Warn me about the daytime temperature on Saturday,TEMPERATURE_MAX,ALERT,[],"[""Saturday""]"
"Contrast the huuidiyt percent in our village with Kattangudi, Virudhunagar next week",HUMIDITY,COMPARE,"[""our village"", ""Kattangudi, Virudhunagar""]","[""next week""]"
Compaeer daily forecast Naranda Konijerla around 8:45 AM,FORECAST,COMPARE,"[""Naranda"", ""Konijerla""]","[""8:45 AM""]"
"on tuesday, what is the wind bearing in malhawani?",WIND_DIRECTION,GET,"[""malhawani""]","[""tuesday""]"
Want aletr for soil moistare 10cm in Sura Sultanpura Panch Mahals on Friday,SOIL_MOISTURE,ALERT,"[""Sura Sultanpura Panch Mahals""]","[""Friday""]"
"Mohamad Urf Jhinwarheri or Badadunguripali, Bolangir (Balangir) bteter soil moisture at 10 m for the next 7 days",SOIL_MOISTURE,COMPARE,"[""Mohamad Urf Jhinwarheri"", ""Badadunguripali, Bolangir (Balangir)""]","[""next 7 days""]"
Flag the weather situation for Ukhrul Manipur now,CURRENT_CONDITIONS,ALERT,"[""Ukhrul Manipur""]","[""now""]"
Put the wetther in my village against Bisrampur Pashchimi Champaran for the next 3 days,CURRENT_CONDITIONS,COMPARE,"[""my village"", ""Bisrampur Pashchimi Champaran""]","[""next 3 days""]"
check the conditions right now for the next 3 days bro,CURRENT_CONDITIONS,GET,[],"[""next 3 days""]"
"Could you let me know the how cold in Jagtial, Telangana in the next 12 hours?",TEMPERATURE,GET,"[""Jagtial, Telangana""]","[""next 12 hours""]"
How much highest temp around 9:54 AM?,TEMPERATURE_MAX,GET,[],"[""9:54 AM""]"
Is there a sevee weather forecast for Angara Khrd at 10:30 AM,FORECAST,ALERT,"[""Angara Khrd""]","[""10:30 AM""]"
"Ping me abut the wind force in Ranga, Mohanpur, Deoghar, Jharkahnd by 8:30 AM..",WIND_SPEED,ALERT,"[""Ranga, Mohanpur, Deoghar, Jharkahnd""]","[""8:30 AM""]"
Need to know hawa ki disa tomorrow morning,WIND_DIRECTION,GET,[],"[""tomorrow morning""]"
Can you tell me the wind force in Semliibencha nxt week?,WIND_SPEED,GET,"[""Semliibencha""]","[""nxt week""]"
"Tomorrow night, alert abot the humidiyt level in Hiramandalam",HUMIDITY,ALERT,"[""Hiramandalam""]","[""Tomorrow night""]"
Is there any weather update warning in my farm aroud 7 PM,CURRENT_CONDITIONS,ALERT,"[""my farm""]","[""7 PM""]"
how the how windy in our village tomorrow night?,WIND_SPEED,GET,"[""our village""]","[""tomorrow night""]"
Put the tempeture in my vilage against Jhuratarai,TEMPERATURE,COMPARE,"[""my vilage"", ""Jhuratarai""]",[]
"Is the highest temeprature today hgher in Nivari Madhya Pradesh or in Dhepea, Paschim Medinipur Sadar for the next 3 days?",TEMPERATURE_MAX,COMPARE,"[""Nivari Madhya Pradesh"", ""Dhepea, Paschim Medinipur Sadar""]","[""next 3 days""]"
"Compare the soil moisturre at 40 m between Janegaon, Kej and Islampur on Monday",SOIL_MOISTURE,COMPARE,"[""Janegaon, Kej"", ""Islampur""]","[""Monday""]"
"any warnings about miinimum temprature in ganguwa, sagar, madhay pradesh on monday?",TEMPERATURE_MIN,ALERT,"[""ganguwa, sagar, madhay pradesh""]","[""monday""]"
"Raise an alarm if the feels like temperature looks bad Nagaland, India this week",TEMPERATURE,ALERT,"[""Nagaland, India""]","[""this week""]"
Flag the taapmaan around my area,TEMPERATURE,ALERT,"[""my area""]",[]
contrast the rainfal around my area with poshina aound 11 pm,RAIN,COMPARE,"[""my area"", ""poshina""]","[""11 pm""]"
What is the heavy rain in Inglish Timapur Khagaria around 12:30 PM,RAIN,GET,"[""Inglish Timapur Khagaria""]","[""12:30 PM""]"
pls tell me the minmum temprature in chhaapia khas yesterday..,TEMPERATURE_MIN,GET,"[""chhaapia khas""]","[""yesterday""]"
Need climate right now Angaia Kalan for the next 3 days,CURRENT_CONDITIONS,GET,"[""Angaia Kalan""]","[""next 3 days""]"
Compare the tempreture around my area with Pamgarh next month,TEMPERATURE,COMPARE,"[""my area"", ""Pamgarh""]","[""next month""]"
tel me the soil moisue for bhitaha gopalpur belhara road next week??,SOIL_MOISTURE,GET,"[""bhitaha gopalpur belhara road""]","[""next week""]"
"pls tell me the humiy in darla, bilaspur tommorow",HUMIDITY,GET,"[""darla, bilaspur""]","[""tommorow""]"
"at 10:30 am, alert me about the peak temperature in kubi kata gaon",TEMPERATURE_MAX,ALERT,"[""kubi kata gaon""]","[""10:30 am""]"
put the solar radiation in my village against baba harrdo last week,SUNSHINE,COMPARE,"[""my village"", ""baba harrdo""]","[""last week""]"
"by 12:05 pm, alert me about the sunlite in mahulni",SUNSHINE,ALERT,"[""mahulni""]","[""12:05 pm""]"
Give me the wind directon for Rajapur today,WIND_DIRECTION,GET,"[""Rajapur""]","[""today""]"
"Cmpre forecast in Piparia Ehatmali, Mirganj, Bareilly vs Khamani at 10:14 PM",FORECAST,COMPARE,"[""Piparia Ehatmali, Mirganj, Bareilly"", ""Khamani""]","[""10:14 PM""]"
chihli v/s neemba moisture at 40cm on tuesday,SOIL_MOISTURE,COMPARE,"[""chihli"", ""neemba""]","[""tuesday""]"
Compair the min temp between Jhaagr Pur and Jammu And Kashmir India this week,TEMPERATURE_MIN,COMPARE,"[""Jhaagr Pur"", ""Jammu And Kashmir India""]","[""this week""]"
notify me about the moisture level near me yesterday,HUMIDITY,ALERT,"[""near me""]","[""yesterday""]"
Wind flow direction Jhalon Ki Madr vs Tuljapur,WIND_DIRECTION,COMPARE,"[""Jhalon Ki Madr"", ""Tuljapur""]",[]
kinddly shre the coldest for tambwa next month,TEMPERATURE_MIN,GET,"[""tambwa""]","[""next month""]"
is the which way the wind blows in piparia ehatmali different 11 am and 8:45 am?,WIND_DIRECTION,COMPARE,"[""piparia ehatmali""]","[""11 am"", ""8:45 am""]"
Any warnings aboout wind bearing in Rempi Gajapati..,WIND_DIRECTION,ALERT,"[""Rempi Gajapati""]",[]
Tell me the temperature in Madrid,TEMPERATURE,GET,"[""Madrid""]",[]
pls flag the ground temperature in my feild,SOIL_TEMPERATURE,ALERT,"[""my feild""]",[]
Need humdity for Rasunchak for the next 3 days,HUMIDITY,GET,"[""Rasunchak""]","[""next 3 days""]"
"reminder for how cold shiris bani, paschim medinipur sadar, paschim medinipur",TEMPERATURE,ALERT,"[""shiris bani, paschim medinipur sadar, paschim medinipur""]",[]
Sanny alert Badariklio tmrw??,SUNSHINE,ALERT,"[""Badariklio""]","[""tmrw""]"
contrast the soil moisure 10cm in my feild with rudraprayag??,SOIL_MOISTURE,COMPARE,"[""my feild"", ""rudraprayag""]",[]
flag the climate right now in this area tommorow,CURRENT_CONDITIONS,ALERT,"[""this area""]","[""tommorow""]"
how much wind right now?,WIND_SPEED,GET,[],"[""right now""]"
Inform me if degree bad in Lalppura tomorrow morning?!,TEMPERATURE,ALERT,"[""Lalppura""]","[""tomorrow morning""]"
Cmopre sunshien in Bhuteswar vs Lasoodlya Pata on Sunday,SUNSHINE,COMPARE,"[""Bhuteswar"", ""Lasoodlya Pata""]","[""Sunday""]"
how is mamum temperature?,TEMPERATURE_MAX,GET,[],[]
Contrast the probability of rain at my location with Nowgong Madhya Praesh early morning,RAIN,COMPARE,"[""my location"", ""Nowgong Madhya Praesh""]","[""early morning""]"
is thre any sun duration warning for sinha tomorow?,SUNSHINE,ALERT,"[""sinha""]","[""tomorow""]"
notify me about the waether status in my vilage day after tomorrow,CURRENT_CONDITIONS,ALERT,"[""my vilage""]","[""day after tomorrow""]"
How duz the soil moistuure at 10cm in Barangabari compare with Bhundimuhan for the next 7 days?!,SOIL_MOISTURE,COMPARE,"[""Barangabari"", ""Bhundimuhan""]","[""next 7 days""]"
"duliakhal karaib, karimganj, assam and sadra wnd direction this morning",WIND_DIRECTION,COMPARE,"[""duliakhal karaib, karimganj, assam"", ""sadra""]","[""this morning""]"
"warn me about the temperrature now in chopara, uttarakhand",TEMPERATURE,ALERT,"[""chopara, uttarakhand""]",[]
"Indloor, Nalgonda versus Charaddih Erki cloud cover",CLOUD_COVER,COMPARE,"[""Indloor, Nalgonda"", ""Charaddih Erki""]",[]
Contrast the soil meisture 10cm in my vilage with Badahinso Odisha tomorow,SOIL_MOISTURE,COMPARE,"[""my vilage"", ""Badahinso Odisha""]","[""tomorow""]"
I need the current temp reading for Thiruvaniyoor Kunnattunad Ernakulam Kerala for the next 3 days,TEMPERATURE,GET,"[""Thiruvaniyoor Kunnattunad Ernakulam Kerala""]","[""next 3 days""]"
Send me an alert if the moisutre in the soil is unusual in Marshall Islands tmrw??,SOIL_MOISTURE,ALERT,"[""Marshall Islands""]","[""tmrw""]"
Show me the vaatavaraam for Nebraska and Mashaldaha now,CURRENT_CONDITIONS,COMPARE,"[""Nebraska"", ""Mashaldaha""]","[""now""]"
How is the min temp in Bagankheda?,TEMPERATURE_MIN,GET,"[""Bagankheda""]",[]
Compare the weather situation in Darmli betwn 10:30 pm and Saturday,CURRENT_CONDITIONS,COMPARE,"[""Darmli""]","[""10:30 pm"", ""Saturday""]"
need light rain for imaliya swaroop,RAIN,GET,"[""imaliya swaroop""]",[]
"for maira dhaj and gospurnatara unnao uttarpradesh both, what is the sky cover?",CLOUD_COVER,COMPARE,"[""maira dhaj"", ""gospurnatara unnao uttarpradesh""]",[]
Raj Nandgaon v/s Kanwariyat dew level tomorrow evening,DEW_POINT,COMPARE,"[""Raj Nandgaon"", ""Kanwariyat""]","[""tomorrow evening""]"
Flag the sunshine hoors nearrby,SUNSHINE,ALERT,"[""nearrby""]",[]
Is there any min temp warning for Nilapalli Khordha Odisha day after tomorrow,TEMPERATURE_MIN,ALERT,"[""Nilapalli Khordha Odisha""]","[""day after tomorrow""]"
"Can you tell me the weathre for next days in Nekkndhi, Dharmapuri 2day",FORECAST,GET,"[""Nekkndhi, Dharmapuri""]","[""2day""]"
Ping me about the outside conditions in Brahamgani by 3:45 AM,CURRENT_CONDITIONS,ALERT,"[""Brahamgani""]","[""3:45 AM""]"
"How does the direction of the wind in Delhi, India compae with Algeria",WIND_DIRECTION,COMPARE,"[""Delhi, India"", ""Algeria""]",[]
Put the overaast of Turaon Patti agianst Ramban,CLOUD_COVER,COMPARE,"[""Turaon Patti"", ""Ramban""]",[]
Soil moisture at 10cm in my village now pls,SOIL_MOISTURE,GET,"[""my village""]","[""now""]"
"nagla harsukha or niyamoopur, uttarpradesh bteter dowpour tomorow?",RAIN,COMPARE,"[""nagla harsukha"", ""niyamoopur, uttarpradesh""]","[""tomorow""]"
How much soil tempratue?,SOIL_TEMPERATURE,GET,[],[]
"inform if moisture at 40cm bad in nanddor, sagwara around 9:54 am",SOIL_MOISTURE,ALERT,"[""nanddor, sagwara""]","[""9:54 am""]"
Is any wind advisory issued?,WIND_SPEED,ALERT,[],[]
solar exposure kajla tomorrow pls,SUNSHINE,GET,"[""kajla""]","[""tomorrow""]"
Put the hours of sunlight in my farm aaginst Madhaiganj for the next 7 days..,SUNSHINE,COMPARE,"[""my farm"", ""Madhaiganj""]","[""next 7 days""]"
"Reminder for direction of the wind Babhulkheda, Kannad, Aurangabad day after tomorrow?!",WIND_DIRECTION,ALERT,"[""Babhulkheda, Kannad, Aurangabad""]","[""day after tomorrow""]"
Due point details for Phuwlaria next week,DEW_POINT,GET,"[""Phuwlaria""]","[""next week""]"
Is the soil miisure in Vaanpuram different 9 PM and early morning?,SOIL_MOISTURE,COMPARE,"[""Vaanpuram""]","[""9 PM"", ""early morning""]"
put the coluds in my vilage against bilarua by 1 pm,CLOUD_COVER,COMPARE,"[""my vilage"", ""bilarua""]","[""1 pm""]"
Dew point temp in Barangabari on Friday,DEW_POINT,GET,"[""Barangabari""]","[""Friday""]"
"Betwene Nebraska, United States and Abhirampur, where is the soil temperature stronger this afternoon?",SOIL_TEMPERATURE,COMPARE,"[""Nebraska, United States"", ""Abhirampur""]","[""this afternoon""]"
Mioram verses Pathakpur peak teemperature at 7 pm,TEMPERATURE_MAX,COMPARE,"[""Mioram"", ""Pathakpur""]","[""7 pm""]"
How does the wnd diection around here compare with Wayanad Kerala today?,WIND_DIRECTION,COMPARE,"[""here"", ""Wayanad Kerala""]","[""today""]"
What's the temprature next month?,TEMPERATURE,GET,[],"[""next month""]"
Do you have the cold data for Dehgam around 3:30 pm?,TEMPERATURE,GET,"[""Dehgam""]","[""3:30 pm""]"
hw is hawa ki disa in syaat,WIND_DIRECTION,GET,"[""syaat""]",[]
Put the wether around here against Majjha Mahripur during the sowing week,CURRENT_CONDITIONS,COMPARE,"[""here"", ""Majjha Mahripur""]","[""sowing week""]"
Message me the soil tempearture at 10cm in Piprahia,SOIL_TEMPERATURE,ALERT,"[""Piprahia""]",[]
Could you check the cloud covr in our village this weekend,CLOUD_COVER,GET,"[""our village""]","[""this weekend""]"
Flag the degrees for Jamdahara this weekend,TEMPERATURE,ALERT,"[""Jamdahara""]","[""this weekend""]"
Warn me abut the outsiide weather by midnight,CURRENT_CONDITIONS,ALERT,[],"[""midnight""]"
West Goeavari around 11 AM weather update?,CURRENT_CONDITIONS,GET,"[""West Goeavari""]","[""11 AM""]"
"in gaura, what is the humioidty?",HUMIDITY,GET,"[""gaura""]",[]
is there any wind strength warning?,WIND_SPEED,ALERT,[],[]
"in algeria, what is the sunny hours?",SUNSHINE,GET,"[""algeria""]",[]
put the ground tempreature here against mairi maharajganj next weekend,SOIL_TEMPERATURE,COMPARE,"[""here"", ""mairi maharajganj""]","[""next weekend""]"
Humidity percentage in Kollur tomorow bro,HUMIDITY,GET,"[""Kollur""]","[""tomorow""]"
Check the dew in Chatarala by 4:50 PM,DEW_POINT,GET,"[""Chatarala""]","[""4:50 PM""]"
what the colud cover percentage in my fild tomorow?,CLOUD_COVER,GET,"[""my fild""]","[""tomorow""]"
coldest chhatisgarh or shamjot,TEMPERATURE_MIN,COMPARE,"[""chhatisgarh"", ""shamjot""]",[]
can you tell me the dew tempertaure in sata chak this afternoon?,DEW_POINT,GET,"[""sata chak""]","[""this afternoon""]"
Alert me if the wind crosses 40 kmph in Sitapur Uttarpradesh from 10 AM to 11 pm,WIND_SPEED,ALERT,"[""Sitapur Uttarpradesh""]","[""10 AM to 11 pm""]"
"auranga bad versus teegalavancha, west godavari, andhra pradesh overcaast level early morning?!",CLOUD_COVER,COMPARE,"[""auranga bad"", ""teegalavancha, west godavari, andhra pradesh""]","[""early morning""]"
"Whatts the lowest temp looking like in Maira Dhaj, Nagaon, Assam last week",TEMPERATURE_MIN,GET,"[""Maira Dhaj, Nagaon, Assam""]","[""last week""]"
How much wind strength at 11:30 AM?,WIND_SPEED,GET,[],"[""11:30 AM""]"
How the humdity on Friday,HUMIDITY,GET,[],"[""Friday""]"
is there any sunlight hours warnnig nerby 2nite?,SUNSHINE,ALERT,"[""nerby""]","[""2nite""]"
"Diffeence in sun between Singha, Sabar Kantha and Mahadih Narayanpur tomorrow",SUNSHINE,COMPARE,"[""Singha, Sabar Kantha"", ""Mahadih Narayanpur""]","[""tomorrow""]"
Tel me the coldest temperature for Bhawanpur by 1 pm,TEMPERATURE_MIN,GET,"[""Bhawanpur""]","[""1 pm""]"
"Want alert for dewpoint temperature in Lasoodlya Pata, Narsinghgarh at 1:30 am",DEW_POINT,ALERT,"[""Lasoodlya Pata, Narsinghgarh""]","[""1:30 am""]"
"Give wind directon Par Shibpur, West Bengla in the next 2 hours",WIND_DIRECTION,GET,"[""Par Shibpur, West Bengla""]","[""next 2 hours""]"
"regarding khraui, what is the weather prediction on wednesday?",FORECAST,GET,"[""khraui""]","[""wednesday""]"
Tel me hottset temperatuae around 3:05 pm,TEMPERATURE_MAX,GET,[],"[""3:05 pm""]"
Chheck heat Bageshwar on Wednesday,TEMPERATURE,GET,"[""Bageshwar""]","[""Wednesday""]"
"From 1 AM to 8 AM, what is the wheahter",CURRENT_CONDITIONS,GET,[],"[""1 AM to 8 AM""]"
Send alert min temprature in Mashaldaha?!,TEMPERATURE_MIN,ALERT,"[""Mashaldaha""]",[]
"Tell me when cloudness changes Hisale, Dhule tonight urgent",CLOUD_COVER,ALERT,"[""Hisale, Dhule""]","[""tonight""]"
notify me about the sunny horus tomorrow morning,SUNSHINE,ALERT,[],"[""tomorrow morning""]"
What will the soil wetness be Bisrampur Pashchimi Champaran?,SOIL_MOISTURE,GET,"[""Bisrampur Pashchimi Champaran""]",[]
reminder for sun drataon gospurnatara unnao uttarpradesh during the sowing week,SUNSHINE,ALERT,"[""gospurnatara unnao uttarpradesh""]","[""sowing week""]"
"How does the wnd speed in Singapore cmpare with Goudia Bahali, Thakurmunda next week",WIND_SPEED,COMPARE,"[""Singapore"", ""Goudia Bahali, Thakurmunda""]","[""next week""]"
"warnr me about hottest tomperature in duldula, chhatisgarh last week?",TEMPERATURE_MAX,ALERT,"[""duldula, chhatisgarh""]","[""last week""]"
"Coud you let me know the soil moisture at 10cm in Majurnach, Kathikund, Duka by 4 am?",SOIL_MOISTURE,GET,"[""Majurnach, Kathikund, Duka""]","[""4 am""]"
Inform me if moisture level bad in Pusapatirega next month,HUMIDITY,ALERT,"[""Pusapatirega""]","[""next month""]"
Set an alert for weather conditions in the next 4 hours,CURRENT_CONDITIONS,ALERT,[],"[""next 4 hours""]"
"For Poshian and Dhemdhema Pt.i both, what is the wnd spoed on Monday?",WIND_SPEED,COMPARE,"[""Poshian"", ""Dhemdhema Pt.i""]","[""Monday""]"
inform me if wind direction bad in bhokraah tomorow,WIND_DIRECTION,ALERT,"[""bhokraah""]","[""tomorow""]"
Cheek the soil wetness in Jhajndapal,SOIL_MOISTURE,GET,"[""Jhajndapal""]",[]
Tell me the minimum temperature in my vliage,TEMPERATURE_MIN,GET,"[""my vliage""]",[]
pls Compre soil moisture in Chakarajuvemula vs Bhamni Kalan from 7 pm to 9:30 PM,SOIL_MOISTURE,COMPARE,"[""Chakarajuvemula"", ""Bhamni Kalan""]","[""7 pm to 9:30 PM""]"
udpate me on the climate right now around my area tomorrow,CURRENT_CONDITIONS,GET,"[""my area""]","[""tomorrow""]"
"Nandor v/s Bandhdih, Dumka soil temmperature tomorow",SOIL_TEMPERATURE,COMPARE,"[""Nandor"", ""Bandhdih, Dumka""]","[""tomorow""]"
Dew level detals Odakapa nxt week,DEW_POINT,GET,"[""Odakapa""]","[""nxt week""]"
Any warnings abuot minimum Rawani Pur?,TEMPERATURE_MIN,ALERT,"[""Rawani Pur""]",[]
"Teegalavancha, West Godavari, Andhra Pradesh verses Shripuur temprature tomorow",TEMPERATURE,COMPARE,"[""Teegalavancha, West Godavari, Andhra Pradesh"", ""Shripuur""]","[""tomorow""]"
Dhemdheema Pt.i vs Rithana wind hading,WIND_DIRECTION,COMPARE,"[""Dhemdheema Pt.i"", ""Rithana""]",[]
What is the highest temperatare in Gumdi?,TEMPERATURE_MAX,GET,"[""Gumdi""]",[]
How does the soil tempprature near me compare with Malhipur by 8:30 AM plz,SOIL_TEMPERATURE,COMPARE,"[""near me"", ""Malhipur""]","[""8:30 AM""]"
"Send me an aelrt if the sunlite is unusual in Chak Rangapara, Baharampur next week",SUNSHINE,ALERT,"[""Chak Rangapara, Baharampur""]","[""next week""]"
Contraast the humid in this area with Neurhawa Deooria at 9:15 am,HUMIDITY,COMPARE,"[""this area"", ""Neurhawa Deooria""]","[""9:15 am""]"
"Show me the perdiction for Tikamgarh, Madhya Pradesh and Nivri Madhya Pradesh around 1 AM",FORECAST,COMPARE,"[""Tikamgarh, Madhya Pradesh"", ""Nivri Madhya Pradesh""]","[""1 AM""]"
Let me know if there is a peak temperature alert in Tahliwala Jattan Punjab tomorrow evening,TEMPERATURE_MAX,ALERT,"[""Tahliwala Jattan Punjab""]","[""tomorrow evening""]"
message me the rainfal in nurupr mubarakpur around 10 pm,RAIN,ALERT,"[""nurupr mubarakpur""]","[""10 pm""]"
Contrast the max tempreture near me with Mississippi,TEMPERATURE_MAX,COMPARE,"[""near me"", ""Mississippi""]",[]
"whats up with the wind heading in manuddinpur, azagmarh this afternoon?",WIND_DIRECTION,GET,"[""manuddinpur, azagmarh""]","[""this afternoon""]"
plz warn me abouut strong winis in ssiswa tola jai ray bagha last week,WIND_SPEED,ALERT,"[""ssiswa tola jai ray bagha""]","[""last week""]"
Is any soil tempreture advisory issued?,SOIL_TEMPERATURE,ALERT,[],[]
Terya Lachhiram tomorrow evening what's the weather like?,CURRENT_CONDITIONS,GET,"[""Terya Lachhiram""]","[""tomorrow evening""]"
can you tell me the maximum temprature in kendua purba medinipur west begnal day after tomorrow?,TEMPERATURE_MAX,GET,"[""kendua purba medinipur west begnal""]","[""day after tomorrow""]"
Send alet solar radiation in Magur Jan Milk on Friday,SUNSHINE,ALERT,"[""Magur Jan Milk""]","[""Friday""]"
Long range foreccast South Andaman vs Dhamni Raygad next weekend,FORECAST,COMPARE,"[""South Andaman"", ""Dhamni Raygad""]","[""next weekend""]"
Quick what tempratre check for Maurabandhi,TEMPERATURE,GET,"[""Maurabandhi""]",[]
plz Set an alart for moitture in the air in Tadwai,HUMIDITY,ALERT,"[""Tadwai""]",[]
how much soil moisturre in tuaon patti this morning?,SOIL_MOISTURE,GET,"[""tuaon patti""]","[""this morning""]"
plz akuanala v/s majurnach week aead forecast,FORECAST,COMPARE,"[""akuanala"", ""majurnach""]",[]
flag the humidity level in my plot this weekend..,HUMIDITY,ALERT,"[""my plot""]","[""this weekend""]"
"Show the solar exposure in Badhaiya, Hanumana for the next 3 days",SUNSHINE,GET,"[""Badhaiya, Hanumana""]","[""next 3 days""]"
Hw is overngiht low Jhkini by 9:45 pm,TEMPERATURE_MIN,GET,"[""Jhkini""]","[""9:45 pm""]"
Is any humidty advisory issued for Khoplur at 11:30 AM,HUMIDITY,ALERT,"[""Khoplur""]","[""11:30 AM""]"
How does the soil moisture 40cm in my village copare with Madurai South last week?,SOIL_MOISTURE,COMPARE,"[""my village"", ""Madurai South""]","[""last week""]"
Whats dewpiont temperature looking like in Umri by 9:45 pm,DEW_POINT,GET,"[""Umri""]","[""9:45 pm""]"
Put a riminder for wind seed in Bakaian by 4 PM,WIND_SPEED,ALERT,"[""Bakaian""]","[""4 PM""]"
want alert for mitti ki nami in chakarajuvemua,SOIL_MOISTURE,ALERT,"[""chakarajuvemua""]",[]
sir Whts clodu amount in Mangalvedhe in the next 4 hours,CLOUD_COVER,GET,"[""Mangalvedhe""]","[""next 4 hours""]"
Do you have the hawa ki disa data for Lalppura Barh Patna this morning?,WIND_DIRECTION,GET,"[""Lalppura Barh Patna""]","[""this morning""]"
"Compre humidity precentage in Adampur, Uttarpradesh vs Hardwa Ka Khera tomorrow morning",HUMIDITY,COMPARE,"[""Adampur, Uttarpradesh"", ""Hardwa Ka Khera""]","[""tomorrow morning""]"
Set an alert for hottest temperature at 9:30 am,TEMPERATURE_MAX,ALERT,[],"[""9:30 am""]"
Flag the cloudy for Mamidipalle next week,CLOUD_COVER,ALERT,"[""Mamidipalle""]","[""next week""]"
"Situnvalur, Thiruvarur vesres Kedru Pur sunny hors from 7 pm to 9:30 PM",SUNSHINE,COMPARE,"[""Situnvalur, Thiruvarur"", ""Kedru Pur""]","[""7 pm to 9:30 PM""]"
Give me the wind bearig for Sijaipur Nadia,WIND_DIRECTION,GET,"[""Sijaipur Nadia""]",[]
", compare the hours of sunlight in Thirumalayapalem and Bikaner",SUNSHINE,COMPARE,"[""Thirumalayapalem"", ""Bikaner""]",[]
How dry is the soil in Agentina from 5:16 AM to 9 pm?,SOIL_MOISTURE,GET,"[""Agentina""]","[""5:16 AM to 9 pm""]"
hw is wind flow direciton in borbados in the next 6 hours,WIND_DIRECTION,GET,"[""borbados""]","[""next 6 hours""]"
Rmeinder for storm Akoanala Paschim Medinipur tomorrow?,RAIN,ALERT,"[""Akoanala Paschim Medinipur""]","[""tomorrow""]"
whts cluod cover in adalpur ryt in 49 minutes,CLOUD_COVER,GET,"[""adalpur ryt""]","[""49 minutes""]"
set an aalrt for outside conditions in sitapur,CURRENT_CONDITIONS,ALERT,"[""sitapur""]",[]
Ping me abuot the directin of the wind in Kasipor nxt week,WIND_DIRECTION,ALERT,"[""Kasipor""]","[""nxt week""]"
"Regarding Bhuara, Buxar, what is the how hot it is around 7:30 AM",TEMPERATURE,GET,"[""Bhuara, Buxar""]","[""7:30 AM""]"
warn me about the soil temperatue in bakkeshwar,SOIL_TEMPERATURE,ALERT,"[""bakkeshwar""]",[]
"Put the hottest temperature of Govana, Jmanagar, Gujarat against Italy this morning",TEMPERATURE_MAX,COMPARE,"[""Govana, Jmanagar, Gujarat"", ""Italy""]","[""this morning""]"
Warrn me about soil moisture in Barkhedi,SOIL_MOISTURE,ALERT,"[""Barkhedi""]",[]
Notify me abut the dew temperature for the next 7 days,DEW_POINT,ALERT,[],"[""next 7 days""]"
Keep me posted on the wnd speed in Mharaja,WIND_SPEED,ALERT,"[""Mharaja""]",[]
"Compare the huidity in my farm with Nandor, Sagwara this afternoon",HUMIDITY,COMPARE,"[""my farm"", ""Nandor, Sagwara""]","[""this afternoon""]"
"max temperature in kabul khedi and ghupti -, which is beter?",TEMPERATURE_MAX,COMPARE,"[""kabul khedi"", ""ghupti -""]",[]
how does upcoming weathre in sidha 3:45 am compare to 5:16 am to 9 pm?,FORECAST,COMPARE,"[""sidha""]","[""3:45 am"", ""5:16 am to 9 pm""]"
"diffrence in solar exposure botween akhara, pauri garhwal and singadevanahalli karnataka at 7 pm",SUNSHINE,COMPARE,"[""akhara, pauri garhwal"", ""singadevanahalli karnataka""]","[""7 pm""]"
"Nami in Kamdiha, Mohanpur: 11 AM or 10:14 PM?",HUMIDITY,COMPARE,"[""Kamdiha, Mohanpur""]","[""11 AM"", ""10:14 PM""]"
tell diffrence temperature now sura sultanpura kmarkuchi nlabari assam,TEMPERATURE,COMPARE,"[""sura sultanpura"", ""kmarkuchi nlabari assam""]",[]
"Give sunshien Ginigera, Karnataka rn",SUNSHINE,GET,"[""Ginigera, Karnataka""]","[""rn""]"
Show me the max temperature in Phoenix this afternoon,TEMPERATURE_MAX,GET,"[""Phoenix""]","[""this afternoon""]"
can you tell me weather forecast in matak viran?,FORECAST,GET,"[""matak viran""]",[]
what is the soil temperature 10cm in barkhedi?,SOIL_TEMPERATURE,GET,"[""barkhedi""]",[]
keep me posetd on the cloud percentage govna on sunday,CLOUD_COVER,ALERT,"[""govna""]","[""sunday""]"
is it too windy to spray in thinghat day after tomorrow?,WIND_SPEED,GET,"[""thinghat""]","[""day after tomorrow""]"
"Cloudiness in Bhijapara and Singha, Sabar Kantha by 12:05 PM, which is better?",CLOUD_COVER,COMPARE,"[""Bhijapara"", ""Singha, Sabar Kantha""]","[""12:05 PM""]"
quickly Warnr me about rain amount in Tukrey day after tomorrow,RAIN,ALERT,"[""Tukrey""]","[""day after tomorrow""]"
Wich has more humidty Sandongri Khairagarh Raj Nandgaon or Khumtai Circle,HUMIDITY,COMPARE,"[""Sandongri Khairagarh Raj Nandgaon"", ""Khumtai Circle""]",[]
how much crurent temp in sikkkim india..,TEMPERATURE,GET,"[""sikkkim india""]",[]
"Put a reminder for wnd speeed in Semilibencha, Motu in 15 minutes",WIND_SPEED,ALERT,"[""Semilibencha, Motu""]","[""15 minutes""]"
compare the cloudinss in sasrar betwen 4:15 am to 3:30 pm and 10:30 pm,CLOUD_COVER,COMPARE,"[""sasrar""]","[""4:15 am to 3:30 pm"", ""10:30 pm""]"
check the hghest temp next month..,TEMPERATURE_MAX,GET,[],"[""next month""]"
"fiield moisture bamorth or mashaldaha, mladah",SOIL_MOISTURE,COMPARE,"[""bamorth"", ""mashaldaha, mladah""]",[]
"Tell diffrence will it rain Khonhanpur Chhanchina, Dasarathpur tomorrow morning",RAIN,COMPARE,"[""Khonhanpur"", ""Chhanchina, Dasarathpur""]","[""tomorrow morning""]"
Show me the hours of sun in Saikheda from 6:30 PM to 10 PM,SUNSHINE,GET,"[""Saikheda""]","[""6:30 PM to 10 PM""]"
"between chandigarh india and hatikali, where is the weather update stronger on friday?",CURRENT_CONDITIONS,COMPARE,"[""chandigarh india"", ""hatikali""]","[""friday""]"
Set an alert for vaatavaranam in my farm on Friday..,CURRENT_CONDITIONS,ALERT,"[""my farm""]","[""Friday""]"
Give me the soil temperature reading for Vizag tomorrow,SOIL_TEMPERATURE,GET,"[""Vizag""]","[""tomorrow""]"
"Notifiy me about the rainfall in Khalina, Jaleswar tonight",RAIN,ALERT,"[""Khalina, Jaleswar""]","[""tonight""]"
plz put the downpour in my feild against chaura in the next 8 hours,RAIN,COMPARE,"[""my feild"", ""chaura""]","[""next 8 hours""]"
"contrast the weather rpeort in my feild with bandarchuan, chatra, jharhkand tommorow",FORECAST,COMPARE,"[""my feild"", ""bandarchuan, chatra, jharhkand""]","[""tommorow""]"
"What is the nami in Banhddih, Dumka nxt week?",HUMIDITY,GET,"[""Banhddih, Dumka""]","[""nxt week""]"
warn me abotu the solar expossure during the sowing week,SUNSHINE,ALERT,[],"[""sowing week""]"
Contrast the soil temperaature in Turaon Patti with Sahajpuri,SOIL_TEMPERATURE,COMPARE,"[""Turaon Patti"", ""Sahajpuri""]",[]
"How duz the weather prediction in Maharaja, Jagdishpur compare with Rudraprayag, Uttarakhand on Saturday?",FORECAST,COMPARE,"[""Maharaja, Jagdishpur"", ""Rudraprayag, Uttarakhand""]","[""Saturday""]"
Warrn me about minimum in Tilikara Gjapati by midnight,TEMPERATURE_MIN,ALERT,"[""Tilikara Gjapati""]","[""midnight""]"
quick weather report check for singadevanahalli 2day,FORECAST,GET,"[""singadevanahalli""]","[""2day""]"
Ping me about the rainfal at my place around 9:34 pm,RAIN,ALERT,"[""my place""]","[""9:34 pm""]"
is any cloud coevr percentage advisory issued 2nite?,CLOUD_COVER,ALERT,[],"[""2nite""]"
"how does the maximum temprature in my village compare with koara, himachal pradesh tomorow?",TEMPERATURE_MAX,COMPARE,"[""my village"", ""koara, himachal pradesh""]","[""tomorow""]"
Put a reminder for mitti ki nami in Bartiar this afternoon,SOIL_MOISTURE,ALERT,"[""Bartiar""]","[""this afternoon""]"
"Should i worry about the nami in Dwarikapur, Cuttack, Odisha",HUMIDITY,ALERT,"[""Dwarikapur, Cuttack, Odisha""]",[]
how much cloudness this afternoon?,CLOUD_COVER,GET,[],"[""this afternoon""]"
"Differnce in cloudness between Hastnapur and Israjpalle, Jagtial tomorow",CLOUD_COVER,COMPARE,"[""Hastnapur"", ""Israjpalle, Jagtial""]","[""tomorow""]"
"How does the how is the weather arond here compare with Ganderi, Dungarpur tomorrow morning?",CURRENT_CONDITIONS,COMPARE,"[""here"", ""Ganderi, Dungarpur""]","[""tomorrow morning""]"
Tell me the current conditions for Piparia Ehatmali this week asap,CURRENT_CONDITIONS,GET,"[""Piparia Ehatmali""]","[""this week""]"
Give me the wind speed forecast for Mgaura Hugli,WIND_SPEED,GET,"[""Mgaura Hugli""]",[]
Send alert week aehad forecast in Bandarchuan rn kindly,FORECAST,ALERT,"[""Bandarchuan""]","[""rn""]"
rupaspur or piprahia betetr cold by 11 am?,TEMPERATURE,COMPARE,"[""rupaspur"", ""piprahia""]","[""11 am""]"
"Solar exposure details Sorahiya, Nanpraa, Bahraich this afternoon",SUNSHINE,GET,"[""Sorahiya, Nanpraa, Bahraich""]","[""this afternoon""]"
Wind bearing in my vilae today,WIND_DIRECTION,GET,"[""my vilae""]","[""today""]"
Night temperature Niranjan Chak from 8:30 am to 12:30 PM pls,TEMPERATURE_MIN,GET,"[""Niranjan Chak""]","[""8:30 am to 12:30 PM""]"
Contrast the oercast level in Sembianallur with Baggamdhoravalasa around 1 AM,CLOUD_COVER,COMPARE,"[""Sembianallur"", ""Baggamdhoravalasa""]","[""1 AM""]"
Whts lowest temp in Lakhnadon tmrw,TEMPERATURE_MIN,GET,"[""Lakhnadon""]","[""tmrw""]"
coloest this area by midnight pls,TEMPERATURE_MIN,GET,"[""this area""]","[""midnight""]"
wind strength dutails,WIND_SPEED,GET,[],[]
"Compre temprature in Arwal vs Hastnapur, Madhya Pradesh nxt week",TEMPERATURE,COMPARE,"[""Arwal"", ""Hastnapur, Madhya Pradesh""]","[""nxt week""]"
Upate me on the wind comes from in Tuljapur tmrw,WIND_DIRECTION,GET,"[""Tuljapur""]","[""tmrw""]"
red wana and got gerya kharagpur cloud coverage for the next 3 days,CLOUD_COVER,COMPARE,"[""red wana"", ""got gerya kharagpur""]","[""next 3 days""]"
Hw is max temp in Mohni Khud during the sowing week,TEMPERATURE_MAX,GET,"[""Mohni Khud""]","[""sowing week""]"
"How does the weather update around my area compire with Mundla Chawal, Raisen yesterday",CURRENT_CONDITIONS,COMPARE,"[""my area"", ""Mundla Chawal, Raisen""]","[""yesterday""]"
What's the weather like aleert Kahhar Para by 2 am,CURRENT_CONDITIONS,ALERT,"[""Kahhar Para""]","[""2 am""]"
is theer any direction of the wind warning at my place?,WIND_DIRECTION,ALERT,"[""my place""]",[]
Let me know if there is a coldest temperature alert in Colorado this weekend,TEMPERATURE_MIN,ALERT,"[""Colorado""]","[""this weekend""]"
"Diffrence in overnigth low between Dadari, Jaunpur and Bdarshirgur",TEMPERATURE_MIN,COMPARE,"[""Dadari, Jaunpur"", ""Bdarshirgur""]",[]
Let me know if there is a temperature alert in Pura 2day,TEMPERATURE,ALERT,"[""Pura""]","[""2day""]"
"Is there any gust speed warning for Vyas Kheri, Atru during the sowing week",WIND_SPEED,ALERT,"[""Vyas Kheri, Atru""]","[""sowing week""]"
Weather forcast details for Mahadih Narayanpur at 1:09 AM,FORECAST,GET,"[""Mahadih Narayanpur""]","[""1:09 AM""]"
Is the badal in Dhaunramal diffeaeent Sunday and 2 am?,CLOUD_COVER,COMPARE,"[""Dhaunramal""]","[""Sunday"", ""2 am""]"
"Should i worry about the min temprature in Bagankheda, Kannod tommorow kindly",TEMPERATURE_MIN,ALERT,"[""Bagankheda, Kannod""]","[""tommorow""]"
"On Tuesday wind velooiy figures for Gandhinagar, Gujarat",WIND_SPEED,GET,"[""Gandhinagar, Gujarat""]","[""Tuesday""]"
Tell diffrence air moiture Yaval Chalkusha this week,HUMIDITY,COMPARE,"[""Yaval"", ""Chalkusha""]","[""this week""]"
"Abhirampur, South Twenty-Four Parganas soil tempertaure at 40cm Saturday vs 1 AM to 8 AM",SOIL_TEMPERATURE,COMPARE,"[""Abhirampur, South Twenty-Four Parganas""]","[""Saturday"", ""1 AM to 8 AM""]"
"Put the weather of Karhal, Uttarpradesh agianst Jummhal Pt Ii",CURRENT_CONDITIONS,COMPARE,"[""Karhal, Uttarpradesh"", ""Jummhal Pt Ii""]",[]
whast the future weather looking like in awhae bk. ahamadnagar tomorow?,FORECAST,GET,"[""awhae bk. ahamadnagar""]","[""tomorow""]"
Could you check the sunny hours near me at 9:15 am?,SUNSHINE,GET,"[""near me""]","[""9:15 am""]"
"Raise an alam if the wind rate looks bad in Bindipur, Puri next weekend",WIND_SPEED,ALERT,"[""Bindipur, Puri""]","[""next weekend""]"
how does the night temperature at my place compare with mohamad urf jhinwarheri haridwar uttarakhand day after tomorow?,TEMPERATURE_MIN,COMPARE,"[""my place"", ""mohamad urf jhinwarheri haridwar uttarakhand""]","[""day after tomorow""]"
Flag the rainfall this morning,RAIN,ALERT,[],"[""this morning""]"
Let me know if there is a dew point aert in Kinaiidh from 7 am to 9:30 pm,DEW_POINT,ALERT,"[""Kinaiidh""]","[""7 am to 9:30 pm""]"
Can i sow in Jogdhipa this evening?,SOIL_TEMPERATURE,GET,"[""Jogdhipa""]","[""this evening""]"
Set an alert for earth temperature in this area quickly,SOIL_TEMPERATURE,ALERT,"[""this area""]",[]
any idea about the gust?,WIND_SPEED,GET,[],[]
compare the dew point temperature at my location with minache kh. bhudargad kolhapur tomorrow evening quickly,DEW_POINT,COMPARE,"[""my location"", ""minache kh. bhudargad kolhapur""]","[""tomorrow evening""]"
Flag the sunshien at my place day after tomorow,SUNSHINE,ALERT,"[""my place""]","[""day after tomorow""]"
Ping me about the moisture in field narby in the next 12 hours,SOIL_MOISTURE,ALERT,"[""narby""]","[""next 12 hours""]"
Kmarkuchi Nalbari Assam or Shohrok better taampan?,TEMPERATURE,COMPARE,"[""Kmarkuchi Nalbari Assam"", ""Shohrok""]",[]
Notify me about the overnight low near me by 9:45 pm,TEMPERATURE_MIN,ALERT,"[""near me""]","[""9:45 pm""]"
Ping about the overcast level in Nekkundhi yesterday,CLOUD_COVER,ALERT,"[""Nekkundhi""]","[""yesterday""]"
Parasigaria Puruliya dew pont 9:43 am to 1 PM vs 2day,DEW_POINT,COMPARE,"[""Parasigaria Puruliya""]","[""9:43 am to 1 PM"", ""2day""]"
Is there any moisture in the air warning in 15 minutes?,HUMIDITY,ALERT,[],"[""15 minutes""]"
Compre Kulgarhi Satna and Booocha Gara Safipur humidity percentgae,HUMIDITY,COMPARE,"[""Kulgarhi Satna"", ""Booocha Gara Safipur""]",[]
Is it going to rain in Hengerajhar Darrang now,RAIN,GET,"[""Hengerajhar Darrang""]","[""now""]"
Any warnings about badal in Kasoli?,CLOUD_COVER,ALERT,"[""Kasoli""]",[]
compare panasi rewa madhya pradeesh and rempi how hot it is,TEMPERATURE,COMPARE,"[""panasi rewa madhya pradeesh"", ""rempi""]",[]
"Let know if there is a weather situation alert in Tikamgarh, Madhya Pradesh tonight",CURRENT_CONDITIONS,ALERT,"[""Tikamgarh, Madhya Pradesh""]","[""tonight""]"
show me the soil temperature at 10cm for chirakuta pt.ii and samangaon for the next 7 days,SOIL_TEMPERATURE,COMPARE,"[""chirakuta pt.ii"", ""samangaon""]","[""next 7 days""]"
Is the cloud amount in Chandigarh higher 8:45 AM or 4 AM?,CLOUD_COVER,COMPARE,"[""Chandigarh""]","[""8:45 AM"", ""4 AM""]"
is wnd speed in canada different wednesday and right now?,WIND_SPEED,COMPARE,"[""canada""]","[""wednesday"", ""right now""]"
"Message me the precipiation in Pipraia Ehatmali, Mirganj, Bareilly tommorow",RAIN,ALERT,"[""Pipraia Ehatmali, Mirganj, Bareilly""]","[""tommorow""]"
"between devapar, santkabirnagar and gundlakarthi, jayashankar bhupalapally, where is the wind force stronger?",WIND_SPEED,COMPARE,"[""devapar, santkabirnagar"", ""gundlakarthi, jayashankar bhupalapally""]",[]
"bahanga verses nangla, bankura cluods in 49 minutes",CLOUD_COVER,COMPARE,"[""bahanga"", ""nangla, bankura""]","[""49 minutes""]"
Contrast the relative moisture in my field with Buradapadu,HUMIDITY,COMPARE,"[""my field"", ""Buradapadu""]",[]
bro Put the soil wetness in my farm aainst Maryland 2nite,SOIL_MOISTURE,COMPARE,"[""my farm"", ""Maryland""]","[""2nite""]"
warn me if the temperature falls below 10 degrees in coimbatore tomorow,TEMPERATURE_MIN,ALERT,"[""coimbatore""]","[""tomorow""]"
Warn me about the daily forecast near by,FORECAST,ALERT,"[""near by""]",[]
Overcast level Bhauara tomorrow morning pls,CLOUD_COVER,GET,"[""Bhauara""]","[""tomorrow morning""]"
Tel me the tempretue Nandr,TEMPERATURE,GET,"[""Nandr""]",[]
"Daramli versus Khilmapur, Jalgaon lowest temperature today from 8:30 am to 12:30 PM",TEMPERATURE_MIN,COMPARE,"[""Daramli"", ""Khilmapur, Jalgaon""]","[""8:30 am to 12:30 PM""]"
Warn me about the soil wtness level tomorrow night,SOIL_MOISTURE,ALERT,[],"[""tomorrow night""]"
What's the cloud density in Jagtial?,CLOUD_COVER,GET,"[""Jagtial""]",[]
Weather outlook figures for Bhokrha,FORECAST,GET,"[""Bhokrha""]",[]
is the soil warm enough for plating in athri this afternoon?,SOIL_TEMPERATURE,GET,"[""athri""]","[""this afternoon""]"
Flag the max tempearture near by,TEMPERATURE_MAX,ALERT,"[""near by""]",[]
"compare ground temp manuddinpur, azamgarh vs matka viran jansath muzaffarnagar on saturday",SOIL_TEMPERATURE,COMPARE,"[""manuddinpur, azamgarh"", ""matka viran jansath muzaffarnagar""]","[""saturday""]"
Is it very humid outside in Mumbai?,HUMIDITY,GET,"[""Mumbai""]",[]
set an alert for weekly weather in my field,FORECAST,ALERT,"[""my field""]",[]
Contrast the wind comes from in Kauadil with Paasi Rewa Madhya Pradesh from 1:30 AM to 4 pm,WIND_DIRECTION,COMPARE,"[""Kauadil"", ""Paasi Rewa Madhya Pradesh""]","[""1:30 AM to 4 pm""]"
Put the wind strenght in my farm aganist Anteshwar on Saturday,WIND_SPEED,COMPARE,"[""my farm"", ""Anteshwar""]","[""Saturday""]"
"Vanapruam versus Maira Dhaj, Nagaon, Assam soil tempreture this morning",SOIL_TEMPERATURE,COMPARE,"[""Vanapruam"", ""Maira Dhaj, Nagaon, Assam""]","[""this morning""]"
I need the wind flow direction readign for Nutangraam this afternoon,WIND_DIRECTION,GET,"[""Nutangraam""]","[""this afternoon""]"
Remind me to check rh in Trinidad And Tobago,HUMIDITY,ALERT,"[""Trinidad And Tobago""]",[]
How does the storm at my place compre with Bakarkol 2day?,RAIN,COMPARE,"[""my place"", ""Bakarkol""]","[""2day""]"
Contarst the high temp at my location with Ladi Angan Baramula tmrw,TEMPERATURE_MAX,COMPARE,"[""my location"", ""Ladi Angan Baramula""]","[""tmrw""]"
I need the overnioht low reading tommorow,TEMPERATURE_MIN,GET,[],"[""tommorow""]"
Is there any tempature warning in my plot?,TEMPERATURE,ALERT,"[""my plot""]",[]
quickly Can you tell me the air speed in Adusumalle in the next 2 hours?,WIND_SPEED,GET,"[""Adusumalle""]","[""next 2 hours""]"
notify me about the wind speed forecast in my village next weekend,WIND_SPEED,ALERT,"[""my village""]","[""next weekend""]"
Wat is highest temperature in Oman this afternoon,TEMPERATURE_MAX,GET,"[""Oman""]","[""this afternoon""]"
"Is there any current temp warning for Kachnoda, Sagar around 3:34 am?",TEMPERATURE,ALERT,"[""Kachnoda, Sagar""]","[""3:34 am""]"
what is the outloook at 9:30 pm in indonesia?,FORECAST,GET,"[""indonesia""]","[""9:30 pm""]"
Raise an alarm if the humididty looks bad in Thehar,HUMIDITY,ALERT,"[""Thehar""]",[]
How much predictions in my farm day after tomorow?,FORECAST,GET,"[""my farm""]","[""day after tomorow""]"
Hw is cloud perceet in Kalyarkovil 2day?!,CLOUD_COVER,GET,"[""Kalyarkovil""]","[""2day""]"
"Chek the wind speeed for both Hosahalli, Arasikere, Hassan and Sugur around 3:34 am",WIND_SPEED,COMPARE,"[""Hosahalli, Arasikere, Hassan"", ""Sugur""]","[""3:34 am""]"
is thee any heat warning for chhibarua on saturday?,TEMPERATURE,ALERT,"[""chhibarua""]","[""saturday""]"
hw is temprature in dumurdiha east singhbhum 2day,TEMPERATURE,GET,"[""dumurdiha east singhbhum""]","[""2day""]"
how does the diecton of the wind in nagla bohra compare with bhod bk. this morning?!,WIND_DIRECTION,COMPARE,"[""nagla bohra"", ""bhod bk.""]","[""this morning""]"
Nowgong vs Chhailai Jagir hottet,TEMPERATURE_MAX,COMPARE,"[""Nowgong"", ""Chhailai Jagir""]",[]
Khadikaada Betanati vs Nannurupadu sunsshine houes,SUNSHINE,COMPARE,"[""Khadikaada Betanati"", ""Nannurupadu""]",[]
Any idea abot the downpour Bageshawr on Friday?,RAIN,GET,"[""Bageshawr""]","[""Friday""]"
Hw max temp in Rudain Urf Manjhgawa by midnight,TEMPERATURE_MAX,GET,"[""Rudain Urf Manjhgawa""]","[""midnight""]"
Is there any wind speed waring in our village at 10:14 PM kindly,WIND_SPEED,ALERT,"[""our village""]","[""10:14 PM""]"
remindder for tempreture bhiijapara nxt week,TEMPERATURE,ALERT,"[""bhiijapara""]","[""nxt week""]"
Update me on the soil heat in Gundaram from 4:30 AM to 8:30 AM,SOIL_TEMPERATURE,GET,"[""Gundaram""]","[""4:30 AM to 8:30 AM""]"
"Put the raining in my fild againt Chhirhati, Sohagpur, Shahdol, Madhya Pradesh next week",RAIN,COMPARE,"[""my fild"", ""Chhirhati, Sohagpur, Shahdol, Madhya Pradesh""]","[""next week""]"
whts up with the maausam in nagla harsukha?,CURRENT_CONDITIONS,GET,"[""nagla harsukha""]",[]
Is thre any dewpoint warning in my field?,DEW_POINT,ALERT,"[""my field""]",[]
Notify me about the direction wind in my feild this week,WIND_DIRECTION,ALERT,"[""my feild""]","[""this week""]"
"put a reminder for coldest in fazalnagar, jasrana, firozabad on sunday",TEMPERATURE_MIN,ALERT,"[""fazalnagar, jasrana, firozabad""]","[""sunday""]"
"dewpit jhuratarai, dhamtari, chhatisgarh or barkhedi piploda ratlam madhya pradesh",DEW_POINT,COMPARE,"[""jhuratarai, dhamtari, chhatisgarh"", ""barkhedi piploda ratlam madhya pradesh""]",[]
the due point in my field,DEW_POINT,GET,"[""my field""]",[]
"Wind fore in Kurod Odisha and Jnagal Thanal for the next 3 days, which is better",WIND_SPEED,COMPARE,"[""Kurod Odisha"", ""Jnagal Thanal""]","[""next 3 days""]"
Is any sunlite advisory isssued for Bisrampur?,SUNSHINE,ALERT,"[""Bisrampur""]",[]
Cntrast the dewpoit in Jaitapuur with Kawai by 10:30 pm..,DEW_POINT,COMPARE,"[""Jaitapuur"", ""Kawai""]","[""10:30 pm""]"
How does the thunderstorm here compare with Pamgarh early morning?,RAIN,COMPARE,"[""here"", ""Pamgarh""]","[""early morning""]"
Notify me about the sun hours on Wednesday..,SUNSHINE,ALERT,[],"[""Wednesday""]"
"Which is better for barish, Jamdahara or Turnal?",RAIN,COMPARE,"[""Jamdahara"", ""Turnal""]",[]
Send me an alert if the minimum is unusul in Mankapur 2day,TEMPERATURE_MIN,ALERT,"[""Mankapur""]","[""2day""]"
quickly wat is the cloud percentage in zonner tomorrow?,CLOUD_COVER,GET,"[""zonner""]","[""tomorrow""]"
Sanyasipura versse Mauraabndhi prdeictions later today,FORECAST,COMPARE,"[""Sanyasipura"", ""Mauraabndhi""]","[""later today""]"
thethar vs chhibarra wind blows from,WIND_DIRECTION,COMPARE,"[""thethar"", ""chhibarra""]",[]
"Warrn me about soil temp in Rattowal, Ludhiana, Punjab around 7:30 AM",SOIL_TEMPERATURE,ALERT,"[""Rattowal, Ludhiana, Punjab""]","[""7:30 AM""]"
Paschim Ramchandrapur Noreh Twenty-Four Parganas West Bengal or Sitapur better earth temperature?,SOIL_TEMPERATURE,COMPARE,"[""Paschim Ramchandrapur Noreh Twenty-Four Parganas West Bengal"", ""Sitapur""]",[]
Do you have the gusts data for Shohrok from 9:43 am to 1 PM?,WIND_SPEED,GET,"[""Shohrok""]","[""9:43 am to 1 PM""]"
Difference in how cloudy between Beradangi and Rithana nxt week,CLOUD_COVER,COMPARE,"[""Beradangi"", ""Rithana""]","[""nxt week""]"
Tell me the soil temp my fild at 10:06 am,SOIL_TEMPERATURE,GET,"[""my fild""]","[""10:06 am""]"
"Govana, Jamnagar, Gujarat versus Baramula dewpoitn",DEW_POINT,COMPARE,"[""Govana, Jamnagar, Gujarat"", ""Baramula""]",[]
next weekend weekly weather figures chengalpattu tamil nadu,FORECAST,GET,"[""chengalpattu tamil nadu""]","[""next weekend""]"
"Conrast the climtae right now in Patti Khurd, Uttarpradesh with Motlapalle tomorrow evening",CURRENT_CONDITIONS,COMPARE,"[""Patti Khurd, Uttarpradesh"", ""Motlapalle""]","[""tomorrow evening""]"
corpe humidity mahuva vs hastnapur around 8:45 am,HUMIDITY,COMPARE,"[""mahuva"", ""hastnapur""]","[""8:45 am""]"
"send me an alert if the beee is unusual in suundarpur, dhaulpur, rajasthan on monday",WIND_SPEED,ALERT,"[""suundarpur, dhaulpur, rajasthan""]","[""monday""]"
Notifiy me about the forcast in Kamiha on Wednesday,FORECAST,ALERT,"[""Kamiha""]","[""Wednesday""]"
Check the max tampreture in Togo for the next 7 days,TEMPERATURE_MAX,GET,"[""Togo""]","[""next 7 days""]"
How does the soil moistrue 40cm in my plot compaare with Hengerajhar Darrang tonight,SOIL_MOISTURE,COMPARE,"[""my plot"", ""Hengerajhar Darrang""]","[""tonight""]"
Notify me if it starts raning in Kahar Para Barpeta rn,RAIN,ALERT,"[""Kahar Para Barpeta""]","[""rn""]"
Warn me if rainfall croosses 50 mm in Khonkar tomorrow evening,RAIN,ALERT,"[""Khonkar""]","[""tomorrow evening""]"
How duz the wind direction in Lachhmangarh cmpare with Bhawani Khera?,WIND_DIRECTION,COMPARE,"[""Lachhmangarh"", ""Bhawani Khera""]",[]
"put the relative moisture of malhawani shivpuri madhya pradesh against odisha, india next week",HUMIDITY,COMPARE,"[""malhawani shivpuri madhya pradesh"", ""odisha, india""]","[""next week""]"
Chhanchina v/s Adalpur Ryt earth tempreature on Saturday,SOIL_TEMPERATURE,COMPARE,"[""Chhanchina"", ""Adalpur Ryt""]","[""Saturday""]"
"is any cloud percent advisory issued for zinnr, washi today?",CLOUD_COVER,ALERT,"[""zinnr, washi""]","[""today""]"
Is any wind speede advisory issued for Marshall Islands at 9:30 PM?,WIND_SPEED,ALERT,"[""Marshall Islands""]","[""9:30 PM""]"
"which better for tepmature, bhikhnadih or shohrok?",TEMPERATURE,COMPARE,"[""bhikhnadih"", ""shohrok""]",[]
tel me the earth temperature for samasarpur on sunday,SOIL_TEMPERATURE,GET,"[""samasarpur""]","[""sunday""]"
is there any wind bearnig warning next weekend?,WIND_DIRECTION,ALERT,[],"[""next weekend""]"
Want alletr for wind bearing Gali Bhimavaram day after tomorow,WIND_DIRECTION,ALERT,"[""Gali Bhimavaram""]","[""day after tomorow""]"
Warrrn me about cloud amount in Dilelpura tomorrow,CLOUD_COVER,ALERT,"[""Dilelpura""]","[""tomorrow""]"
"Pls tell me the heat in Kinaidih, Raghunathpur, Puruliya next weekend",TEMPERATURE,GET,"[""Kinaidih, Raghunathpur, Puruliya""]","[""next weekend""]"
Notify me about the dew here on Sunday,DEW_POINT,ALERT,"[""here""]","[""Sunday""]"
Ping me about the dew point temp this morning,DEW_POINT,ALERT,[],"[""this morning""]"
Flag directtion wind in my feild on Wednesday,WIND_DIRECTION,ALERT,"[""my feild""]","[""Wednesday""]"
"Rannu vessu Siaat, Uttarakhand is it going to rain on Saturday",RAIN,COMPARE,"[""Rannu"", ""Siaat, Uttarakhand""]","[""Saturday""]"
Kindly share the sky coveer for Comoros around 11 PM,CLOUD_COVER,GET,"[""Comoros""]","[""11 PM""]"
i want to know the raininng in gali bhimavaram vishakhapatnam this weekend,RAIN,GET,"[""gali bhimavaram vishakhapatnam""]","[""this weekend""]"
Temp in Chinchali: 1:09 AM or 30 minutes?,TEMPERATURE,COMPARE,"[""Chinchali""]","[""1:09 AM"", ""30 minutes""]"
Flag the humidity near by by 7:20 am,HUMIDITY,ALERT,"[""near by""]","[""7:20 am""]"
Is it cold outside in Boston?,TEMPERATURE,GET,"[""Boston""]",[]
comure outside weather in chak daulat vs gospurnatara in 82 minutes,CURRENT_CONDITIONS,COMPARE,"[""chak daulat"", ""gospurnatara""]","[""82 minutes""]"
what's the peak temperrature in baghuapalli?,TEMPERATURE_MAX,GET,"[""baghuapalli""]",[]
Put the rauing of Merakamudidam Vizianagaram against Sikkim India,RAIN,COMPARE,"[""Merakamudidam Vizianagaram"", ""Sikkim India""]",[]
"ping me about the humidity precentage in alabur, ballari next month",HUMIDITY,ALERT,"[""alabur, ballari""]","[""next month""]"
Highest temperature near me bro,TEMPERATURE_MAX,GET,"[""near me""]",[]
"Compre the soil wetness level between Kerala and Govaan, Jamnagar, Gujarat day after tomorrow",SOIL_MOISTURE,COMPARE,"[""Kerala"", ""Govaan, Jamnagar, Gujarat""]","[""day after tomorrow""]"
Update me on the mitti ka taapmaan in this area next week,SOIL_TEMPERATURE,GET,"[""this area""]","[""next week""]"
Wind rate details for Moolathara for the next 7 days,WIND_SPEED,GET,"[""Moolathara""]","[""next 7 days""]"
Show me the feels like temperature Shripur in 49 minutes,TEMPERATURE,GET,"[""Shripur""]","[""49 minutes""]"
how does the highest temperature today in my field compare with panyara khera nxt week?,TEMPERATURE_MAX,COMPARE,"[""my field"", ""panyara khera""]","[""nxt week""]"
contrast the solar exposuer in this area with manipur india yesterday,SUNSHINE,COMPARE,"[""this area"", ""manipur india""]","[""yesterday""]"
flag the weather update for haragarahulli the next 12 hours,CURRENT_CONDITIONS,ALERT,"[""haragarahulli""]","[""next 12 hours""]"
Whts sunhine hourrs in Habsapur at 3 am,SUNSHINE,GET,"[""Habsapur""]","[""3 am""]"
"mahalmirya dongar, pen or chhulha betetr futuure weather 2day?",FORECAST,COMPARE,"[""mahalmirya dongar, pen"", ""chhulha""]","[""2day""]"
Tell me when night low cahnges Semilibencha tomorrow evening,TEMPERATURE_MIN,ALERT,"[""Semilibencha""]","[""tomorrow evening""]"
tell diffrence maximum akkarapakkam birshapur by 4 am,TEMPERATURE_MAX,COMPARE,"[""akkarapakkam"", ""birshapur""]","[""4 am""]"
what is the dew point temperature in daru?,DEW_POINT,GET,"[""daru""]",[]
checck the predictions for both sudarpur and tendawa sisatipur for the next 3 days,FORECAST,COMPARE,"[""sudarpur"", ""tendawa sisatipur""]","[""next 3 days""]"
Compare min temprature in Magura Hugli vs Umri on Sunday,TEMPERATURE_MIN,COMPARE,"[""Magura Hugli"", ""Umri""]","[""Sunday""]"
"On Tuesday, alert me the soil temperature at 40cm in Matihania Khurd",SOIL_TEMPERATURE,ALERT,"[""Matihania Khurd""]","[""Tuesday""]"
Check rain amunt this evening,RAIN,GET,[],"[""this evening""]"
temperature now details sheorajpur tomorow,TEMPERATURE,GET,"[""sheorajpur""]","[""tomorow""]"
"Is it hmuid in Sundarpur, Dhaulpur, Rajasthan?",HUMIDITY,GET,"[""Sundarpur, Dhaulpur, Rajasthan""]",[]
warn me abut the sunlight hours in my plot,SUNSHINE,ALERT,"[""my plot""]",[]
Compare the precipitation chance in my farm with Siakheda now,RAIN,COMPARE,"[""my farm"", ""Siakheda""]","[""now""]"
"What's mniimum temrature in Rudraprayag, Uttarakhand on Sunday?",TEMPERATURE_MIN,GET,"[""Rudraprayag, Uttarakhand""]","[""Sunday""]"
Is there any min temprature warning for B Koduru Andhra Pradesh on Friday?,TEMPERATURE_MIN,ALERT,"[""B Koduru Andhra Pradesh""]","[""Friday""]"
What is the dewopint temperature tomorrow evening in Hardwa Ka Khera?,DEW_POINT,GET,"[""Hardwa Ka Khera""]","[""tomorrow evening""]"
Plz aletr wind Khakhhla today..,WIND_SPEED,ALERT,"[""Khakhhla""]","[""today""]"
"what will the dewpoit be in kailashpura, dhaulupr now?",DEW_POINT,GET,"[""kailashpura, dhaulupr""]","[""now""]"
Show me the soil moistur in Fazalnagar early morning,SOIL_MOISTURE,GET,"[""Fazalnagar""]","[""early morning""]"
tell me the dewpoint in my villge early morning,DEW_POINT,GET,"[""my villge""]","[""early morning""]"
Ping me about the cloud cover tonight,CLOUD_COVER,ALERT,[],"[""tonight""]"
"For Bamari and Sarol both, what is the soil temprature bro",SOIL_TEMPERATURE,COMPARE,"[""Bamari"", ""Sarol""]",[]
warn me about the moisture in the air in this area tomorrow morning,HUMIDITY,ALERT,"[""this area""]","[""tomorrow morning""]"
hw is relative moisture in fattepur on monday,HUMIDITY,GET,"[""fattepur""]","[""monday""]"
"Compaer Fazalnagar and Nayanagar, Begamganj overcast",CLOUD_COVER,COMPARE,"[""Fazalnagar"", ""Nayanagar, Begamganj""]",[]
Give how humid Bedarshirgur by 9 PM,HUMIDITY,GET,"[""Bedarshirgur""]","[""9 PM""]"
Cold you let me know the gust in Sitapru arouad 9 pm?,WIND_SPEED,GET,"[""Sitapru""]","[""9 pm""]"
set an alet for rian in ghagrapar circle assam in the next 2 hours,RAIN,ALERT,"[""ghagrapar circle assam""]","[""next 2 hours""]"
Malhipur or Bhundimuhan better feels like temperature this week?,TEMPERATURE,COMPARE,"[""Malhipur"", ""Bhundimuhan""]","[""this week""]"
Contrast the soil heat levl in this area with Kuttadi from 2 am to 7 AM,SOIL_TEMPERATURE,COMPARE,"[""this area"", ""Kuttadi""]","[""2 am to 7 AM""]"
Send alret wind in Adampur,WIND_SPEED,ALERT,"[""Adampur""]",[]
How does the mitti ki nami in my plot compaoe with Tiakmgarh this weekend,SOIL_MOISTURE,COMPARE,"[""my plot"", ""Tiakmgarh""]","[""this weekend""]"
"by 3:45 am, alert me about the due point in khamawdaa",DEW_POINT,ALERT,"[""khamawdaa""]","[""3:45 am""]"
what is the highest temperature today in dwarahat almora on sunday?,TEMPERATURE_MAX,GET,"[""dwarahat almora""]","[""sunday""]"
is any hottest temperature advisory issued for janegaon this afternoon?,TEMPERATURE_MAX,ALERT,"[""janegaon""]","[""this afternoon""]"
What will the humidty be in Tamil Nadu on Tuesday,HUMIDITY,GET,"[""Tamil Nadu""]","[""Tuesday""]"
Odha precipitation next 12 hours vs this evening,RAIN,COMPARE,"[""Odha""]","[""next 12 hours"", ""this evening""]"
Bahuara or Thiruvaniyoor Kunnattunad Ernakulam Kerala better weekly weathre by 2 AM?,FORECAST,COMPARE,"[""Bahuara"", ""Thiruvaniyoor Kunnattunad Ernakulam Kerala""]","[""2 AM""]"
is there any relative humidity warning around here next month,HUMIDITY,ALERT,"[""here""]","[""next month""]"
Contrast the weather in R.venkampeta with Thamalapura Ballari next month,CURRENT_CONDITIONS,COMPARE,"[""R.venkampeta"", ""Thamalapura Ballari""]","[""next month""]"
Do you have the lowest temperature data for Achharaund Uttarpradesh around 1:30 pm,TEMPERATURE_MIN,GET,"[""Achharaund Uttarpradesh""]","[""1:30 pm""]"
Weekly weather alert Ladi Angan Baramula day after tomorrow,FORECAST,ALERT,"[""Ladi Angan Baramula""]","[""day after tomorrow""]"
Conrast the how cold here with Ranga,TEMPERATURE,COMPARE,"[""here"", ""Ranga""]",[]
"compare the max tempreture at my place with daramli, idar, sabar kantha this evening",TEMPERATURE_MAX,COMPARE,"[""my place"", ""daramli, idar, sabar kantha""]","[""this evening""]"
Whast up with the os bindu in Baroun?,DEW_POINT,GET,"[""Baroun""]",[]
tel me relative humidity in my field 2nite,HUMIDITY,GET,"[""my field""]","[""2nite""]"
"I need the feels like temperature reading for Lad Bharol, Himachal Pradesh",TEMPERATURE,GET,"[""Lad Bharol, Himachal Pradesh""]",[]
R.venkampeta ka cloudy,CLOUD_COVER,GET,"[""R.venkampeta""]",[]
"Nootify me if it starts raining in Paraspatti Majhwar, Tarabganj for the next 3 days urgent",RAIN,ALERT,"[""Paraspatti Majhwar, Tarabganj""]","[""next 3 days""]"
i need the clouds reading for gundaram yesterday,CLOUD_COVER,GET,"[""gundaram""]","[""yesterday""]"
How does the humidity percentage nearby compare with Chhatisgarh,HUMIDITY,COMPARE,"[""nearby"", ""Chhatisgarh""]",[]
"between coimbatore and bachi newar, where the os bindu stronger tmrw?",DEW_POINT,COMPARE,"[""coimbatore"", ""bachi newar""]","[""tmrw""]"
Do you have the outside conditions data for Angara Kaan?,CURRENT_CONDITIONS,GET,"[""Angara Kaan""]",[]
i need the direction of the wind reading for hisale tomorrow night,WIND_DIRECTION,GET,"[""hisale""]","[""tomorrow night""]"
Could you let me know the moisture in the soil in Bhaanpur on Sunday?,SOIL_MOISTURE,GET,"[""Bhaanpur""]","[""Sunday""]"
Notify me about the cloud percentage tomorrow,CLOUD_COVER,ALERT,[],"[""tomorrow""]"
Morocco and Parbhani forcast at 9:30 pm,FORECAST,COMPARE,"[""Morocco"", ""Parbhani""]","[""9:30 pm""]"
"Which has higher soil moistuie, Malaysia or Sukhwasi?",SOIL_MOISTURE,COMPARE,"[""Malaysia"", ""Sukhwasi""]",[]
khatauli ruaal and thirumalayapalem huimd next weekend,HUMIDITY,COMPARE,"[""khatauli ruaal"", ""thirumalayapalem""]","[""next weekend""]"
"Alrt me if ground temperature changs in Koara, Himachal Pradesh tomorrow morning..",SOIL_TEMPERATURE,ALERT,"[""Koara, Himachal Pradesh""]","[""tomorrow morning""]"
show me the nihgt temperaure for roond narena and kauadil,TEMPERATURE_MIN,COMPARE,"[""roond narena"", ""kauadil""]",[]
"Copare the soil heat level around here with Tupenga, Mainpur from 5:16 AM to 9 pm",SOIL_TEMPERATURE,COMPARE,"[""here"", ""Tupenga, Mainpur""]","[""5:16 AM to 9 pm""]"
What is the hours of sunlight tomorrow night in Mighaul?,SUNSHINE,GET,"[""Mighaul""]","[""tomorrow night""]"
"chek dew temperautre chak rangapara, baharampur rn",DEW_POINT,GET,"[""chak rangapara, baharampur""]","[""rn""]"
how is the lowest temperature today in chaura madhya pradesh by 10 pm?,TEMPERATURE_MIN,GET,"[""chaura madhya pradesh""]","[""10 pm""]"
How does the dew in my field compae with Coimbatore from 10 AM to 11 pm?,DEW_POINT,COMPARE,"[""my field"", ""Coimbatore""]","[""10 AM to 11 pm""]"
Tell me the min temp at 7:15 PM asap,TEMPERATURE_MIN,GET,[],"[""7:15 PM""]"
contrast the maximum temperature around my area with lunhera during the sowing week,TEMPERATURE_MAX,COMPARE,"[""my area"", ""lunhera""]","[""sowing week""]"
"Deoghar, Jharkhand v/s Lunhera, Madhya Pradesh soil wetness level",SOIL_MOISTURE,COMPARE,"[""Deoghar, Jharkhand"", ""Lunhera, Madhya Pradesh""]",[]
High temp in Coimbatoe rn,TEMPERATURE_MAX,GET,"[""Coimbatoe""]","[""rn""]"
want alert for where wind is coming from in bhawani khera fatehabad day after tomorrow,WIND_DIRECTION,ALERT,"[""bhawani khera fatehabad""]","[""day after tomorrow""]"
"Put a reminder sun hours in Nangla, Bankura on Saturday",SUNSHINE,ALERT,"[""Nangla, Bankura""]","[""Saturday""]"
warrn me about mitti ki nami in got grya day after tomorrow?!,SOIL_MOISTURE,ALERT,"[""got grya""]","[""day after tomorrow""]"
Warn me aout the soil moisure Assam on Sunday,SOIL_MOISTURE,ALERT,"[""Assam""]","[""Sunday""]"
"Now, alert me about the badal in Kendua",CLOUD_COVER,ALERT,"[""Kendua""]","[""Now""]"
Compaare the cloduy around my area with Bakkeshwar at 7 pm,CLOUD_COVER,COMPARE,"[""my area"", ""Bakkeshwar""]","[""7 pm""]"
Soomar vs Phulwaria soomr,RAIN,COMPARE,"[""Soomar"", ""Phulwaria""]",[]
How is the sunny hours for the next 3 days,SUNSHINE,GET,[],"[""next 3 days""]"
Tel me the wind rate for Gospurnatara Unnao Uttarpradesh around 3:34 am,WIND_SPEED,GET,"[""Gospurnatara Unnao Uttarpradesh""]","[""3:34 am""]"
coopare the moisture in the soil near me with gthani by 9 pm,SOIL_MOISTURE,COMPARE,"[""near me"", ""gthani""]","[""9 pm""]"
the sunny hours in Gerai Ki Guwari higher 8:30 am to 12:30 PM or 12 pm?,SUNSHINE,COMPARE,"[""Gerai Ki Guwari""]","[""8:30 am to 12:30 PM"", ""12 pm""]"
notify me about the solar exposure in nayanagar last week,SUNSHINE,ALERT,"[""nayanagar""]","[""last week""]"
gourdih rain forecsat friday vs day after tomorrow,RAIN,COMPARE,"[""gourdih""]","[""friday"", ""day after tomorrow""]"
"Compre wnd direction in Sitalpur Kakrahta, Hajipur vs Imaliya Swaroop Bhopal by midnight",WIND_DIRECTION,COMPARE,"[""Sitalpur Kakrahta, Hajipur"", ""Imaliya Swaroop Bhopal""]","[""midnight""]"
Outide conditions gap between Jatha Minache Kh. Bhudargad Kolhapur,CURRENT_CONDITIONS,COMPARE,"[""Jatha"", ""Minache Kh. Bhudargad Kolhapur""]",[]
What is it like in Alagdiha on Wednesday..,CURRENT_CONDITIONS,GET,"[""Alagdiha""]","[""Wednesday""]"
is the humidity percent in sura sultanpura panch mahals higehr 9:45 pm or 3:30 pm?,HUMIDITY,COMPARE,"[""sura sultanpura panch mahals""]","[""9:45 pm"", ""3:30 pm""]"
"comapre the light rain in awadah khas, lalganj between 7 pm and 7 am to 9:30 pm",RAIN,COMPARE,"[""awadah khas, lalganj""]","[""7 pm"", ""7 am to 9:30 pm""]"
i want to know the rainafl in pathakpur nxt week,RAIN,GET,"[""pathakpur""]","[""nxt week""]"
Check the maximum temprature Chhapia Khas on Sunday,TEMPERATURE_MAX,GET,"[""Chhapia Khas""]","[""Sunday""]"
"Is the current temp in Chakrehee, Banda, Uttarpradesh diffreent 8:30 am to 12:30 PM and 1 am?",TEMPERATURE,COMPARE,"[""Chakrehee, Banda, Uttarpradesh""]","[""8:30 am to 12:30 PM"", ""1 am""]"
"Sitalpur Kakrahta, Hajipur vs Bareti Kalan soil heat level",SOIL_TEMPERATURE,COMPARE,"[""Sitalpur Kakrahta, Hajipur"", ""Bareti Kalan""]",[]
set an alert extended forecaast today,FORECAST,ALERT,[],"[""today""]"
"Give coldest temperature Badhaiya, Hnaumana day after tomorrow",TEMPERATURE_MIN,GET,"[""Badhaiya, Hnaumana""]","[""day after tomorrow""]"
"tell me when min temp changes bhodua, jaleswar tonight",TEMPERATURE_MIN,ALERT,"[""bhodua, jaleswar""]","[""tonight""]"
"plz What will the forecaste be in Kachnoda, Sagar this weekend",FORECAST,GET,"[""Kachnoda, Sagar""]","[""this weekend""]"
Update me on the maximum by 1 pm..,TEMPERATURE_MAX,GET,[],"[""1 pm""]"
Ping me about the hours of sulight in Lad Bharol this weekend,SUNSHINE,ALERT,"[""Lad Bharol""]","[""this weekend""]"
"will the clothes dry in mankapur, gonda, uttarpradesh next weekend?",SUNSHINE,GET,"[""mankapur, gonda, uttarpradesh""]","[""next weekend""]"
I want to know the soil heat level in Singadevanahalli Karnataka for the next 7 days?,SOIL_TEMPERATURE,GET,"[""Singadevanahalli Karnataka""]","[""next 7 days""]"
"Is the oevrcats in Ganga Param, Bihar different later today and 60 minutes?",CLOUD_COVER,COMPARE,"[""Ganga Param, Bihar""]","[""later today"", ""60 minutes""]"
"which has higher peak temperature, mohamad urf jhinwarheri or bejangiwada at 5 pm?",TEMPERATURE_MAX,COMPARE,"[""mohamad urf jhinwarheri"", ""bejangiwada""]","[""5 pm""]"
"Put the heat levl around here aainst Sewai Kalan, Chatra next month",TEMPERATURE,COMPARE,"[""here"", ""Sewai Kalan, Chatra""]","[""next month""]"
is there any tempreture warning for talimapur rn,TEMPERATURE,ALERT,"[""talimapur""]","[""rn""]"
Tell me the sun durition in my plot now,SUNSHINE,GET,"[""my plot""]","[""now""]"
"Remind me to chck the humidity in Tupeenga, Mainpur on Wednesday",HUMIDITY,ALERT,"[""Tupeenga, Mainpur""]","[""Wednesday""]"
"Tomorrow evening, what the dew temperature?",DEW_POINT,GET,[],"[""Tomorrow evening""]"
contrast rain probabillity here with bejangiwada tmrw,RAIN,COMPARE,"[""here"", ""bejangiwada""]","[""tmrw""]"
"Alrt me if lowast temp changes in Jujuy, Argentina now",TEMPERATURE_MIN,ALERT,"[""Jujuy, Argentina""]","[""now""]"
Update on the lowest temperature in Kattungudi around 11 AM,TEMPERATURE_MIN,GET,"[""Kattungudi""]","[""11 AM""]"
ceck soil moisture in hatale by midnight,SOIL_MOISTURE,GET,"[""hatale""]","[""midnight""]"
is any future weateer advisory issued next weekend bro,FORECAST,ALERT,[],"[""next weekend""]"
Any warnings about wind force in Bejangiwada from 8:30 am to 12:30 PM,WIND_SPEED,ALERT,"[""Bejangiwada""]","[""8:30 am to 12:30 PM""]"
"What will the cloud amount be in Bilarua, Bhatpar Rani, Deoria for the next 3 days?",CLOUD_COVER,GET,"[""Bilarua, Bhatpar Rani, Deoria""]","[""next 3 days""]"
Inform me if soil temprature bad in Nagapattinam at 1:30 am,SOIL_TEMPERATURE,ALERT,"[""Nagapattinam""]","[""1:30 am""]"
Any idea about the ucoming forecast in Hengerajhar last week,FORECAST,GET,"[""Hengerajhar""]","[""last week""]"
wat is weather situatiion in our village tomorow,CURRENT_CONDITIONS,GET,"[""our village""]","[""tomorow""]"
"Put the weather update of Moh Gaon against Bilarua, Bhatpar Rani, Deoria",CURRENT_CONDITIONS,COMPARE,"[""Moh Gaon"", ""Bilarua, Bhatpar Rani, Deoria""]",[]
Flag ground moisture nxt week,SOIL_MOISTURE,ALERT,[],"[""nxt week""]"
Contrast the susnhie at my location with Panasi day after tomorow,SUNSHINE,COMPARE,"[""my location"", ""Panasi""]","[""day after tomorow""]"
want to know mooisture in field bahnga,SOIL_MOISTURE,GET,"[""bahnga""]",[]
Tell me the degree Buradapadu,TEMPERATURE,GET,"[""Buradapadu""]",[]
Compare the max temprture in Bausi between Monday and 10 pm,TEMPERATURE_MAX,COMPARE,"[""Bausi""]","[""Monday"", ""10 pm""]"
Is there any dewpoint temperature warning for Ramanujangar 2day?,DEW_POINT,ALERT,"[""Ramanujangar""]","[""2day""]"
Wat is soil temuerature at 10cm day after tomorow..,SOIL_TEMPERATURE,GET,[],"[""day after tomorow""]"
Ping about the dew point here by 9:45 pm,DEW_POINT,ALERT,"[""here""]","[""9:45 pm""]"
"Noitfy me about the dew level in Saiesar, Uttarpradesh by midnight",DEW_POINT,ALERT,"[""Saiesar, Uttarpradesh""]","[""midnight""]"
Kindly share the earth temperature for Gurudayalpur F.v. right now,SOIL_TEMPERATURE,GET,"[""Gurudayalpur F.v.""]","[""right now""]"
"Raise an alarm if min temperature looks bad in Parbahal, Puruliya next weekend",TEMPERATURE_MIN,ALERT,"[""Parbahal, Puruliya""]","[""next weekend""]"
What's the minimum tempuature on Saturday?,TEMPERATURE_MIN,GET,[],"[""Saturday""]"
How does the dew piont temperature here compare with Uttar Phublari tommorow,DEW_POINT,COMPARE,"[""here"", ""Uttar Phublari""]","[""tommorow""]"
How is the relative humidity in our village today?,HUMIDITY,GET,"[""our village""]","[""today""]"
"How duz the dew point temperature in Habrubari compare with Khabalu F V, Nroth Lakhimpur",DEW_POINT,COMPARE,"[""Habrubari"", ""Khabalu F V, Nroth Lakhimpur""]",[]
"can you tell me the wnd direection in bijaynagar, ajmer?",WIND_DIRECTION,GET,"[""bijaynagar, ajmer""]",[]
Cnotrat the wnd direction in our village with Gokalyawala Jaipur nxt week,WIND_DIRECTION,COMPARE,"[""our village"", ""Gokalyawala Jaipur""]","[""nxt week""]"
How does the cludness in this area compaer with Tamil Nadu tmrw?,CLOUD_COVER,COMPARE,"[""this area"", ""Tamil Nadu""]","[""tmrw""]"
set an alert for currnt conditions aroudn my area on wednesday,CURRENT_CONDITIONS,ALERT,"[""my area""]","[""wednesday""]"
Tel the humaity for Minache Kh. Bhudargad Kolhapur today,HUMIDITY,GET,"[""Minache Kh. Bhudargad Kolhapur""]","[""today""]"
"Max temp in Assaam India and Navapur for the next 3 days, which is betteer?",TEMPERATURE_MAX,COMPARE,"[""Assaam India"", ""Navapur""]","[""next 3 days""]"
Ichhapur vs Chengalpattu Tamil Nadu minimum teemperature this evening,TEMPERATURE_MIN,COMPARE,"[""Ichhapur"", ""Chengalpattu Tamil Nadu""]","[""this evening""]"
Wat is the cluod covr in Kolhapur at 10:30 AM,CLOUD_COVER,GET,"[""Kolhapur""]","[""10:30 AM""]"
Is any solra exposure advisery issued for Sarsand 2day?,SUNSHINE,ALERT,"[""Sarsand""]","[""2day""]"
Contrast the outsdie coditions here with Dabri rn,CURRENT_CONDITIONS,COMPARE,"[""here"", ""Dabri""]","[""rn""]"
any idea about the soil heat in jetpura agar malwa day after tomorow?,SOIL_TEMPERATURE,GET,"[""jetpura agar malwa""]","[""day after tomorow""]"
remidner for dewpoint ruddraprayag tomorrow,DEW_POINT,ALERT,"[""ruddraprayag""]","[""tomorrow""]"
", alert me abot the wind flow direction in Nilaaplli Khordha Odisha..",WIND_DIRECTION,ALERT,"[""Nilaaplli Khordha Odisha""]",[]
Check the maximum temprature in my feidl,TEMPERATURE_MAX,GET,"[""my feidl""]",[]
the soil wetness level on sunday in kholda?,SOIL_MOISTURE,GET,"[""kholda""]","[""sunday""]"
put the weather predictioon near by against bakud,FORECAST,COMPARE,"[""near by"", ""bakud""]",[]
"Is any degree advisory issued for Shior, Bhavnagar tomorow?",TEMPERATURE,ALERT,"[""Shior, Bhavnagar""]","[""tomorow""]"
Alrt me if soil heat leevl chages in Jatha 2day,SOIL_TEMPERATURE,ALERT,"[""Jatha""]","[""2day""]"
"plz Flag the coldest for Bhodua, Jaleswar yesterday",TEMPERATURE_MIN,ALERT,"[""Bhodua, Jaleswar""]","[""yesterday""]"
"around 3:30 pm, alert me aboet the dewpoint temperature in koara, himachal pradesh",DEW_POINT,ALERT,"[""koara, himachal pradesh""]","[""3:30 pm""]"
Could you let me know the field moistture in Kawadipalle bro,SOIL_MOISTURE,GET,"[""Kawadipalle""]",[]
Give me the current weather for Chicago,CURRENT_CONDITIONS,GET,"[""Chicago""]",[]
Need know nighht temperature around 10 pm,TEMPERATURE_MIN,GET,[],"[""10 pm""]"
Whts soil tepmeature at 40cm in Pathakpur,SOIL_TEMPERATURE,GET,"[""Pathakpur""]",[]
ramarajupalem krishna andhra pradesh or got gerya better minimum tepmerature at 1:30 am?,TEMPERATURE_MIN,COMPARE,"[""ramarajupalem krishna andhra pradesh"", ""got gerya""]","[""1:30 am""]"
"How does the rian in Jogidhipa, Sundargarh, Odisha 10 pm compare to right now?",RAIN,COMPARE,"[""Jogidhipa, Sundargarh, Odisha""]","[""10 pm"", ""right now""]"
"put the due point at my location against barwala, gujarat",DEW_POINT,COMPARE,"[""my location"", ""barwala, gujarat""]",[]
"Day after tomorow, comparre the soil temperature in Pura Ruchai Prayagraj Uttarpradesh and Khatauli Rural",SOIL_TEMPERATURE,COMPARE,"[""Pura Ruchai Prayagraj Uttarpradesh"", ""Khatauli Rural""]","[""Day after tomorow""]"
"show me the liuht rain for chak murarpura and powa, campierganj today",RAIN,COMPARE,"[""chak murarpura"", ""powa, campierganj""]","[""today""]"
"urgent Chopara, Uttarakhand ka temp now",TEMPERATURE,GET,"[""Chopara, Uttarakhand""]","[""now""]"
ping me the moisture at 40cm near by,SOIL_MOISTURE,ALERT,"[""near by""]",[]
panyara khera or puraina btter overcast levol on wednesday?,CLOUD_COVER,COMPARE,"[""panyara khera"", ""puraina""]","[""wednesday""]"
Set an aleert for how cold 2day,TEMPERATURE,ALERT,[],"[""2day""]"
How much soil water content in my village today,SOIL_MOISTURE,GET,"[""my village""]","[""today""]"
message me the how hot in bhiadolu,TEMPERATURE,ALERT,"[""bhiadolu""]",[]
"Is there any weather prediction warning for Araji Maphi Soana, Jakhania",FORECAST,ALERT,"[""Araji Maphi Soana, Jakhania""]",[]
Flag the highest temperature tomorrow,TEMPERATURE_MAX,ALERT,[],"[""tomorrow""]"
kindly share the badal for nvasari this evening,CLOUD_COVER,GET,"[""nvasari""]","[""this evening""]"
Contrast bright sunshine aroound here with Sakheda tomorrow night,SUNSHINE,COMPARE,"[""here"", ""Sakheda""]","[""tomorrow night""]"
highest temperature today alert ghagrapar circle 15 minutes,TEMPERATURE_MAX,ALERT,"[""ghagrapar circle""]","[""15 minutes""]"
Compre rain chance in Gundlakarthi vs Bartiar around 11 AM,RAIN,COMPARE,"[""Gundlakarthi"", ""Bartiar""]","[""11 AM""]"
Humidity alert Gumma nxt week,HUMIDITY,ALERT,"[""Gumma""]","[""nxt week""]"
"Compre relative humidity in Jujuy vs Pura, Chandauli, Uttarpradesh at 9:30 am",HUMIDITY,COMPARE,"[""Jujuy"", ""Pura, Chandauli, Uttarpradesh""]","[""9:30 am""]"
keep me posted on the gusts in pub banndar mela day after tomorow,WIND_SPEED,ALERT,"[""pub banndar mela""]","[""day after tomorow""]"
"for r.venkampeta and chatarala both, what is the foreacst next weekend?",FORECAST,COMPARE,"[""r.venkampeta"", ""chatarala""]","[""next weekend""]"
compare the foreccst around here with tendawa sisatipur tonight,FORECAST,COMPARE,"[""here"", ""tendawa sisatipur""]","[""tonight""]"
"Compae rain chacne in Teegalavancha, West Godavari, Andhra Pradesh vs Ichhapur day after tomorrow",RAIN,COMPARE,"[""Teegalavancha, West Godavari, Andhra Pradesh"", ""Ichhapur""]","[""day after tomorrow""]"
Tell me the humdity for Raibeareli by 8:30 AM,HUMIDITY,GET,"[""Raibeareli""]","[""8:30 AM""]"
Whats up with the dew point in Charaam later today?,DEW_POINT,GET,"[""Charaam""]","[""later today""]"
notfy me about the soil temp near by at 7 pm,SOIL_TEMPERATURE,ALERT,"[""near by""]","[""7 pm""]"
asap Notify me if the dew pount rises in Madurai South tomorrow night,DEW_POINT,ALERT,"[""Madurai South""]","[""tomorrow night""]"
Bandarchuan vs Shaala Teng Ghat cloud perceent..,CLOUD_COVER,COMPARE,"[""Bandarchuan"", ""Shaala Teng Ghat""]",[]
compare the conditions rigt now my farm with simra bhata nivari madhya pradesh,CURRENT_CONDITIONS,COMPARE,"[""my farm"", ""simra bhata nivari madhya pradesh""]",[]
"let me know if there is a cloud coovver alert in rudraprayaag, uttarakhand in the next 4 hours",CLOUD_COVER,ALERT,"[""rudraprayaag, uttarakhand""]","[""next 4 hours""]"
"Warrn me about weather report Devapar, Santkabirnagar today",FORECAST,ALERT,"[""Devapar, Santkabirnagar""]","[""today""]"
Compare minimum temperature in Tokyo and Seoul tonight,TEMPERATURE_MIN,COMPARE,"[""Tokyo"", ""Seoul""]","[""tonight""]"
Check dew temeprature from 10 AM to 11 am,DEW_POINT,GET,[],"[""10 AM to 11 am""]"
"Gurrampalli, Chik Ballapur vs Hingangaon wich way the wind blows tomorrow night",WIND_DIRECTION,COMPARE,"[""Gurrampalli, Chik Ballapur"", ""Hingangaon""]","[""tomorrow night""]"
notify me about the highest temp in tabwa by midnight,TEMPERATURE_MAX,ALERT,"[""tabwa""]","[""midnight""]"
Inform me if dew temperature bad in Chak Maricha tomorrow,DEW_POINT,ALERT,"[""Chak Maricha""]","[""tomorrow""]"
Is there any rain forecast warning?,RAIN,ALERT,[],[]
Delhi verses Kalbiel soil moitsuure at 10cm next week,SOIL_MOISTURE,COMPARE,"[""Delhi"", ""Kalbiel""]","[""next week""]"
Notify me about the dew leveel in my vilage later today,DEW_POINT,ALERT,"[""my vilage""]","[""later today""]"
Notify me about the where wind is coming from in my plot this afternoon,WIND_DIRECTION,ALERT,"[""my plot""]","[""this afternoon""]"
Compare the dew point temperature in my village with Sikkim by 10:30 pm,DEW_POINT,COMPARE,"[""my village"", ""Sikkim""]","[""10:30 pm""]"
Wat is soil heat level by 4:30 AM,SOIL_TEMPERATURE,GET,[],"[""4:30 AM""]"
Odisha ka sun hours around 3:34 am,SUNSHINE,GET,"[""Odisha""]","[""3:34 am""]"
How does the vaatavaranam around here comapre with Sayan Madhogarh 2nite?,CURRENT_CONDITIONS,COMPARE,"[""here"", ""Sayan Madhogarh""]","[""2nite""]"
"Jhalon Ki Madar vs Kedur Pur, Alapur gusst",WIND_SPEED,COMPARE,"[""Jhalon Ki Madar"", ""Kedur Pur, Alapur""]",[]
gali bhimavaram vishakhapatnam daily forecast next 6 hours vs 9 am to 11 am,FORECAST,COMPARE,"[""gali bhimavaram vishakhapatnam""]","[""next 6 hours"", ""9 am to 11 am""]"
give me the outsde weatier for temtha karari,CURRENT_CONDITIONS,GET,"[""temtha karari""]",[]
Supa os bidu in the next 12 hours kindly,DEW_POINT,GET,"[""Supa""]","[""next 12 hours""]"
Ping me about the outside conditions day after tomorrow,CURRENT_CONDITIONS,ALERT,[],"[""day after tomorrow""]"
Tel me percipitation around 9:54 AM,RAIN,GET,[],"[""9:54 AM""]"
Is there any how humid warning in my plot at 3 am,HUMIDITY,ALERT,"[""my plot""]","[""3 am""]"
Contrat the strm at my location with Kasoli day after tomorrow,RAIN,COMPARE,"[""my location"", ""Kasoli""]","[""day after tomorrow""]"
Wat is wind flow direction next month?,WIND_DIRECTION,GET,[],"[""next month""]"
alrt me if clouds changes in kotputli from 7 am to 9:30 pm,CLOUD_COVER,ALERT,"[""kotputli""]","[""7 am to 9:30 pm""]"
Send me an alert if the cloud covr is ueusual in Tadwai,CLOUD_COVER,ALERT,"[""Tadwai""]",[]
Contrast the dewpoint in Baglaan between next week and 7 pm,DEW_POINT,COMPARE,"[""Baglaan""]","[""next week"", ""7 pm""]"
How does the air temperature in my feild compare with Bangaliyou Pauri Garhwal next week,TEMPERATURE,COMPARE,"[""my feild"", ""Bangaliyou Pauri Garhwal""]","[""next week""]"
how much cloudniess tomorrow?,CLOUD_COVER,GET,[],"[""tomorrow""]"
Check the how cold for both Sadullahpur and Khamawada Khanpur Jhalawar Rajasthan arround 9 am,TEMPERATURE,COMPARE,"[""Sadullahpur"", ""Khamawada Khanpur Jhalawar Rajasthan""]","[""9 am""]"
Is the light rain in Kattanugdi higher 30 minutes or 3:05 pm?,RAIN,COMPARE,"[""Kattanugdi""]","[""30 minutes"", ""3:05 pm""]"
pls tell me the precipitaioon in tuljapur now,RAIN,GET,"[""tuljapur""]","[""now""]"
"Coould you let me know the sunshine in Delhi, India?",SUNSHINE,GET,"[""Delhi, India""]",[]
"Can i sow in Naysatra, Bongaigaon last week?",SOIL_TEMPERATURE,GET,"[""Naysatra, Bongaigaon""]","[""last week""]"
Air moisture deails for Bhundimuhan,HUMIDITY,GET,"[""Bhundimuhan""]",[]
Soil tempreature 10cm in Vyas Kheri: Wednesday or 11:30 AM,SOIL_TEMPERATURE,COMPARE,"[""Vyas Kheri""]","[""Wednesday"", ""11:30 AM""]"
Tel me how humdi in my felid nxt week,HUMIDITY,GET,"[""my felid""]","[""nxt week""]"
Put the probability of rain in my fied against Maqsudpur tomorrow evening,RAIN,COMPARE,"[""my fied"", ""Maqsudpur""]","[""tomorrow evening""]"
Need to know drizle,RAIN,GET,[],[]
I need the solar radiation reading for Deopada by 2 am,SUNSHINE,GET,"[""Deopada""]","[""2 am""]"
"By midnight, copmare the chance of rain in Papri and Jamui",RAIN,COMPARE,"[""Papri"", ""Jamui""]","[""midnight""]"
Compare the what temperature in Gndhinagar between 10:30 AM and tomorow,TEMPERATURE,COMPARE,"[""Gndhinagar""]","[""10:30 AM"", ""tomorow""]"
Calkusha wind buows from 1:09 AM vs 4:30 AM,WIND_DIRECTION,COMPARE,"[""Calkusha""]","[""1:09 AM"", ""4:30 AM""]"
Compre soil temperature at 40cm in Alinjikuppam vs Tadwai tomorrow evening,SOIL_TEMPERATURE,COMPARE,"[""Alinjikuppam"", ""Tadwai""]","[""tomorrow evening""]"
"Can you tell me the which way the wind blos in Taray Lachhiram, Kushinagar, Uttarpradesh next weekend",WIND_DIRECTION,GET,"[""Taray Lachhiram, Kushinagar, Uttarpradesh""]","[""next weekend""]"
Set an alert for wind stregth next weekend,WIND_SPEED,ALERT,[],"[""next weekend""]"
Send alert earth temperature in Firozpur at 9:30 pm,SOIL_TEMPERATURE,ALERT,"[""Firozpur""]","[""9:30 pm""]"
"Check the bdaaal for both Baba Hardo and Sinhga, Sabar Kantha on Wednesday",CLOUD_COVER,COMPARE,"[""Baba Hardo"", ""Sinhga, Sabar Kantha""]","[""Wednesday""]"
How does the soil temperature at 10cm near by compre with Maurabandhi East Singhbhum in 82 minutes?,SOIL_TEMPERATURE,COMPARE,"[""near by"", ""Maurabandhi East Singhbhum""]","[""82 minutes""]"
send me an alert if the ground temperature is unusual in adaanbeda today,SOIL_TEMPERATURE,ALERT,"[""adaanbeda""]","[""today""]"
Wather update in Maqsudpur at 3 am,CURRENT_CONDITIONS,GET,"[""Maqsudpur""]","[""3 am""]"
", copmare the loewst temp in Nagapatitnam, Tamil Nadu and Sorahiya, Nanpara, Bahraich",TEMPERATURE_MIN,COMPARE,"[""Nagapatitnam, Tamil Nadu"", ""Sorahiya, Nanpara, Bahraich""]",[]
Ping me about the forecast in Bhundmuhan,FORECAST,ALERT,"[""Bhundmuhan""]",[]
"plz How does the sunshine in Moltha compare with Sugur, Tiptur, Tumakuru, Karnataka at 2 PM",SUNSHINE,COMPARE,"[""Moltha"", ""Sugur, Tiptur, Tumakuru, Karnataka""]","[""2 PM""]"
updte me on the clouds in sukhwasi rn,CLOUD_COVER,GET,"[""sukhwasi""]","[""rn""]"
How does the sunliht in Minache Kh. compare with Angara Kalan?,SUNSHINE,COMPARE,"[""Minache Kh."", ""Angara Kalan""]",[]
"Do you have the light rain data for Adaneda, Keshkal at 10:30 AM?",RAIN,GET,"[""Adaneda, Keshkal""]","[""10:30 AM""]"
"Bedchit, Vyaa gusts 8:30 am to 12:30 PM vs this week?",WIND_SPEED,COMPARE,"[""Bedchit, Vyaa""]","[""8:30 am to 12:30 PM"", ""this week""]"
"Indloor vs Badarikilo, Puri nighttime low tmrw",TEMPERATURE_MIN,COMPARE,"[""Indloor"", ""Badarikilo, Puri""]","[""tmrw""]"
Kindly share the sunshien for Khamawada Khanpur Jhalawar Rajesthan at 3 am,SUNSHINE,GET,"[""Khamawada Khanpur Jhalawar Rajesthan""]","[""3 am""]"
"Compare Bijaynagar, Ajmer and Nagaland, India eirth temperature",SOIL_TEMPERATURE,COMPARE,"[""Bijaynagar, Ajmer"", ""Nagaland, India""]",[]
need sunny hours for kakaimhoan on sunday,SUNSHINE,GET,"[""kakaimhoan""]","[""sunday""]"
Is there a severe weather forecast for Juda Jtaan by 4:45 AM?,FORECAST,ALERT,"[""Juda Jtaan""]","[""4:45 AM""]"
"quickly For Niyamoopur and Mankapur, Gonda, Uttarpradesh both, what is the curretn conditions tmrw",CURRENT_CONDITIONS,COMPARE,"[""Niyamoopur"", ""Mankapur, Gonda, Uttarpradesh""]","[""tmrw""]"
kindly set an alert for dewpoit on tuesday,DEW_POINT,ALERT,[],"[""tuesday""]"
Flag the humdity for Kalyan now,HUMIDITY,ALERT,"[""Kalyan""]","[""now""]"
Tell diffrence hoteest Buruni Titwa on Friday,TEMPERATURE_MAX,COMPARE,"[""Buruni"", ""Titwa""]","[""Friday""]"
"Give me the rain amonut for Jhuratarai, Dhamtari, Chhatisgarh",RAIN,GET,"[""Jhuratarai, Dhamtari, Chhatisgarh""]",[]
Is any overcast warning for Babhanaul right now?,CLOUD_COVER,ALERT,"[""Babhanaul""]","[""right now""]"
"wich has more dewpount pathar, wardha or ganguwa, sagr, madhya pradesh this week",DEW_POINT,COMPARE,"[""pathar, wardha"", ""ganguwa, sagr, madhya pradesh""]","[""this week""]"
Put the storm here againt Dumurdiha East Siaghbhum on Tuesday,RAIN,COMPARE,"[""here"", ""Dumurdiha East Siaghbhum""]","[""Tuesday""]"
Compare the field moisture at my place with Thamalapura Ballari aroud 10:45 PM,SOIL_MOISTURE,COMPARE,"[""my place"", ""Thamalapura Ballari""]","[""10:45 PM""]"
conorast the max temp neary with gourdih tomorrow night,TEMPERATURE_MAX,COMPARE,"[""neary"", ""gourdih""]","[""tomorrow night""]"
Notify me the rainfall in Perur,RAIN,ALERT,"[""Perur""]",[]
Is the highest temperature todday in Panasi Rewa Madhay Pradesh higher midnight or 1 am?,TEMPERATURE_MAX,COMPARE,"[""Panasi Rewa Madhay Pradesh""]","[""midnight"", ""1 am""]"
Tell me when direction wind chnges Baleshwar Sadar during the sowing week,WIND_DIRECTION,ALERT,"[""Baleshwar Sadar""]","[""sowing week""]"
kindly shaare the wether for jharkhand this evening,CURRENT_CONDITIONS,GET,"[""jharkhand""]","[""this evening""]"
"What will the how humiid be in Mahalmirya Dongar, Pen this weekend?",HUMIDITY,GET,"[""Mahalmirya Dongar, Pen""]","[""this weekend""]"
Tell me the wind speed forecast for Kotpad Koraput Oddisha,WIND_SPEED,GET,"[""Kotpad Koraput Oddisha""]",[]
sahajpuri raisen madhya pradesh vs gowdanahalli tumakuru karnataka will it rain this evening,RAIN,COMPARE,"[""sahajpuri raisen madhya pradesh"", ""gowdanahalli tumakuru karnataka""]","[""this evening""]"
compare what temperatuie laro jammu and kashmir kmarkuchi next month,TEMPERATURE,COMPARE,"[""laro jammu and kashmir"", ""kmarkuchi""]","[""next month""]"
"compe dew in konardihi, paschim barddhaman vs got gerya kharagpur 2nite",DEW_POINT,COMPARE,"[""konardihi, paschim barddhaman"", ""got gerya kharagpur""]","[""2nite""]"
is any cloud covr advisory issued for tiruvengadam for the next 7 days pls,CLOUD_COVER,ALERT,"[""tiruvengadam""]","[""next 7 days""]"
"On Friday, alert me about the direction wind in Tuljaupr",WIND_DIRECTION,ALERT,"[""Tuljaupr""]","[""Friday""]"
want to know wind strength kalibel,WIND_SPEED,GET,"[""kalibel""]",[]
Is there any heat levle warning at my placce for the next 3 days,TEMPERATURE,ALERT,"[""my placce""]","[""next 3 days""]"
weather update near by next weekend pls,CURRENT_CONDITIONS,GET,"[""near by""]","[""next weekend""]"
can you tell me the cluod percent in gommu koygaudem by midnight?,CLOUD_COVER,GET,"[""gommu koygaudem""]","[""midnight""]"
Is there any wind heading warning near me at 9:30 pm?,WIND_DIRECTION,ALERT,"[""near me""]","[""9:30 pm""]"
"Infform me if slar exposure bad in Bahuara, Buxar early morning",SUNSHINE,ALERT,"[""Bahuara, Buxar""]","[""early morning""]"
"Contrast the wnd sped at my place with Coimbatore, Tamil Nadu on Sunday",WIND_SPEED,COMPARE,"[""my place"", ""Coimbatore, Tamil Nadu""]","[""Sunday""]"
Whats up with the soil temperature at 10cm in Bhodua tomorrow morning,SOIL_TEMPERATURE,GET,"[""Bhodua""]","[""tomorrow morning""]"
check the night low for both alasna. and koara for the next 3 days,TEMPERATURE_MIN,COMPARE,"[""alasna."", ""koara""]","[""next 3 days""]"
Could you check the how hot here by 1 am?,TEMPERATURE,GET,"[""here""]","[""1 am""]"
Flag the hottest tmeperature for Sahpur,TEMPERATURE_MAX,ALERT,"[""Sahpur""]",[]
Wahts up with solar exposure in Navapur tomorrow morning?,SUNSHINE,GET,"[""Navapur""]","[""tomorrow morning""]"
could you check the daytime temperature near me?,TEMPERATURE_MAX,GET,"[""near me""]",[]
Sunshien detils during the sowing week,SUNSHINE,GET,[],"[""sowing week""]"
compare the conditions right now around here with san pedro,CURRENT_CONDITIONS,COMPARE,"[""here"", ""san pedro""]",[]
Put the hawa ki dishha in this area againt Chick-angrolli day after tomorrow,WIND_DIRECTION,COMPARE,"[""this area"", ""Chick-angrolli""]","[""day after tomorrow""]"
put the air moisture around my area agaisnt barooun tomorrow,HUMIDITY,COMPARE,"[""my area"", ""barooun""]","[""tomorrow""]"
highest temperature pana on tuesday pls sir,TEMPERATURE_MAX,GET,"[""pana""]","[""tuesday""]"
Turkey verses Jukhia degrees tomorrow morning,TEMPERATURE,COMPARE,"[""Turkey"", ""Jukhia""]","[""tomorrow morning""]"
"cuontrast the hours of sun in chawa, sherghati with khubpura on saturday",SUNSHINE,COMPARE,"[""chawa, sherghati"", ""khubpura""]","[""saturday""]"
"Hastnapur vs Khalina, Jaleswar temperautre of soil??",SOIL_TEMPERATURE,COMPARE,"[""Hastnapur"", ""Khalina, Jaleswar""]",[]
difference in climate right now between hingangaon and bramhapuri?!,CURRENT_CONDITIONS,COMPARE,"[""hingangaon"", ""bramhapuri""]",[]
Udpote me on the minimum in Parkha Mahura this evening,TEMPERATURE_MIN,GET,"[""Parkha Mahura""]","[""this evening""]"
"kulattur verses ganderri, dungarpur strong wind",WIND_SPEED,COMPARE,"[""kulattur"", ""ganderri, dungarpur""]",[]
Set an alert for pediction in Juda Jatan around 9:54 AM,FORECAST,ALERT,"[""Juda Jatan""]","[""9:54 AM""]"
is any how hot advisory issued rn?,TEMPERATURE,ALERT,[],"[""rn""]"
Air misture Beoadangi vs Edabara rn,HUMIDITY,COMPARE,"[""Beoadangi"", ""Edabara""]","[""rn""]"
Flag the taappmaan for Bhitaha Gopalpur Belthara Road tommorow,TEMPERATURE,ALERT,"[""Bhitaha Gopalpur Belthara Road""]","[""tommorow""]"
"Put a reminder for wind flow direction in River, Chabua Circle on Saturday",WIND_DIRECTION,ALERT,"[""River, Chabua Circle""]","[""Saturday""]"
Ground temperature details for the next 3 days,SOIL_TEMPERATURE,GET,[],"[""next 3 days""]"
Put the is it ging to rain in my feild aganst Charadih Erki early morning,RAIN,COMPARE,"[""my feild"", ""Charadih Erki""]","[""early morning""]"
Set an alert for wind directno in Pura Ruchai Prayagraj Uttarpradesh?,WIND_DIRECTION,ALERT,"[""Pura Ruchai Prayagraj Uttarpradesh""]",[]
Dew piont tempperature Paraspatti Majhwar vs Bhaluk Mari Gaon early morning,DEW_POINT,COMPARE,"[""Paraspatti Majhwar"", ""Bhaluk Mari Gaon""]","[""early morning""]"
"Tel me the soil temperature at 40cm for Konardihi, Paschim Barddhaman by 1 am",SOIL_TEMPERATURE,GET,"[""Konardihi, Paschim Barddhaman""]","[""1 am""]"
"in dharampur, hardoi, what is the how humid on tuesday?",HUMIDITY,GET,"[""dharampur, hardoi""]","[""tuesday""]"
"Which is bettter rain forecast, Barwala, Gujarat or Bentalpur?",RAIN,COMPARE,"[""Barwala, Gujarat"", ""Bentalpur""]",[]
difierence in lowest temperature tdoay between kubai kata gaon and bhorwaih by 2 am,TEMPERATURE_MIN,COMPARE,"[""kubai kata gaon"", ""bhorwaih""]","[""2 am""]"
"last week, what is the weather ahead?",FORECAST,GET,[],"[""last week""]"
How does the soil heat level at my location compare with Jharkhand by 12 pm asap,SOIL_TEMPERATURE,COMPARE,"[""my location"", ""Jharkhand""]","[""12 pm""]"
compare the os bindu between kurod odisha and danout now,DEW_POINT,COMPARE,"[""kurod odisha"", ""danout""]","[""now""]"
flag the sun by 1 pm,SUNSHINE,ALERT,[],"[""1 pm""]"
any weather prediction advisory issued next week?,FORECAST,ALERT,[],"[""next week""]"
What is the soil moisturre at 40 m tomorrow in Kundra plz,SOIL_MOISTURE,GET,"[""Kundra""]","[""tomorrow""]"
"Colorado, United States vs Suratraidi Alias Lakragora depint",DEW_POINT,COMPARE,"[""Colorado, United States"", ""Suratraidi Alias Lakragora""]",[]
update me on the dew point in this area in 90 minutes,DEW_POINT,GET,"[""this area""]","[""90 minutes""]"
"Diffrence in rain betwen Joharapur and Gahlian, Hamirpur at 11:30 AM",RAIN,COMPARE,"[""Joharapur"", ""Gahlian, Hamirpur""]","[""11:30 AM""]"
set an alert for min temperature later today,TEMPERATURE_MIN,ALERT,[],"[""later today""]"
saikheda or nowgong better foreast for the next 7 days?,FORECAST,COMPARE,"[""saikheda"", ""nowgong""]","[""next 7 days""]"
Put a reminder for rain forecast in Hetavane Raygaad from 1 AM to 8 AM,RAIN,ALERT,"[""Hetavane Raygaad""]","[""1 AM to 8 AM""]"
Contrast the lowest temperature today around my area with Mizoram rn,TEMPERATURE_MIN,COMPARE,"[""my area"", ""Mizoram""]","[""rn""]"
Wat is due point near me next weekend,DEW_POINT,GET,"[""near me""]","[""next weekend""]"
Difference in sunlight hours bettween Leslgunj and Simra Bhata Nivari Madhya Pradesh during the sowing week,SUNSHINE,COMPARE,"[""Leslgunj"", ""Simra Bhata Nivari Madhya Pradesh""]","[""sowing week""]"
Notify me about the forecaste around my area by 12 pm,FORECAST,ALERT,"[""my area""]","[""12 pm""]"
"infom me if max temp bad in bijaynagar, ajmer",TEMPERATURE_MAX,ALERT,"[""bijaynagar, ajmer""]",[]
lioht rain for the next 7 days pls,RAIN,GET,[],"[""next 7 days""]"
"Day after tomorow, alert me about the lowest temperature teday in Budhel, Gujarat bro",TEMPERATURE_MIN,ALERT,"[""Budhel, Gujarat""]","[""Day after tomorow""]"
"Contrast the how is the weather in Bedarshirgur, Uttara Kannada beween next week and 8:45 AM",CURRENT_CONDITIONS,COMPARE,"[""Bedarshirgur, Uttara Kannada""]","[""next week"", ""8:45 AM""]"
"Tel me the clooudness for Fatehabad, Haryana 49 minutes",CLOUD_COVER,GET,"[""Fatehabad, Haryana""]","[""49 minutes""]"
"send me an alert if the soil temprature is unusual in khabalu f v, north lakhimpur this weekend",SOIL_TEMPERATURE,ALERT,"[""khabalu f v, north lakhimpur""]","[""this weekend""]"
Put the how hot here againt Bakkshwar this week,TEMPERATURE,COMPARE,"[""here"", ""Bakkshwar""]","[""this week""]"
"Bartiar or Hisale, Dhulle better sun duraton tomorrow evening?!",SUNSHINE,COMPARE,"[""Bartiar"", ""Hisale, Dhulle""]","[""tomorrow evening""]"
bro Warn me about the daily forecast this evening,FORECAST,ALERT,[],"[""this evening""]"
Inform me if soil moistrue at 10cm bad in Paaschim Ramchandrapur by 2 am,SOIL_MOISTURE,ALERT,"[""Paaschim Ramchandrapur""]","[""2 am""]"
Is the solar radition in Jhurataria hiigher next 7 days or 2day?,SUNSHINE,COMPARE,"[""Jhurataria""]","[""next 7 days"", ""2day""]"
Mangalvedhe Solapur Mahaarshtra ka light rain day after tomorrow,RAIN,GET,"[""Mangalvedhe Solapur Mahaarshtra""]","[""day after tomorrow""]"
Give wind blowws from Shajpuri tomorrow evening,WIND_DIRECTION,GET,"[""Shajpuri""]","[""tomorrow evening""]"
Flag the sunlght for Minache Kh. today,SUNSHINE,ALERT,"[""Minache Kh.""]","[""today""]"
"Warn me abouut the tempature in Duldula, Chhatisgarh by 4:50 PM",TEMPERATURE,ALERT,"[""Duldula, Chhatisgarh""]","[""4:50 PM""]"
"Inforrm if humidity percentage bad in Akhara, Pauri Garhwal tomorow",HUMIDITY,ALERT,"[""Akhara, Pauri Garhwal""]","[""tomorow""]"
warn me about the moisture in the air 2nite,HUMIDITY,ALERT,[],"[""2nite""]"
How does the wnd speed in Ganguwa 12:30 PM compare to 3 pm?,WIND_SPEED,COMPARE,"[""Ganguwa""]","[""12:30 PM"", ""3 pm""]"
Notify me about the where wind is coming from day after tomorrow,WIND_DIRECTION,ALERT,[],"[""day after tomorrow""]"
Weatheer prediciton in Par Shibpur next week??,FORECAST,GET,"[""Par Shibpur""]","[""next week""]"
Ping me about the wind intennsity in Veenavanka for the next 7 days,WIND_SPEED,ALERT,"[""Veenavanka""]","[""next 7 days""]"
Comparre the air moisture in Babhulkheda between 6:15 am and 7:20 am,HUMIDITY,COMPARE,"[""Babhulkheda""]","[""6:15 am"", ""7:20 am""]"
"Pls tell me the wind heading in Ghupti -, Kalahandi, Odisha 2day",WIND_DIRECTION,GET,"[""Ghupti -, Kalahandi, Odisha""]","[""2day""]"
check cloud cover pecrentage bilaaua last week,CLOUD_COVER,GET,"[""bilaaua""]","[""last week""]"
Sky condition near me on Tuesday,CLOUD_COVER,GET,"[""near me""]","[""Tuesday""]"
"In Iran, what the hottest temperaturre yesterday?",TEMPERATURE_MAX,GET,"[""Iran""]","[""yesterday""]"
tamil nadu or dwitikrishnapur better long range foecast?,FORECAST,COMPARE,"[""tamil nadu"", ""dwitikrishnapur""]",[]
miosture in the air right now pls,HUMIDITY,GET,[],"[""right now""]"
Tell diffrence earth temperatere Mahuva Mahuwan,SOIL_TEMPERATURE,COMPARE,"[""Mahuva"", ""Mahuwan""]",[]
What is the predictinos in Iowa,FORECAST,GET,"[""Iowa""]",[]
set alert for soil heat level in awadah khas 2day,SOIL_TEMPERATURE,ALERT,"[""awadah khas""]","[""2day""]"
Put the extended forecsat around my area against Kamdiha on Tuesday,FORECAST,COMPARE,"[""my area"", ""Kamdiha""]","[""Tuesday""]"
contrast the lowest temp in kopaganj between rn and next week,TEMPERATURE_MIN,COMPARE,"[""kopaganj""]","[""rn"", ""next week""]"
Tell me the whure wind coming from for Baroun at 10:06 am,WIND_DIRECTION,GET,"[""Baroun""]","[""10:06 am""]"
Set an alert for rain amount in Majurnach during the sowing week,RAIN,ALERT,"[""Majurnach""]","[""sowing week""]"
"How much earth temperauure in Bakkeshwar, West Bengal tomorrow night?",SOIL_TEMPERATURE,GET,"[""Bakkeshwar, West Bengal""]","[""tomorrow night""]"
"need cloduness for chopara, uttarakhand at 11:30 am",CLOUD_COVER,GET,"[""chopara, uttarakhand""]","[""11:30 am""]"
what's the soil moisure nxt week?,SOIL_MOISTURE,GET,[],"[""nxt week""]"
"Inform me if coldest temperature bad in Maharaja, Jagdishpur",TEMPERATURE_MIN,ALERT,"[""Maharaja, Jagdishpur""]",[]
"Ping about the wind flow dierction in Gothani, Bikramganj, Rohtas next month",WIND_DIRECTION,ALERT,"[""Gothani, Bikramganj, Rohtas""]","[""next month""]"
Warrn me about predcition in Kathgariya nxt week,FORECAST,ALERT,"[""Kathgariya""]","[""nxt week""]"
Remiid me to check the weather status in Purnapur by 4 am?,CURRENT_CONDITIONS,ALERT,"[""Purnapur""]","[""4 am""]"
"plz alert how is the water odha, minpur",CURRENT_CONDITIONS,ALERT,"[""odha, minpur""]",[]
"What's the suny in Sundarpur, Dhaulpur, Rajasthan?",SUNSHINE,GET,"[""Sundarpur, Dhaulpur, Rajasthan""]",[]
keep me posted on the humidity percentage in bbhulkheda this week,HUMIDITY,ALERT,"[""bbhulkheda""]","[""this week""]"
"Hours of sun in Singapore and East Khasi Hills today, whiah is bettre?",SUNSHINE,COMPARE,"[""Singapore"", ""East Khasi Hills""]","[""today""]"
Send aletr day high Gulalali from 7 pm to 9:30 PM,TEMPERATURE_MAX,ALERT,"[""Gulalali""]","[""7 pm to 9:30 PM""]"
Warn me about the soil wetness in Magua by midnight,SOIL_MOISTURE,ALERT,"[""Magua""]","[""midnight""]"
Oatlook alert Khalina tomorrow morning,FORECAST,ALERT,"[""Khalina""]","[""tomorrow morning""]"
Compare rain chance in Naran Khera vs Katral for the next 7 days,RAIN,COMPARE,"[""Naran Khera"", ""Katral""]","[""next 7 days""]"
"Compair the soil moisture at 10 m between Dadari, Jaunpur and Jogidhipa, Sundargarh, Odisha tmrw sir",SOIL_MOISTURE,COMPARE,"[""Dadari, Jaunpur"", ""Jogidhipa, Sundargarh, Odisha""]","[""tmrw""]"
Is there any dewpoint warning nxt week sir,DEW_POINT,ALERT,[],"[""nxt week""]"
What will weather prediction be in Minache Kh. Bhudargad Kolhapur next week?,FORECAST,GET,"[""Minache Kh. Bhudargad Kolhapur""]","[""next week""]"
Whts dewpoint temperature in Blsauna 2day,DEW_POINT,GET,"[""Blsauna""]","[""2day""]"
"check the taapmaan in lasoodlya pata, narsinghgarh pls",TEMPERATURE,GET,"[""lasoodlya pata, narsinghgarh""]",[]
Will it be sunny this afternoon in Paris?,SUNSHINE,GET,"[""Paris""]","[""this afternoon""]"
bro What will the wind srtingth be in Kalina last week,WIND_SPEED,GET,"[""Kalina""]","[""last week""]"
Tell me when durection wind changes Ranhot yesterday,WIND_DIRECTION,ALERT,"[""Ranhot""]","[""yesterday""]"
put the diretcion wind in my feild against gangada buzurg on wednesday,WIND_DIRECTION,COMPARE,"[""my feild"", ""gangada buzurg""]","[""wednesday""]"
"Regarding Anteshwar, what is the colud coverage by 3:45 AM?",CLOUD_COVER,GET,"[""Anteshwar""]","[""3:45 AM""]"
Put the dew temperature near by against Ghatchora by 4:50 PM,DEW_POINT,COMPARE,"[""near by"", ""Ghatchora""]","[""4:50 PM""]"
msesage me the humidity level in parrasigaria by 11 am,HUMIDITY,ALERT,"[""parrasigaria""]","[""11 am""]"
Show me the weather now for Achharaund Uttarprdesh and Phulwaria,CURRENT_CONDITIONS,COMPARE,"[""Achharaund Uttarprdesh"", ""Phulwaria""]",[]
Notify me about the wind bearing nxt week,WIND_DIRECTION,ALERT,[],"[""nxt week""]"
Check the vaatavaraanam in Saramli this weekend,CURRENT_CONDITIONS,GET,"[""Saramli""]","[""this weekend""]"
whts sunny in mogaliipuram around 10:45 pm,SUNSHINE,GET,"[""mogaliipuram""]","[""10:45 pm""]"
Do i need an umbrella in Nekkundhi around 11 AM?,RAIN,GET,"[""Nekkundhi""]","[""11 AM""]"
Flag the overcast level at my location next weekend,CLOUD_COVER,ALERT,"[""my location""]","[""next weekend""]"
Danout ka tempreture this afternoon,TEMPERATURE,GET,"[""Danout""]","[""this afternoon""]"
is any relative moisture advisory issued for annanthapur by 3:45 am?,HUMIDITY,ALERT,"[""annanthapur""]","[""3:45 am""]"
"Compare the cloud percentage in my plot with Kampaniguma, Khariar now",CLOUD_COVER,COMPARE,"[""my plot"", ""Kampaniguma, Khariar""]","[""now""]"
"Yesterday, what is the how hmuid in Rasunchak?",HUMIDITY,GET,"[""Rasunchak""]","[""Yesterday""]"
Is the soil moisture 40cm in Khani Upperi Kangra highre 7:20 am or 49 minutes?,SOIL_MOISTURE,COMPARE,"[""Khani Upperi Kangra""]","[""7:20 am"", ""49 minutes""]"
Ping me about the dewpoint temperature in my field,DEW_POINT,ALERT,"[""my field""]",[]
asap Warn me if rainfall crosss 50 mm in Kothor Tiruppattur later today,RAIN,ALERT,"[""Kothor Tiruppattur""]","[""later today""]"
Put the nami Sembianallur agaaiinst Comoros,HUMIDITY,COMPARE,"[""Sembianallur"", ""Comoros""]",[]
"Plz alert clloud percentage Khatauli Rural, Muzaffarnagar for the next 3 days",CLOUD_COVER,ALERT,"[""Khatauli Rural, Muzaffarnagar""]","[""next 3 days""]"
"Update me on the temperoture now in Khamani, Jallgaon",TEMPERATURE,GET,"[""Khamani, Jallgaon""]",[]
compare is it ging to rain tamil nadu charbbhata tomorrow night,RAIN,COMPARE,"[""tamil nadu"", ""charbbhata""]","[""tomorrow night""]"
wat vaatavaranam on sunday,CURRENT_CONDITIONS,GET,[],"[""sunday""]"
"Beeween Parbhani and Chak Rangapara, Baharampur, whre is the wind bearing stronger later today",WIND_DIRECTION,COMPARE,"[""Parbhani"", ""Chak Rangapara, Baharampur""]","[""later today""]"
Commpae cold Morocco vs Afzalpur this evening,TEMPERATURE,COMPARE,"[""Morocco"", ""Afzalpur""]","[""this evening""]"
"inuorm me if dew bad in barwala, gujarat in 82 minutes",DEW_POINT,ALERT,"[""barwala, gujarat""]","[""82 minutes""]"
"Difference in rain betwene Pogalur, Vellore and Malhawani Shivpuri Madhya Pradesh day after tomorow",RAIN,COMPARE,"[""Pogalur, Vellore"", ""Malhawani Shivpuri Madhya Pradesh""]","[""day after tomorow""]"
show me the daytime high kungyai,TEMPERATURE_MAX,GET,"[""kungyai""]",[]
Want to know dew point temp Kare Rammpur day after tomorow,DEW_POINT,GET,"[""Kare Rammpur""]","[""day after tomorow""]"
give wind flow direction jaamica this afternoon,WIND_DIRECTION,GET,"[""jaamica""]","[""this afternoon""]"
alaggdiha overoigth temperature?,TEMPERATURE_MIN,GET,"[""alaggdiha""]",[]
Quick soil temprature cehck for Deopada yesterday,SOIL_TEMPERATURE,GET,"[""Deopada""]","[""yesterday""]"
"message me the sun in ghwiari, maharashtra on tuesday",SUNSHINE,ALERT,"[""ghwiari, maharashtra""]","[""tuesday""]"
"For Gommu Koyagudem and Fatehabad both, what is the wind diretcon today?",WIND_DIRECTION,COMPARE,"[""Gommu Koyagudem"", ""Fatehabad""]","[""today""]"
Dew point temperature near by pls,DEW_POINT,GET,"[""near by""]",[]
taiwan ka lwest temp tomorrow,TEMPERATURE_MIN,GET,"[""taiwan""]","[""tomorrow""]"
Ping me about the dohop in my feild this evening,SUNSHINE,ALERT,"[""my feild""]","[""this evening""]"
how does the weekly weather aound here compare with jamui by 2 am?,FORECAST,COMPARE,"[""here"", ""jamui""]","[""2 am""]"
solar exposure bnodpur from 1 am to 8 am,SUNSHINE,GET,"[""bnodpur""]","[""1 am to 8 am""]"
How is the rain aount in Dhand from 1:30 AM to 4 pm?,RAIN,GET,"[""Dhand""]","[""1:30 AM to 4 pm""]"
What is the minimum temperature in Vizag tonight?,TEMPERATURE_MIN,GET,"[""Vizag""]","[""tonight""]"
Show me the 7 day weather forecast for San Francisco,FORECAST,GET,"[""San Francisco""]","[""7 day""]"
How much relative moisture near by by 10:30 pm?,HUMIDITY,GET,"[""near by""]","[""10:30 pm""]"
Warn me about the soil heat level in my farm last week,SOIL_TEMPERATURE,ALERT,"[""my farm""]","[""last week""]"
By 4:30 AM os bindu fiugres near me,DEW_POINT,GET,"[""near me""]","[""4:30 AM""]"
comapre sewai kalan and dayara timbi soil moisure,SOIL_MOISTURE,COMPARE,"[""sewai kalan"", ""dayara timbi""]",[]
Warn me about the soil tempreture in Inglish Timapur,SOIL_TEMPERATURE,ALERT,"[""Inglish Timapur""]",[]
"For Parbahal, Puruliya Kundra both, what is the humdity at 9:30 am?",HUMIDITY,COMPARE,"[""Parbahal, Puruliya"", ""Kundra""]","[""9:30 am""]"
Quick soil water check for Nilapalli Khordha Odisha this afternoon,SOIL_MOISTURE,GET,"[""Nilapalli Khordha Odisha""]","[""this afternoon""]"
"tholuvur vs bhijapara, dhubri sunlgiht",SUNSHINE,COMPARE,"[""tholuvur"", ""bhijapara, dhubri""]",[]
Sun in my village pls,SUNSHINE,GET,"[""my village""]",[]
I want know the overnight tempearture in Beradangi now,TEMPERATURE_MIN,GET,"[""Beradangi""]","[""now""]"
Flag the long range forecast in my villlage at 10:06 am,FORECAST,ALERT,"[""my villlage""]","[""10:06 am""]"
"What's the gust speed in Jharkhand, India right now?",WIND_SPEED,GET,"[""Jharkhand, India""]","[""right now""]"
Hastnapur verss Thailand minimum around 9 am urgent,TEMPERATURE_MIN,COMPARE,"[""Hastnapur"", ""Thailand""]","[""9 am""]"
this afternoon wind rate figures near me,WIND_SPEED,GET,"[""near me""]","[""this afternoon""]"
What is the moiture in the air for the next 7 days in Upar Bhursani?,HUMIDITY,GET,"[""Upar Bhursani""]","[""next 7 days""]"
heavy rain gap between vyas kheri kilsevur r.f. from 7 pm to 9:30 pm,RAIN,COMPARE,"[""vyas kheri"", ""kilsevur r.f.""]","[""7 pm to 9:30 pm""]"
low temp in hallaornagarra: day after tomorrow or 10 am?,TEMPERATURE_MIN,COMPARE,"[""hallaornagarra""]","[""day after tomorrow"", ""10 am""]"
Put the soil tempearture around here against Bahaura at 1:09 AM,SOIL_TEMPERATURE,COMPARE,"[""here"", ""Bahaura""]","[""1:09 AM""]"
"notify me about the cloud coverage in chewrpurab, lalganj from 7 am to 9:30 pm",CLOUD_COVER,ALERT,"[""chewrpurab, lalganj""]","[""7 am to 9:30 pm""]"
Remind me to check the what's the weather like in Togo 2day,CURRENT_CONDITIONS,ALERT,"[""Togo""]","[""2day""]"
Tell me the sunny hours for Hatale tomorrow morning,SUNSHINE,GET,"[""Hatale""]","[""tomorrow morning""]"
"gorund heat gap beaween delhi, india and gundaram",SOIL_TEMPERATURE,COMPARE,"[""delhi, india"", ""gundaram""]",[]
"Compare humid Gotahni, Bikramganj, Rohtas Ramanujnagar tonight",HUMIDITY,COMPARE,"[""Gotahni, Bikramganj, Rohtas"", ""Ramanujnagar""]","[""tonight""]"
Zaptiveeraopaguda v/s Baroun sky condton on Friday,CLOUD_COVER,COMPARE,"[""Zaptiveeraopaguda"", ""Baroun""]","[""Friday""]"
Cloud amount alert Dominica next weekend,CLOUD_COVER,ALERT,"[""Dominica""]","[""next weekend""]"
Is any weather forecast advisory issued for Kumarpur,FORECAST,ALERT,"[""Kumarpur""]",[]
I need the max temp reading for Maegaon next weekend,TEMPERATURE_MAX,GET,"[""Maegaon""]","[""next weekend""]"
Moisture level in my farm this weekend pls,HUMIDITY,GET,"[""my farm""]","[""this weekend""]"
What is the raining 2day in Bilak kindly,RAIN,GET,"[""Bilak""]","[""2day""]"
Do i need to irrigate Thamalapura Ballari?,SOIL_MOISTURE,GET,"[""Thamalapura Ballari""]",[]
This weekend wind gusts figures for Rawani Pur,WIND_SPEED,GET,"[""Rawani Pur""]","[""This weekend""]"
Sun figures for Sheorajpur,SUNSHINE,GET,"[""Sheorajpur""]",[]
"Rn, what is oulook in Semilibencha?",FORECAST,GET,"[""Semilibencha""]","[""Rn""]"
what's weather like alort edabara on sunday,CURRENT_CONDITIONS,ALERT,"[""edabara""]","[""sunday""]"
whats the how wendy looking like nalajhar next week?,WIND_SPEED,GET,"[""nalajhar""]","[""next week""]"
"Notify me abbout the soil temperature 10cm in Bakarkol, Azamgarh, Uttarpradesh this weekend?",SOIL_TEMPERATURE,ALERT,"[""Bakarkol, Azamgarh, Uttarpradesh""]","[""this weekend""]"
Set an alart for moisture in the air in Rawani Pur yesterday,HUMIDITY,ALERT,"[""Rawani Pur""]","[""yesterday""]"
Hw is dew in Begti Kalan this afternoon,DEW_POINT,GET,"[""Begti Kalan""]","[""this afternoon""]"
"Any warnings about wind rate in Tada, Potti Sriramulu Nellore",WIND_SPEED,ALERT,"[""Tada, Potti Sriramulu Nellore""]",[]
"Par Shibpur, West Bengal vs Purawas Khud fielld moisture",SOIL_MOISTURE,COMPARE,"[""Par Shibpur, West Bengal"", ""Purawas Khud""]",[]
Flag the daytime high last week,TEMPERATURE_MAX,ALERT,[],"[""last week""]"
"snny thirumalayapalem, telangana pls",SUNSHINE,GET,"[""thirumalayapalem, telangana""]",[]
Soil temprature Hosahalli tonight pls,SOIL_TEMPERATURE,GET,"[""Hosahalli""]","[""tonight""]"
"compare the moisture in the air in my viluage with maharaja, jagdishpur this morning",HUMIDITY,COMPARE,"[""my viluage"", ""maharaja, jagdishpur""]","[""this morning""]"
keep me posted on the outside weather in khonkkar,CURRENT_CONDITIONS,ALERT,"[""khonkkar""]",[]
Show me the gust speed in Ramuapur on Tuesday,WIND_SPEED,GET,"[""Ramuapur""]","[""Tuesday""]"
Wich has more lowest temperature Talimapur or Tenkasi around 9:54 AM,TEMPERATURE_MIN,COMPARE,"[""Talimapur"", ""Tenkasi""]","[""9:54 AM""]"
What is the minimum temperature in Hyderabad on Friday?,TEMPERATURE_MIN,GET,"[""Hyderabad""]","[""Friday""]"
Is there any cloud percent warning for Papri for the next 3 days?,CLOUD_COVER,ALERT,"[""Papri""]","[""next 3 days""]"
Remmind me to check the temp in Baggamdhoravalsaa?!,TEMPERATURE,ALERT,"[""Baggamdhoravalsaa""]",[]
Udate me on the humididty next week,HUMIDITY,GET,[],"[""next week""]"
"Contrats vaatavaranam at my location with Fatehabad, Haryana in 90 minutes",CURRENT_CONDITIONS,COMPARE,"[""my location"", ""Fatehabad, Haryana""]","[""90 minutes""]"
"is the soil warm enough for planting in ramban, jammmu and kashmir now?",SOIL_TEMPERATURE,GET,"[""ramban, jammmu and kashmir""]","[""now""]"
Put a reminder for lowet temperature in Rambin,TEMPERATURE_MIN,ALERT,"[""Rambin""]",[]
flag the day high samaria garudeshwar on tuesday,TEMPERATURE_MAX,ALERT,"[""samaria garudeshwar""]","[""tuesday""]"
"for dalelpura and thamalapura ballari both, what is the masm next weekend?",CURRENT_CONDITIONS,COMPARE,"[""dalelpura"", ""thamalapura ballari""]","[""next weekend""]"
"How does the drizzle in Auranga Bad, Shahjahanpur compare with Ginigera, Karnataka early morning?",RAIN,COMPARE,"[""Auranga Bad, Shahjahanpur"", ""Ginigera, Karnataka""]","[""early morning""]"
What's the maximum in Adaabeda at 9:30 am?,TEMPERATURE_MAX,GET,"[""Adaabeda""]","[""9:30 am""]"
Set an alert sunny nearby by 11 am,SUNSHINE,ALERT,"[""nearby""]","[""11 am""]"
weather conditions details for karnataka,CURRENT_CONDITIONS,GET,"[""karnataka""]",[]
Difference in soil moisture at 10 m between Kanisail Pt Ii and Soomar,SOIL_MOISTURE,COMPARE,"[""Kanisail Pt Ii"", ""Soomar""]",[]
"Comapre high temp Islampur Mankapur Lasoodlya Pata, Naringhgarh tommorow",TEMPERATURE_MAX,COMPARE,"[""Islampur Mankapur"", ""Lasoodlya Pata, Naringhgarh""]","[""tommorow""]"
Send aletr max temperature in Badahisno Odisha rn,TEMPERATURE_MAX,ALERT,"[""Badahisno Odisha""]","[""rn""]"
Is vaana adviisory issued for Bajamupr?,RAIN,ALERT,"[""Bajamupr""]",[]
Any waonings about ground moisture in Chopara during the sowing week?,SOIL_MOISTURE,ALERT,"[""Chopara""]","[""sowing week""]"
What's the weather like in my field around 1:30 pm pls,CURRENT_CONDITIONS,GET,"[""my field""]","[""1:30 pm""]"
Notify me abouut the max tempreture in Racherla at 9:30 pm,TEMPERATURE_MAX,ALERT,"[""Racherla""]","[""9:30 pm""]"
let me know if there is a which way the wind blows alert in adaapur tonight,WIND_DIRECTION,ALERT,"[""adaapur""]","[""tonight""]"
Wat is clouidness around my area around 3:30 pm,CLOUD_COVER,GET,"[""my area""]","[""3:30 pm""]"
mohamad urf jhinwarheri haridwar uttarakhand or dumurdiha east singhbhum better soil moitsur at 5 pm?,SOIL_MOISTURE,COMPARE,"[""mohamad urf jhinwarheri haridwar uttarakhand"", ""dumurdiha east singhbhum""]","[""5 pm""]"
"Put the dewpoint temperature in this area aaginst Par Shibpur, West Bengal",DEW_POINT,COMPARE,"[""this area"", ""Par Shibpur, West Bengal""]",[]
What is the high temperature in Atlanta today?,TEMPERATURE_MAX,GET,"[""Atlanta""]","[""today""]"
Compare the forecaut in my plot with Jhunjhunun tomorrow night,FORECAST,COMPARE,"[""my plot"", ""Jhunjhunun""]","[""tomorrow night""]"
"plz alrt soil moisture 40cm mogolpatna, odisha right now",SOIL_MOISTURE,ALERT,"[""mogolpatna, odisha""]","[""right now""]"
reinder for coldest thamalapura nxt week,TEMPERATURE_MIN,ALERT,"[""thamalapura""]","[""nxt week""]"
Is there any relative hmidity warning tonight?,HUMIDITY,ALERT,[],"[""tonight""]"
waarrn me about forcast in panasi next week,FORECAST,ALERT,"[""panasi""]","[""next week""]"
Set an alert for highest tempearture today in Bausi,TEMPERATURE_MAX,ALERT,"[""Bausi""]",[]
flag the how cold nearby by 3 pm,TEMPERATURE,ALERT,"[""nearby""]","[""3 pm""]"
lad bharol clouuds 9:54 am vs 9:45 pm,CLOUD_COVER,COMPARE,"[""lad bharol""]","[""9:54 am"", ""9:45 pm""]"
Cempare the extended froecast here with Thakurdi on Wednesday,FORECAST,COMPARE,"[""here"", ""Thakurdi""]","[""Wednesday""]"
"Compare clouud coverage Begti Kalan Khilmapur, Jalgaon today",CLOUD_COVER,COMPARE,"[""Begti Kalan"", ""Khilmapur, Jalgaon""]","[""today""]"
Wind gusts alert Kulerbahali 2day,WIND_SPEED,ALERT,"[""Kulerbahali""]","[""2day""]"
", what is the bright sunshine in Tenddawa Sisatipur?",SUNSHINE,GET,"[""Tenddawa Sisatipur""]",[]
upate me on the soil heat level,SOIL_TEMPERATURE,GET,[],[]
Baniyala and Gouridh lowest temperature day after tomorow,TEMPERATURE_MIN,COMPARE,"[""Baniyala"", ""Gouridh""]","[""day after tomorow""]"
Compare the weather conditions in my farm with Ahayakuti,CURRENT_CONDITIONS,COMPARE,"[""my farm"", ""Ahayakuti""]",[]
"compare soil moisture at 10cm baleshwar sadar bhokraha, darbhanga, bihar at 3 am",SOIL_MOISTURE,COMPARE,"[""baleshwar sadar"", ""bhokraha, darbhanga, bihar""]","[""3 am""]"
Alrt me if dewpoit changes in Israel today,DEW_POINT,ALERT,"[""Israel""]","[""today""]"
"Compare taapmaan Nayanagar, Begamganj Khark Lizer",TEMPERATURE,COMPARE,"[""Nayanagar, Begamganj"", ""Khark Lizer""]",[]
"for yaval maharashtra and ghusrmu both, what is the moisture at 40cm on saturday?",SOIL_MOISTURE,COMPARE,"[""yaval maharashtra"", ""ghusrmu""]","[""saturday""]"
Is teere any direction wind warning for Chhirrhati this weekend?,WIND_DIRECTION,ALERT,"[""Chhirrhati""]","[""this weekend""]"
Bangada at 3 am soil tepmreture?,SOIL_TEMPERATURE,GET,"[""Bangada""]","[""3 am""]"
Compare the sunny hours around my area with Karur,SUNSHINE,COMPARE,"[""my area"", ""Karur""]",[]
urgent quick overcast check for bangaliyoou from 8:30 am to 12:30 pm,CLOUD_COVER,GET,"[""bangaliyoou""]","[""8:30 am to 12:30 pm""]"
"Raksani, Bihar and San Pedro long range forecast",FORECAST,COMPARE,"[""Raksani, Bihar"", ""San Pedro""]",[]
wat autual temperature,TEMPERATURE,GET,[],[]
"comprae the soil moisture at 40 m between wargal and raj nandgaon, chhatisgarh last week",SOIL_MOISTURE,COMPARE,"[""wargal"", ""raj nandgaon, chhatisgarh""]","[""last week""]"
Flag the relative huumidity in my farm today,HUMIDITY,ALERT,"[""my farm""]","[""today""]"
Flag the minimum temperature in my farm around 6 PM..,TEMPERATURE_MIN,ALERT,"[""my farm""]","[""6 PM""]"
"Wich has more clod covr Tiruvengaddam, Tenkasi or Samasarpur, Odisha",CLOUD_COVER,COMPARE,"[""Tiruvengaddam, Tenkasi"", ""Samasarpur, Odisha""]",[]
"give rain ameunt ganderi, dungarpur later today",RAIN,GET,"[""ganderi, dungarpur""]","[""later today""]"
Warn me aout the long range forecast tomorrow morning,FORECAST,ALERT,[],"[""tomorrow morning""]"
should i cover the harvest in maopur last week?,RAIN,GET,"[""maopur""]","[""last week""]"
Reminder for current coonditions Patar Bandh,CURRENT_CONDITIONS,ALERT,"[""Patar Bandh""]",[]
Is there any tempreture warning nxt week..,TEMPERATURE,ALERT,[],"[""nxt week""]"
Flag the mximum temperature in this area,TEMPERATURE_MAX,ALERT,"[""this area""]",[]
ping me about the soil heat near me,SOIL_TEMPERATURE,ALERT,"[""near me""]",[]
"Comapir the humdity between Khonhanpur, Azamgarh and Simra Bhata Nivari Madhya Pradesh nxt week",HUMIDITY,COMPARE,"[""Khonhanpur, Azamgarh"", ""Simra Bhata Nivari Madhya Pradesh""]","[""nxt week""]"
"Whts how humdi in Wargal, Siddipet 2day",HUMIDITY,GET,"[""Wargal, Siddipet""]","[""2day""]"
"Wich has more soil moisurre Dediya or Puranpur, Jaunpur",SOIL_MOISTURE,COMPARE,"[""Dediya"", ""Puranpur, Jaunpur""]",[]
aleert me if the soil tmperature falls in madarpur haridwar next weekend,SOIL_TEMPERATURE,ALERT,"[""madarpur haridwar""]","[""next weekend""]"
bialrua ka relative humidity tonight,HUMIDITY,GET,"[""bialrua""]","[""tonight""]"
cmpare beradangi and badahinso odisha hawa ki disha,WIND_DIRECTION,COMPARE,"[""beradangi"", ""badahinso odisha""]",[]
Inform me if eartth temperature bad in Jukhia tommorow,SOIL_TEMPERATURE,ALERT,"[""Jukhia""]","[""tommorow""]"
Put the dewpoint of Ranhot aganst Mundakata around 7 PM,DEW_POINT,COMPARE,"[""Ranhot"", ""Mundakata""]","[""7 PM""]"
Check the rain intensity in Bedchit tomorrow,RAIN,GET,"[""Bedchit""]","[""tomorrow""]"
"Zaptiveerappaguda and Nandor, Sagwara dew point tmrw",DEW_POINT,COMPARE,"[""Zaptiveerappaguda"", ""Nandor, Sagwara""]","[""tmrw""]"
"keep me posted on the climate rihgt now in mamidipalle, kottur around 10:45 pm",CURRENT_CONDITIONS,ALERT,"[""mamidipalle, kottur""]","[""10:45 pm""]"
"Between Matka Viran Jansath Muzaffarnagar and Hosahalli, where is the humdity stronger tomorow?",HUMIDITY,COMPARE,"[""Matka Viran Jansath Muzaffarnagar"", ""Hosahalli""]","[""tomorow""]"
wich has more sunlght hours govana or neora jalapiguri 30 minutes,SUNSHINE,COMPARE,"[""govana"", ""neora jalapiguri""]","[""30 minutes""]"
can i dry the pady bhorwahi this weekend?,SUNSHINE,GET,"[""bhorwahi""]","[""this weekend""]"
notify me about the overcast by midnight,CLOUD_COVER,ALERT,[],"[""midnight""]"
Contrast the how hot it is in North Carolina between next week and 10 AM to 11 pm,TEMPERATURE,COMPARE,"[""North Carolina""]","[""next week"", ""10 AM to 11 pm""]"
Commpare cloud cover Babhulkheda Chengalpattu next week kindly,CLOUD_COVER,COMPARE,"[""Babhulkheda"", ""Chengalpattu""]","[""next week""]"
"Tell me when cloud amoent changes Kailashpura, Dhaulpur later today",CLOUD_COVER,ALERT,"[""Kailashpura, Dhaulpur""]","[""later today""]"
pls tell me the cloudy in nagla bohra tomorrow pls,CLOUD_COVER,GET,"[""nagla bohra""]","[""tomorrow""]"
whts temperature of soil in belgachhia on sunday,SOIL_TEMPERATURE,GET,"[""belgachhia""]","[""sunday""]"
"plz alert storm dehgam, gandhinagar tomorrow night",RAIN,ALERT,"[""dehgam, gandhinagar""]","[""tomorrow night""]"
"Gotameshwar vesres Rasunchak, Paschim Meddinipur, West Bengal humidity by midnight",HUMIDITY,COMPARE,"[""Gotameshwar"", ""Rasunchak, Paschim Meddinipur, West Bengal""]","[""midnight""]"
Alert me if the forecast changes for Bedarshirgur yesterday,FORECAST,ALERT,"[""Bedarshirgur""]","[""yesterday""]"
Give me the maximum temperature for Hatimuoda duing the sowing week,TEMPERATURE_MAX,GET,"[""Hatimuoda""]","[""sowing week""]"
urgent Compair the earth tempreature between Haragarahalli and Ananthapur last week,SOIL_TEMPERATURE,COMPARE,"[""Haragarahalli"", ""Ananthapur""]","[""last week""]"
What is the humidity level in Houston today?,HUMIDITY,GET,"[""Houston""]","[""today""]"
is the soil temp iamliya swaroop different 9 pm and next 2 hours?,SOIL_TEMPERATURE,COMPARE,"[""iamliya swaroop""]","[""9 pm"", ""next 2 hours""]"
Flag miiti ka taapmaan tomorow,SOIL_TEMPERATURE,ALERT,[],"[""tomorow""]"
Shuold i worry about the nami in Gundaram on Monday?,HUMIDITY,ALERT,"[""Gundaram""]","[""Monday""]"
"pls tell me the lowest temp in nekkundhi, dharmapuri tomorow",TEMPERATURE_MIN,GET,"[""nekkundhi, dharmapuri""]","[""tomorow""]"
set an alrt for relative humidity in jamaica on monday,HUMIDITY,ALERT,"[""jamaica""]","[""monday""]"
I need the how cold reading in 90 minutes,TEMPERATURE,GET,[],"[""90 minutes""]"
Current temp by midnight,TEMPERATURE,GET,[],"[""midnight""]"
"Warrn me abiut temperature now in Jhuratarai, Dhamtari, Chhatisgarh around 11 PM",TEMPERATURE,ALERT,"[""Jhuratarai, Dhamtari, Chhatisgarh""]","[""11 PM""]"
I need the maximum temperatre reading sir,TEMPERATURE_MAX,GET,[],[]
What's wind heading in our villlage now?,WIND_DIRECTION,GET,"[""our villlage""]","[""now""]"
"In Fattepur, what is the sunlight hours by 1 pm?",SUNSHINE,GET,"[""Fattepur""]","[""1 pm""]"
Flag the moisture in the air at 10:30 AM..,HUMIDITY,ALERT,[],"[""10:30 AM""]"
Can you tell me the dew teemperature in Sheorajpur yesterday?,DEW_POINT,GET,"[""Sheorajpur""]","[""yesterday""]"
Set an aiert for predictions in my vilge,FORECAST,ALERT,"[""my vilge""]",[]
How the dewpoint temperature here compare with Gujarat next week,DEW_POINT,COMPARE,"[""here"", ""Gujarat""]","[""next week""]"
"how does the gust sped in madarpur compare with kasipet, telangana in the next 2 hours?",WIND_SPEED,COMPARE,"[""madarpur"", ""kasipet, telangana""]","[""next 2 hours""]"
show me max temp in rajapar next week,TEMPERATURE_MAX,GET,"[""rajapar""]","[""next week""]"
quick hawa ki disha check nabha on saturday,WIND_DIRECTION,GET,"[""nabha""]","[""saturday""]"
"Whts up with the soil moistue in Situnvalur, Thiruvarur for the next 7 days?",SOIL_MOISTURE,GET,"[""Situnvalur, Thiruvarur""]","[""next 7 days""]"
"in dihri, what is the soil heat level for the next 3 days?",SOIL_TEMPERATURE,GET,"[""dihri""]","[""next 3 days""]"
"Show me the mitttti ka taapmaan for Singha, Sabar Kantha and Daramli, Idar, Sabar Kantha on Friday",SOIL_TEMPERATURE,COMPARE,"[""Singha, Sabar Kantha"", ""Daramli, Idar, Sabar Kantha""]","[""Friday""]"
Notify abut the moisture in field near by tomorow,SOIL_MOISTURE,ALERT,"[""near by""]","[""tomorow""]"
Flag the huors of sunlight near me,SUNSHINE,ALERT,"[""near me""]",[]
"compare the sun duration nearby with tikamgarh, madhya pradesh tonight?",SUNSHINE,COMPARE,"[""nearby"", ""tikamgarh, madhya pradesh""]","[""tonight""]"
Raise an alarm if the probability of rain looks bad in Vanapuram for the next 3 days,RAIN,ALERT,"[""Vanapuram""]","[""next 3 days""]"
remind me to check the bright sunshine in abayakuti,SUNSHINE,ALERT,"[""abayakuti""]",[]
soil tempratuer deiails for jitaal kita,SOIL_TEMPERATURE,GET,"[""jitaal kita""]",[]
Contrast the humidity level in Dumalpakhal between 9:45 pm and 4:30 AM kindly,HUMIDITY,COMPARE,"[""Dumalpakhal""]","[""9:45 pm"", ""4:30 AM""]"
ping me about the whee wind is coming from,WIND_DIRECTION,ALERT,[],[]
Compare Jakhoda and Meghalaya air moisture,HUMIDITY,COMPARE,"[""Jakhoda"", ""Meghalaya""]",[]
"Put the sun duration of Bhokraha, Darbhaga, Bihar ageinst Maqsudpur tonight",SUNSHINE,COMPARE,"[""Bhokraha, Darbhaga, Bihar"", ""Maqsudpur""]","[""tonight""]"
send alert diretion of the wind in birshapru around 11 am,WIND_DIRECTION,ALERT,"[""birshapru""]","[""11 am""]"
"Put the coldest in my farm against Maira Dhaj, Nagaon, Assam this weekend",TEMPERATURE_MIN,COMPARE,"[""my farm"", ""Maira Dhaj, Nagaon, Assam""]","[""this weekend""]"
"put the low temp of khonhanpur, azamgarh aaainst bamanpura from 8:30 am to 12:30 pm",TEMPERATURE_MIN,COMPARE,"[""khonhanpur, azamgarh"", ""bamanpura""]","[""8:30 am to 12:30 pm""]"
"Gourdih, Puruliya and Nilapalli Khordha Odisha moisture in the soil",SOIL_MOISTURE,COMPARE,"[""Gourdih, Puruliya"", ""Nilapalli Khordha Odisha""]",[]
How does the relative humidity around my area comore with Kmarkuchi Nalbari Assam tmrw?,HUMIDITY,COMPARE,"[""my area"", ""Kmarkuchi Nalbari Assam""]","[""tmrw""]"
Raies an alarm if the overcast level looks bad in Kasoli tomorrow morning quickly,CLOUD_COVER,ALERT,"[""Kasoli""]","[""tomorrow morning""]"
What is the loewst temeprature today in Sandongri Khairagarh Raj Nandgaon on Tuesday?,TEMPERATURE_MIN,GET,"[""Sandongri Khairagarh Raj Nandgaon""]","[""Tuesday""]"
hotteest temperature alert d.p.f.chilamgad tomorrow,TEMPERATURE_MAX,ALERT,"[""d.p.f.chilamgad""]","[""tomorrow""]"
whats the wind speed forecast looking like in sahapur early morning?,WIND_SPEED,GET,"[""sahapur""]","[""early morning""]"
Warn me about the earth temperature by 4:50 PM,SOIL_TEMPERATURE,ALERT,[],"[""4:50 PM""]"
Warn me about the max temp in Sirsi nxt week,TEMPERATURE_MAX,ALERT,"[""Sirsi""]","[""nxt week""]"
Max temp Fiji or Charbhata Keshkkal?!,TEMPERATURE_MAX,COMPARE,"[""Fiji"", ""Charbhata Keshkkal""]",[]
Vaataauanam in Bentalpur,CURRENT_CONDITIONS,GET,"[""Bentalpur""]",[]
check the what temperature nearby day after tomorow,TEMPERATURE,GET,"[""nearby""]","[""day after tomorow""]"
Warn me about the rain chance in my field,RAIN,ALERT,"[""my field""]",[]
What is the weekend forecast in Mumbai?,FORECAST,GET,"[""Mumbai""]","[""weekend""]"
need os bindu for rannu on saturday,DEW_POINT,GET,"[""rannu""]","[""saturday""]"
whats up with the soil wetness level in kabul khdi day after tomorow?,SOIL_MOISTURE,GET,"[""kabul khdi""]","[""day after tomorow""]"
Inform me if bdal bad Mordana R.f. at 10:30 AM,CLOUD_COVER,ALERT,"[""Mordana R.f.""]","[""10:30 AM""]"
"What's the ground moisture in Mundla Chawal, Raisen duing the sowing week?",SOIL_MOISTURE,GET,"[""Mundla Chawal, Raisen""]","[""sowing week""]"
Check rain intensiity Maunath Bhanjan yesterday,RAIN,GET,"[""Maunath Bhanjan""]","[""yesterday""]"
Are there strong gusts of wind in Oklahoma City?,WIND_SPEED,GET,"[""Oklahoma City""]",[]
"Check upcoming forecast Khamani, Jalgaon",FORECAST,GET,"[""Khamani, Jalgaon""]",[]
flag the how hot pennagaram next weekend,TEMPERATURE,ALERT,"[""pennagaram""]","[""next weekend""]"
Tell me the how cloudy for Wara Pohwindian early morning,CLOUD_COVER,GET,"[""Wara Pohwindian""]","[""early morning""]"
Check the relative humidity for the next 3 days,HUMIDITY,GET,[],"[""next 3 days""]"
Is there any badal warning by 12:05 PM?,CLOUD_COVER,ALERT,[],"[""12:05 PM""]"
sunny gap between ramanujnagar jamui on saturday,SUNSHINE,COMPARE,"[""ramanujnagar"", ""jamui""]","[""saturday""]"
Send alrt rain probability in Ranhot Sirmaur in 15 minutes,RAIN,ALERT,"[""Ranhot Sirmaur""]","[""15 minutes""]"
Whhats the peak temperature looking like in Sijaipur Nadia day after tomorrow?,TEMPERATURE_MAX,GET,"[""Sijaipur Nadia""]","[""day after tomorrow""]"
"Next month, what is the hourrs of sun in Renglapali?",SUNSHINE,GET,"[""Renglapali""]","[""Next month""]"
Alert me if the wind crrosess 40 kmph in Baagankheda 2nite,WIND_SPEED,ALERT,"[""Baagankheda""]","[""2nite""]"
Is the lowest temperature today in Mashaldaha different Saturday and 1:30 AM to 4 pm?,TEMPERATURE_MIN,COMPARE,"[""Mashaldaha""]","[""Saturday"", ""1:30 AM to 4 pm""]"
compare the hours of sunlight in my village with nekkundhi around 12:30 pm,SUNSHINE,COMPARE,"[""my village"", ""nekkundhi""]","[""12:30 pm""]"
Put the what's the weatheer like near me against Anteshwar by 4 am,CURRENT_CONDITIONS,COMPARE,"[""near me"", ""Anteshwar""]","[""4 am""]"
could you check the coldest temperature around my area in the next 4 hours?,TEMPERATURE_MIN,GET,"[""my area""]","[""next 4 hours""]"
Contrast the weather for next days around here with Btejharan,FORECAST,COMPARE,"[""here"", ""Btejharan""]",[]
compare the daytime temperature in my farm with kubai kata gaon day after tomorow,TEMPERATURE_MAX,COMPARE,"[""my farm"", ""kubai kata gaon""]","[""day after tomorow""]"
"contarst the low temp in my plot with bari, ramgarh shekhawati, sikar, rajashtan tomorow",TEMPERATURE_MIN,COMPARE,"[""my plot"", ""bari, ramgarh shekhawati, sikar, rajashtan""]","[""tomorow""]"
"regarding matka viran, what is the max temp?",TEMPERATURE_MAX,GET,"[""matka viran""]",[]
Could you check the cloud cover percentage in my viilage?,CLOUD_COVER,GET,"[""my viilage""]",[]
Warrn me about soil temperature 10cm in Sembianallur during the sowing week,SOIL_TEMPERATURE,ALERT,"[""Sembianallur""]","[""sowing week""]"
Comare the ovvernight low in my villaeg with Dwarahat tomorrow night,TEMPERATURE_MIN,COMPARE,"[""my villaeg"", ""Dwarahat""]","[""tomorrow night""]"
hottest my plot tonight,TEMPERATURE_MAX,GET,"[""my plot""]","[""tonight""]"
"want alert for which way the wind blows in badadunguripali, bolangir (balangir) on wednesday",WIND_DIRECTION,ALERT,"[""badadunguripali, bolangir (balangir)""]","[""wednesday""]"
"Compare the sunlight hours near by with Parbhani, Maharashtra today",SUNSHINE,COMPARE,"[""near by"", ""Parbhani, Maharashtra""]","[""today""]"
Show me the badal in Lad Bhaol rn,CLOUD_COVER,GET,"[""Lad Bhaol""]","[""rn""]"
What's the groend heat aroud here day after tomorrow?,SOIL_TEMPERATURE,GET,"[""here""]","[""day after tomorrow""]"
"Is there any rainfal warning for Knaidih, Raghunathpur, Puruliya early morning?",RAIN,ALERT,"[""Knaidih, Raghunathpur, Puruliya""]","[""early morning""]"
"In Gurrampalli, Chik Ballapur, what is the extended forecast day after tomorow",FORECAST,GET,"[""Gurrampalli, Chik Ballapur""]","[""day after tomorow""]"
Ping me about the wind strength in our village last week,WIND_SPEED,ALERT,"[""our village""]","[""last week""]"
Contrast the solaar exposure in my feild with Bahunagar Urf Siirsa around 9 am,SUNSHINE,COMPARE,"[""my feild"", ""Bahunagar Urf Siirsa""]","[""9 am""]"
"next month, alert me about the nami in khani upperli kangra",HUMIDITY,ALERT,"[""khani upperli kangra""]","[""next month""]"
"What is the weather status early morning in Janegaon, Kej?",CURRENT_CONDITIONS,GET,"[""Janegaon, Kej""]","[""early morning""]"
How is the shoers in Chhatisgarh?,RAIN,GET,"[""Chhatisgarh""]",[]
Warn me if the temperature falls below 10 degrees in Maurabandhi tomorow,TEMPERATURE_MIN,ALERT,"[""Maurabandhi""]","[""tomorow""]"
Inform me if humidty bad in Rempi,HUMIDITY,ALERT,"[""Rempi""]",[]
flag the dew pont for shi rajpur ktdwar pauri garhwal day after tomorrow?!,DEW_POINT,ALERT,"[""shi rajpur ktdwar pauri garhwal""]","[""day after tomorrow""]"
remind me to check the mitti ki nami in imaliay swaroop tomorrow night,SOIL_MOISTURE,ALERT,"[""imaliay swaroop""]","[""tomorrow night""]"
"Comapre rainfal in Umri vs Ambheta, Bharuch in 15 minutes",RAIN,COMPARE,"[""Umri"", ""Ambheta, Bharuch""]","[""15 minutes""]"
Ping me about the ground temp in Patandadar,SOIL_TEMPERATURE,ALERT,"[""Patandadar""]",[]
Tel me the taamaan for Bageshwar at 10:06 am,TEMPERATURE,GET,"[""Bageshwar""]","[""10:06 am""]"
Wat is soil moisure 2day??,SOIL_MOISTURE,GET,[],"[""2day""]"
Tell me the tompreature of soil nearby day after tomorrow,SOIL_TEMPERATURE,GET,"[""nearby""]","[""day after tomorrow""]"
dewpoint tempeerature alert tenkasi at 9:30 pm,DEW_POINT,ALERT,"[""tenkasi""]","[""9:30 pm""]"
any idea about the degree in farhalouki on monday?,TEMPERATURE,GET,"[""farhalouki""]","[""monday""]"
want to know humidity percentage beni nagar on saturday,HUMIDITY,GET,"[""beni nagar""]","[""saturday""]"
alrt me if wind heading changes in tikamgarh on monday,WIND_DIRECTION,ALERT,"[""tikamgarh""]","[""monday""]"
give me the gusts for samaeia garudeshwar next month,WIND_SPEED,GET,"[""samaeia garudeshwar""]","[""next month""]"
"Teegaavancha, West Godavari, Andhra Pradesh verses Sarsand rainfall yesterday",RAIN,COMPARE,"[""Teegaavancha, West Godavari, Andhra Pradesh"", ""Sarsand""]","[""yesterday""]"
how much soil teoperature at 40cm in our village tommorow?,SOIL_TEMPERATURE,GET,"[""our village""]","[""tommorow""]"
waether now matka viran jansath muzaffarnagar vs skkim,CURRENT_CONDITIONS,COMPARE,"[""matka viran jansath muzaffarnagar"", ""skkim""]",[]
"pls Contrst the sunlight hours in Rasunchak, Paschim Medinipur, West Bengal between tomorrow and this morning",SUNSHINE,COMPARE,"[""Rasunchak, Paschim Medinipur, West Bengal""]","[""tomorrow"", ""this morning""]"
Bandhdih v/s Maurabandhi os bidu around 7 PM,DEW_POINT,COMPARE,"[""Bandhdih"", ""Maurabandhi""]","[""7 PM""]"
"How duz the soil moisture at 40 m in Odisha comapre with Dhepua, Paschim Medioipur Sadar for the next 7 days?",SOIL_MOISTURE,COMPARE,"[""Odisha"", ""Dhepua, Paschim Medioipur Sadar""]","[""next 7 days""]"
Taapmaan on Tuesday,TEMPERATURE,GET,[],"[""Tuesday""]"
Any idea about the weather in Dalelpura Naiwa,CURRENT_CONDITIONS,GET,"[""Dalelpura Naiwa""]",[]
"Alert me if the soil temperature falls in Mungaha, Sidhi, Madhya Pradesh around 9:34 pm",SOIL_TEMPERATURE,ALERT,"[""Mungaha, Sidhi, Madhya Pradesh""]","[""9:34 pm""]"
Show me the upcoming weather for Seoul,FORECAST,GET,"[""Seoul""]",[]
"copmare cold alinjikuppam, pernambut piparia ehatmali, mirganj, bareilly by midnight",TEMPERATURE,COMPARE,"[""alinjikuppam, pernambut"", ""piparia ehatmali, mirganj, bareilly""]","[""midnight""]"
Weather outlok details Chopaara day after tomorow,FORECAST,GET,"[""Chopaara""]","[""day after tomorow""]"
"put a reminder for hottest temperature in bnadarchuan, chatra, jharkhand rn",TEMPERATURE_MAX,ALERT,"[""bnadarchuan, chatra, jharkhand""]","[""rn""]"
How much cloudy arouid my area this morning?,CLOUD_COVER,GET,"[""my area""]","[""this morning""]"
Contrrast the max tempreture at my poace with Kakaimohan by 2 AM,TEMPERATURE_MAX,COMPARE,"[""my poace"", ""Kakaimohan""]","[""2 AM""]"
"Today, what is the wind bearnig around here",WIND_DIRECTION,GET,"[""here""]","[""Today""]"
Alrt me if long range forecast changees in Kasipur arounnd 7:30 AM,FORECAST,ALERT,"[""Kasipur""]","[""7:30 AM""]"
Pls tell me the soil temperature at 40cm in Ganderri 2nite,SOIL_TEMPERATURE,GET,"[""Ganderri""]","[""2nite""]"
Can you tell the biadl in Gantuli Chhote at 2 PM?,CLOUD_COVER,GET,"[""Gantuli Chhote""]","[""2 PM""]"
Compare soil temperatre at 10cm in my village with Motlapalle tomorrow night,SOIL_TEMPERATURE,COMPARE,"[""my village"", ""Motlapalle""]","[""tomorrow night""]"
"Regarding Fazalnagar, Jasrana, Firozabad, what is the weather conditions yesterday",CURRENT_CONDITIONS,GET,"[""Fazalnagar, Jasrana, Firozabad""]","[""yesterday""]"
Contrats the wind blows from around here with Hiwara on Wednesday,WIND_DIRECTION,COMPARE,"[""here"", ""Hiwara""]","[""Wednesday""]"
Messaage me the conditions right now in Lalpura Barh Patna,CURRENT_CONDITIONS,ALERT,"[""Lalpura Barh Patna""]",[]
"Hw is rian in Bilarua, Bhatpar Rani, Deoria tommorow",RAIN,GET,"[""Bilarua, Bhatpar Rani, Deoria""]","[""tommorow""]"
Put a reminder for sun in Punch next weekend,SUNSHINE,ALERT,"[""Punch""]","[""next weekend""]"
notify me about the max temp in this area early morning,TEMPERATURE_MAX,ALERT,"[""this area""]","[""early morning""]"
Remind me to check the where wind is coming from in Dalepura Nainwa early morning,WIND_DIRECTION,ALERT,"[""Dalepura Nainwa""]","[""early morning""]"
is there any minimum temprature warning for bagshwar next month?,TEMPERATURE_MIN,ALERT,"[""bagshwar""]","[""next month""]"
Ntify me about the nami in Kurod on Saturday,HUMIDITY,ALERT,"[""Kurod""]","[""Saturday""]"
Put the nighttime low of Kasipur Baalasore (Baleshwar) against Jobla Busudih tommorow,TEMPERATURE_MIN,COMPARE,"[""Kasipur Baalasore (Baleshwar)"", ""Jobla Busudih""]","[""tommorow""]"
"Bagankheda, Kannod or Maamsha Patti better sunlight nxt week",SUNSHINE,COMPARE,"[""Bagankheda, Kannod"", ""Maamsha Patti""]","[""nxt week""]"
"betewen khatauli ruarl and bandarchuan, chatra, jharkhand, where is the dew point strongr next week?",DEW_POINT,COMPARE,"[""khatauli ruarl"", ""bandarchuan, chatra, jharkhand""]","[""next week""]"
"Cotnrast the weather predition in my farm with Kachnoda, Sagar around 3:30 pm",FORECAST,COMPARE,"[""my farm"", ""Kachnoda, Sagar""]","[""3:30 pm""]"
there any sunshine warning for Sayaan Madhogarh?,SUNSHINE,ALERT,"[""Sayaan Madhogarh""]",[]
Give windy Gali Bhimavaram arouuund 8:45 AM,WIND_SPEED,GET,"[""Gali Bhimavaram""]","[""8:45 AM""]"
"the dewpont temperature in Betjharan, Sambalpur, Odisha from 9 AM to 11 AM?",DEW_POINT,GET,"[""Betjharan, Sambalpur, Odisha""]","[""9 AM to 11 AM""]"
"Araji Maphi Soana, Jakhania vs Bandliguda sunny?",SUNSHINE,COMPARE,"[""Araji Maphi Soana, Jakhania"", ""Bandliguda""]",[]
Is there any soil temperature warniog for Mungaha next weekend?!,SOIL_TEMPERATURE,ALERT,"[""Mungaha""]","[""next weekend""]"
Alrt me if soil wetneess changes in Venkatarayapram yesterday,SOIL_MOISTURE,ALERT,"[""Venkatarayapram""]","[""yesterday""]"
jamui vs baruttar hingli wind flow direction next month,WIND_DIRECTION,COMPARE,"[""jamui"", ""baruttar hingli""]","[""next month""]"
"Put the air moistrue of Mississippi, United States aganist Madarpur next weekend",HUMIDITY,COMPARE,"[""Mississippi, United States"", ""Madarpur""]","[""next weekend""]"
Compare the sunligth hours in my field with Rajauri,SUNSHINE,COMPARE,"[""my field"", ""Rajauri""]",[]
"which is better for cloud percent, sarol himachal pradesh or ranga, mohanpur, deohgar, jharkhand?",CLOUD_COVER,COMPARE,"[""sarol himachal pradesh"", ""ranga, mohanpur, deohgar, jharkhand""]",[]
"Contrast the baadal Auranga Bad, Shahjahanpur betwen rn and 2 am",CLOUD_COVER,COMPARE,"[""Auranga Bad, Shahjahanpur""]","[""rn"", ""2 am""]"
"Janegaon v/s Botad, Gujarat coud precent day after tomorrow",CLOUD_COVER,COMPARE,"[""Janegaon"", ""Botad, Gujarat""]","[""day after tomorrow""]"
need conditions right now for jhagra pur around 8:45 am,CURRENT_CONDITIONS,GET,"[""jhagra pur""]","[""8:45 am""]"
Flag the how cold near me by 4 PM,TEMPERATURE,ALERT,"[""near me""]","[""4 PM""]"
Set an alart for wind force in Rattowal by 8 PM,WIND_SPEED,ALERT,"[""Rattowal""]","[""8 PM""]"
let me know if tere is a wind bearing alert in bhamni kalan shahdol tomorrow,WIND_DIRECTION,ALERT,"[""bhamni kalan shahdol""]","[""tomorrow""]"
Update me on the breeze at my locaation tommorow,WIND_SPEED,GET,"[""my locaation""]","[""tommorow""]"
"Put the erath temperature in this area against Madhaiganj, Paschim Barddhaman",SOIL_TEMPERATURE,COMPARE,"[""this area"", ""Madhaiganj, Paschim Barddhaman""]",[]
Warn me about the daily forecast at my location by 3 pm,FORECAST,ALERT,"[""my location""]","[""3 pm""]"
Update me on the soil temprature early morning,SOIL_TEMPERATURE,GET,[],"[""early morning""]"
How much preeipitation chance in Hasanpur yesterday?,RAIN,GET,"[""Hasanpur""]","[""yesterday""]"
Max tempreture details for the next 3 days,TEMPERATURE_MAX,GET,[],"[""next 3 days""]"
any warrnings about weather now in sawai mahdopur rajasthan from 6:30 pm to 10 pm bro,CURRENT_CONDITIONS,ALERT,"[""sawai mahdopur rajasthan""]","[""6:30 pm to 10 pm""]"
"In Kandari Kh., Jalna, what is the air temperature",TEMPERATURE,GET,"[""Kandari Kh., Jalna""]",[]
Is there any wind bearing warning for Jhanjdapal Koliana on Saturday?,WIND_DIRECTION,ALERT,"[""Jhanjdapal Koliana""]","[""Saturday""]"
Compare Baniyala and Manuddinpur wind speed forrecast,WIND_SPEED,COMPARE,"[""Baniyala"", ""Manuddinpur""]",[]
"Warn me about the sunlight in Unchgaon, Jaunnpur",SUNSHINE,ALERT,"[""Unchgaon, Jaunnpur""]",[]
"Maira Dhaj, Nagaon, Assam Comoros dew",DEW_POINT,COMPARE,"[""Maira Dhaj, Nagaon, Assam"", ""Comoros""]",[]
i need the soil temperature at 40cm reading for pathangram,SOIL_TEMPERATURE,GET,"[""pathangram""]",[]
i want to know the dewpoit in gothani tomorow,DEW_POINT,GET,"[""gothani""]","[""tomorow""]"
"In Naranda, what is the wind blows from by 10:30 pm?",WIND_DIRECTION,GET,"[""Naranda""]","[""10:30 pm""]"
Warn me about the tempreture,TEMPERATURE,ALERT,[],[]
Tell me the is it goign to rain by 11 am,RAIN,GET,[],"[""11 am""]"
"Coompre humid in Amaja vs Gadbadai, Sheikhpura in 15 minutes",HUMIDITY,COMPARE,"[""Amaja"", ""Gadbadai, Sheikhpura""]","[""15 minutes""]"
Raise an alarm if the soil moisture looks bad in Jetpura rn,SOIL_MOISTURE,ALERT,"[""Jetpura""]","[""rn""]"
Notify me if wind speed exceeds 40 kmh in Vizag,WIND_SPEED,ALERT,"[""Vizag""]",[]
flag the max temp for tokrapaar gaon pt.ii,TEMPERATURE_MAX,ALERT,"[""tokrapaar gaon pt.ii""]",[]
breeze figures for birshapur,WIND_SPEED,GET,"[""birshapur""]",[]
Tel me hawa ki raftar day after tomorrow,WIND_SPEED,GET,[],"[""day after tomorrow""]"
"need soil moiseure at 10cm for khalina, jaleswar tomorrow morning?!",SOIL_MOISTURE,GET,"[""khalina, jaleswar""]","[""tomorrow morning""]"
Send me an alert if the mausam unusual in Hetavane Raygad at 10:30 AM,CURRENT_CONDITIONS,ALERT,"[""Hetavane Raygad""]","[""10:30 AM""]"
"Compare the dewpoit in this area with Tidragan, Kandhamal on Friday",DEW_POINT,COMPARE,"[""this area"", ""Tidragan, Kandhamal""]","[""Friday""]"
"Set an alert for moisture level in Mississippi, United States during the sowing week asap",HUMIDITY,ALERT,"[""Mississippi, United States""]","[""sowing week""]"
"how duz the grond heat in kandari kh., jalna copare with bahuara, buxar later today?",SOIL_TEMPERATURE,COMPARE,"[""kandari kh., jalna"", ""bahuara, buxar""]","[""later today""]"
"how does the sunshine in khatauli rural, muzaffarnagar compare with tonk by 4 pm?",SUNSHINE,COMPARE,"[""khatauli rural, muzaffarnagar"", ""tonk""]","[""4 pm""]"
Check soil temperture Bhrukhed at 10:14 PM,SOIL_TEMPERATURE,GET,"[""Bhrukhed""]","[""10:14 PM""]"
plz alert moisture in the air jhunjhunun day after tomorow,HUMIDITY,ALERT,"[""jhunjhunun""]","[""day after tomorow""]"
Put the os bindu here against Rattowal 2day,DEW_POINT,COMPARE,"[""here"", ""Rattowal""]","[""2day""]"
Notify me about the soil wetness in Nilapalli around 7:30 AM??,SOIL_MOISTURE,ALERT,"[""Nilapalli""]","[""7:30 AM""]"
Tell me the weaher now in my farm in the next 4 hours,CURRENT_CONDITIONS,GET,"[""my farm""]","[""next 4 hours""]"
"Hours of sun details for Goudia Bahali, Thakurmunda now",SUNSHINE,GET,"[""Goudia Bahali, Thakurmunda""]","[""now""]"
flag the due poinnt at my loaction by midnight..,DEW_POINT,ALERT,"[""my loaction""]","[""midnight""]"
"Wat is solar radiation in Lasoodlya Pata, Narsinghgarh?",SUNSHINE,GET,"[""Lasoodlya Pata, Narsinghgarh""]",[]
How duz the daily forecast in Motlapalle comapre with Bentalpur from 4:30 AM to 8:30 AM kindly,FORECAST,COMPARE,"[""Motlapalle"", ""Bentalpur""]","[""4:30 AM to 8:30 AM""]"
Flag the min temp around here around 9 pm sir,TEMPERATURE_MIN,ALERT,"[""here""]","[""9 pm""]"
Flag the soil temperature 10cm my farm,SOIL_TEMPERATURE,ALERT,"[""my farm""]",[]
"Sewai Kalan, Chatra wind speeod",WIND_SPEED,GET,"[""Sewai Kalan, Chatra""]",[]
contrast the moisture at 40cm in gundaraam tadwai with maina bhagar last week,SOIL_MOISTURE,COMPARE,"[""gundaraam tadwai"", ""maina bhagar""]","[""last week""]"
"Hours sunlight Hatimunda vs Naran Khera, Bhilwara next weekend",SUNSHINE,COMPARE,"[""Hatimunda"", ""Naran Khera, Bhilwara""]","[""next weekend""]"
Pls tell me wind veolcity in Riganj at 2 PM,WIND_SPEED,GET,"[""Riganj""]","[""2 PM""]"
Noty me about the soil temp in my feild this evening,SOIL_TEMPERATURE,ALERT,"[""my feild""]","[""this evening""]"
Alrt me if weather status changes in Lachhmangarh on Saturday,CURRENT_CONDITIONS,ALERT,"[""Lachhmangarh""]","[""Saturday""]"
diffrence in hoitest temperature between anteshwar and tokrapara gaon pt.ii day after tomorrow,TEMPERATURE_MAX,COMPARE,"[""anteshwar"", ""tokrapara gaon pt.ii""]","[""day after tomorrow""]"
Compare lowest temperature Magura Tambwa Bid Maharushtra yesterday,TEMPERATURE_MIN,COMPARE,"[""Magura"", ""Tambwa Bid Maharushtra""]","[""yesterday""]"
Duldula and Bhurkhed how is the weather day after tomorrow,CURRENT_CONDITIONS,COMPARE,"[""Duldula"", ""Bhurkhed""]","[""day after tomorrow""]"
Should i worry about the max temperature in Gumma last week?,TEMPERATURE_MAX,ALERT,"[""Gumma""]","[""last week""]"
notify me about the solar exposure on tuesday,SUNSHINE,ALERT,[],"[""tuesday""]"
Sunny hours details for Alasana. around 6 PM,SUNSHINE,GET,"[""Alasana.""]","[""6 PM""]"
What is whether here this afternoon?,CURRENT_CONDITIONS,GET,"[""here""]","[""this afternoon""]"
Is there a severe weather forecast for Bakud,FORECAST,ALERT,"[""Bakud""]",[]
Max tempreture Neora Jalpaiguri at 4 AM pls,TEMPERATURE_MAX,GET,"[""Neora Jalpaiguri""]","[""4 AM""]"
message me the air speed in charbhata keshkal in 82 minutes,WIND_SPEED,ALERT,"[""charbhata keshkal""]","[""82 minutes""]"
"Any warnings aboit wteher in Nagaland, India?",CURRENT_CONDITIONS,ALERT,"[""Nagaland, India""]",[]
is there any cloudy warning at my plaace at 3 am?,CLOUD_COVER,ALERT,"[""my plaace""]","[""3 am""]"
i need the os bindu readig kauadil day after tomorrow,DEW_POINT,GET,"[""kauadil""]","[""day after tomorrow""]"
Bhundimuhan hottest temperaturre,TEMPERATURE_MAX,GET,"[""Bhundimuhan""]",[]
Compare the wind gusts in our vilage with Semilibencha arund 9 am,WIND_SPEED,COMPARE,"[""our vilage"", ""Semilibencha""]","[""9 am""]"
reminder sunny hours biralgaon talla next month,SUNSHINE,ALERT,"[""biralgaon talla""]","[""next month""]"
Contrast the cloud percentage in this area with Imliya Swaroop on Saturday,CLOUD_COVER,COMPARE,"[""this area"", ""Imliya Swaroop""]","[""Saturday""]"
"Inform me if hours of sun bad in Sabesar, Uttarpradesh tomorrow night",SUNSHINE,ALERT,"[""Sabesar, Uttarpradesh""]","[""tomorrow night""]"
"Puobability rain Chak Maricha or Bakkeshwar, West Bengal",RAIN,COMPARE,"[""Chak Maricha"", ""Bakkeshwar, West Bengal""]",[]
Is any wind hading advisory issued in the next 2 hours?,WIND_DIRECTION,ALERT,[],"[""next 2 hours""]"
copare the chance of rain near me with adonbeda,RAIN,COMPARE,"[""near me"", ""adonbeda""]",[]
Show me the max temperatre in Teegalavaancha today,TEMPERATURE_MAX,GET,"[""Teegalavaancha""]","[""today""]"
Set an alat for what's the weather like in Jitamal Kita next weekend,CURRENT_CONDITIONS,ALERT,"[""Jitamal Kita""]","[""next weekend""]"
Set an alrt for solar radiation nearby 2day,SUNSHINE,ALERT,"[""nearby""]","[""2day""]"
"Wich has more wether Peeploond or Rajbandh, Paschim Medinipur, West Bengal tomorrow morning",CURRENT_CONDITIONS,COMPARE,"[""Peeploond"", ""Rajbandh, Paschim Medinipur, West Bengal""]","[""tomorrow morning""]"
"contrast the lowest temperature in kolhapru, maharashtra between midnight and next week",TEMPERATURE_MIN,COMPARE,"[""kolhapru, maharashtra""]","[""midnight"", ""next week""]"
Notify me about the daytime temperature today,TEMPERATURE_MAX,ALERT,[],"[""today""]"
Peak temperatre in Barwala: next 12 hours or 8 PM pls,TEMPERATURE_MAX,COMPARE,"[""Barwala""]","[""next 12 hours"", ""8 PM""]"
Warn me abbout the soil moisture at 10cm in Chinnaramannagaripalle 2nite,SOIL_MOISTURE,ALERT,"[""Chinnaramannagaripalle""]","[""2nite""]"
Compare sun duratino at my place with Inglish Timapur Khagaria on Sunday,SUNSHINE,COMPARE,"[""my place"", ""Inglish Timapur Khagaria""]","[""Sunday""]"
do you have the soil temrpteure data for jujuy tonight?,SOIL_TEMPERATURE,GET,"[""jujuy""]","[""tonight""]"
Hengerajhar Darrang versus Badahinso Oddisha temp yesterday,TEMPERATURE,COMPARE,"[""Hengerajhar Darrang"", ""Badahinso Oddisha""]","[""yesterday""]"
"Voyalanallur, Tiruvallur ka rain chhauce 2nite",RAIN,GET,"[""Voyalanallur, Tiruvallur""]","[""2nite""]"
"Antari, Shahdol verses Taiwaan relaive humidity tmrw",HUMIDITY,COMPARE,"[""Antari, Shahdol"", ""Taiwaan""]","[""tmrw""]"
Raise an allarm if the wind heading looks bad in Punjab by 4 PM,WIND_DIRECTION,ALERT,"[""Punjab""]","[""4 PM""]"
Warn me about the forcast in Maira Dhaj 2nite,FORECAST,ALERT,"[""Maira Dhaj""]","[""2nite""]"
"Difference in air temperature between Bahuara, Buxar and Rudraprayag 2day",TEMPERATURE,COMPARE,"[""Bahuara, Buxar"", ""Rudraprayag""]","[""2day""]"
"is any minimum temprature advisory issued for antari, shahdol at 7:15 pm?!",TEMPERATURE_MIN,ALERT,"[""antari, shahdol""]","[""7:15 pm""]"
"Extended forecast gap between Akhara, Pauri Garhwal and Vyas Kheri",FORECAST,COMPARE,"[""Akhara, Pauri Garhwal"", ""Vyas Kheri""]",[]
"kindly share the storm for jhuatarai, dhamtari, chhatisgarh at 6 pm?!",RAIN,GET,"[""jhuatarai, dhamtari, chhatisgarh""]","[""6 pm""]"
tomorow temperature figuures in my villgae,TEMPERATURE,GET,"[""my villgae""]","[""tomorow""]"
"Yesterday, alert me about the wind direction in Ganga Param",WIND_DIRECTION,ALERT,"[""Ganga Param""]","[""Yesterday""]"
Show me the minimum for Ghichna Theog and Mandaria nxt week,TEMPERATURE_MIN,COMPARE,"[""Ghichna Theog"", ""Mandaria""]","[""nxt week""]"
ping me about the which way the wind blows in sarsar,WIND_DIRECTION,ALERT,"[""sarsar""]",[]
Let me know if there is a outside conditions alert in Gumma,CURRENT_CONDITIONS,ALERT,"[""Gumma""]",[]
Want alert for wind bearing in Daramli later today,WIND_DIRECTION,ALERT,"[""Daramli""]","[""later today""]"
Whats the soil temperature 10cm looking like in Pogalur by 9:45 pm?,SOIL_TEMPERATURE,GET,"[""Pogalur""]","[""9:45 pm""]"
keep me posted on the soil moistue 40cm in uttar phulbari,SOIL_MOISTURE,ALERT,"[""uttar phulbari""]",[]
contrast the wind comes from in my feild with bhod bk. tonight,WIND_DIRECTION,COMPARE,"[""my feild"", ""bhod bk.""]","[""tonight""]"
Tell me when sunshine hours chagnes Jetpura Agar Malwa during sowing week,SUNSHINE,ALERT,"[""Jetpura Agar Malwa""]","[""sowing week""]"
Compare the moisture in the air in my field with Ghupti -,HUMIDITY,COMPARE,"[""my field"", ""Ghupti -""]",[]
is the lowest temperature in kinaidih different 7 am to 9:30 pm and 12:30 pm?,TEMPERATURE_MIN,COMPARE,"[""kinaidih""]","[""7 am to 9:30 pm"", ""12:30 pm""]"
Set an alart for temperature of soil in Charadih Erki on Friday,SOIL_TEMPERATURE,ALERT,"[""Charadih Erki""]","[""Friday""]"
set an alert for os bindu near me yesterday,DEW_POINT,ALERT,"[""near me""]","[""yesterday""]"
"let me know if there is a soil moisture at 10 m aelt in deoghar, jharkhnd during the sowing week quickly",SOIL_MOISTURE,ALERT,"[""deoghar, jharkhnd""]","[""sowing week""]"
Should i worry aout the sun hours in Kukda?,SUNSHINE,ALERT,"[""Kukda""]",[]
what is the min temp in fatterpur next weekend?,TEMPERATURE_MIN,GET,"[""fatterpur""]","[""next weekend""]"
Knidly share the bright sunshine for Binodpur rn urgent,SUNSHINE,GET,"[""Binodpur""]","[""rn""]"
How does the ground temp in my feild comrpae with Nandor around 1:30 pm?,SOIL_TEMPERATURE,COMPARE,"[""my feild"", ""Nandor""]","[""1:30 pm""]"
"asap What is the doop in Tarya Lachiram, Kushinagar, Uttarpradesh day after tomorow?",SUNSHINE,GET,"[""Tarya Lachiram, Kushinagar, Uttarpradesh""]","[""day after tomorow""]"
ranfal gap between poshina and khumtai circle,RAIN,COMPARE,"[""poshina"", ""khumtai circle""]",[]
"rn, compare the predictions in pathar bandh and khonkar, madhya pradesh",FORECAST,COMPARE,"[""pathar bandh"", ""khonkar, madhya pradesh""]","[""rn""]"
Contrast the sulight in my vilage with Kotpad,SUNSHINE,COMPARE,"[""my vilage"", ""Kotpad""]",[]
How many hours of sun will Ranka get,SUNSHINE,GET,"[""Ranka""]",[]
"sir Betwen Gokalyawala and Bahuara, Buxar, where is the how cold stronger now?",TEMPERATURE,COMPARE,"[""Gokalyawala"", ""Bahuara, Buxar""]","[""now""]"
Whats the baadl looking like in Piprahia at 4 AM?,CLOUD_COVER,GET,"[""Piprahia""]","[""4 AM""]"
whats up with the minimum temprature in ghatchora nxt week?,TEMPERATURE_MIN,GET,"[""ghatchora""]","[""nxt week""]"
Wind beaaing in Kabul Khedi: 8:30 am to 12:30 PM or next month?,WIND_DIRECTION,COMPARE,"[""Kabul Khedi""]","[""8:30 am to 12:30 PM"", ""next month""]"
contrast the dew pint in bajari with kasoli tommorow,DEW_POINT,COMPARE,"[""bajari"", ""kasoli""]","[""tommorow""]"
"Keep me posted on the forecast in Venkatarayapuram, Chintalapudi",FORECAST,ALERT,"[""Venkatarayapuram, Chintalapudi""]",[]
I need the wheather readoig for Bahuara by 2 am,CURRENT_CONDITIONS,GET,"[""Bahuara""]","[""2 am""]"
"Majurnach, Kathikund, Dumka vs Khonhanpur dew pont temp this evening",DEW_POINT,COMPARE,"[""Majurnach, Kathikund, Dumka"", ""Khonhanpur""]","[""this evening""]"
Flag the cloud coverage this morning,CLOUD_COVER,ALERT,[],"[""this morning""]"
ping me about the soil moisture 40cm for the next 7 days,SOIL_MOISTURE,ALERT,[],"[""next 7 days""]"
Update me on the humidty in Adalpur Ryt next week sir,HUMIDITY,GET,"[""Adalpur Ryt""]","[""next week""]"
Contrust the sky condition in Iatpua between 10:30 AM and 11 PM,CLOUD_COVER,COMPARE,"[""Iatpua""]","[""10:30 AM"", ""11 PM""]"
Notify me aboat the min temp tonight,TEMPERATURE_MIN,ALERT,[],"[""tonight""]"
Put minimum around here agaonst Guealwali Najibabad 2day,TEMPERATURE_MIN,COMPARE,"[""here"", ""Guealwali Najibabad""]","[""2day""]"
is there any clouds wainng right now?,CLOUD_COVER,ALERT,[],"[""right now""]"
"Warn me when the field goes dry in Shendri Bk., Yavatmal, Maharashtra last week",SOIL_MOISTURE,ALERT,"[""Shendri Bk., Yavatmal, Maharashtra""]","[""last week""]"
Set an alert for dewpoint temperature in my feild around 3:34 am,DEW_POINT,ALERT,"[""my feild""]","[""3:34 am""]"
Put the how hot in our village against Nekkundhi from 8:30 am to 12:30 PM,TEMPERATURE,COMPARE,"[""our village"", ""Nekkundhi""]","[""8:30 am to 12:30 PM""]"
notify me about the clouds in my viage for the next 3 days,CLOUD_COVER,ALERT,"[""my viage""]","[""next 3 days""]"
Mizoram v/s Achharaund forecast,FORECAST,COMPARE,"[""Mizoram"", ""Achharaund""]",[]
Nighttime low details for Borkhede,TEMPERATURE_MIN,GET,"[""Borkhede""]",[]
"Mogalipuram vs Akhara, Pauri Garhwal wather rn",CURRENT_CONDITIONS,COMPARE,"[""Mogalipuram"", ""Akhara, Pauri Garhwal""]","[""rn""]"
plz alret solar radiation kiribera,SUNSHINE,ALERT,"[""kiribera""]",[]
Alert me if the soil moisture drops beolw normal in Manegaon Sagar?!,SOIL_MOISTURE,ALERT,"[""Manegaon Sagar""]",[]
Compare the gust seped between Mogolpatna and Tahliwala Jattan Punjab 2day,WIND_SPEED,COMPARE,"[""Mogolpatna"", ""Tahliwala Jattan Punjab""]","[""2day""]"
Compare the sunshine in Tioamia Dighalia between next 6 hours and 82 minutes?,SUNSHINE,COMPARE,"[""Tioamia Dighalia""]","[""next 6 hours"", ""82 minutes""]"
Flag the which way the wind blows near by by 4:30 AM,WIND_DIRECTION,ALERT,"[""near by""]","[""4:30 AM""]"
"which has higher earth temperature, jharkhand or chalkusha, jharkhand from 8:30 am to 12:30 pm??",SOIL_TEMPERATURE,COMPARE,"[""jharkhand"", ""chalkusha, jharkhand""]","[""8:30 am to 12:30 pm""]"
Ceck the weather now in Patti Khurd on Friday..,CURRENT_CONDITIONS,GET,"[""Patti Khurd""]","[""Friday""]"
Diffrence in housr of sun bteween Sitapur Ama Tola tmrw,SUNSHINE,COMPARE,"[""Sitapur"", ""Ama Tola""]","[""tmrw""]"
"Coitrast the cloudy nearby with Maina Bhagar, Gorakhpur on Tuesday",CLOUD_COVER,COMPARE,"[""nearby"", ""Maina Bhagar, Gorakhpur""]","[""Tuesday""]"
Check the clouidness tomorrow night,CLOUD_COVER,GET,[],"[""tomorrow night""]"
Wat is the wind veelocity in Paraspatti Majhwar by 12:05 PM?,WIND_SPEED,GET,"[""Paraspatti Majhwar""]","[""12:05 PM""]"
"Put the weter of Chak Rangapara, Baharampur against Rasunchak",CURRENT_CONDITIONS,COMPARE,"[""Chak Rangapara, Baharampur"", ""Rasunchak""]",[]
Dulidih vs Amaja soil heat for the next 7 days,SOIL_TEMPERATURE,COMPARE,"[""Dulidih"", ""Amaja""]","[""next 7 days""]"
sir Want alert for soil moisture 10cm in Coimatore this weekend,SOIL_MOISTURE,ALERT,"[""Coimatore""]","[""this weekend""]"
"Damodarpur, Odisha ka nami..",HUMIDITY,GET,"[""Damodarpur, Odisha""]",[]
tell me the wind strength around here from 4:30 am to 8:30 am,WIND_SPEED,GET,"[""here""]","[""4:30 am to 8:30 am""]"
"Contrast the max temperature here with Khabalu F V, North Lakhimpur around 9:54 AM",TEMPERATURE_MAX,COMPARE,"[""here"", ""Khabalu F V, North Lakhimpur""]","[""9:54 AM""]"
Send alert wnd direction in Majha Mahripur later today,WIND_DIRECTION,ALERT,"[""Majha Mahripur""]","[""later today""]"
Messaee me the daytime high in Kanwariyat on Tuesday,TEMPERATURE_MAX,ALERT,"[""Kanwariyat""]","[""Tuesday""]"
Check the rain amoutn in our village,RAIN,GET,"[""our village""]",[]
Wat is soil moisture in my vilage this weekend,SOIL_MOISTURE,GET,"[""my vilage""]","[""this weekend""]"
Set an alert for freezing soil temperature in AP on Friday,SOIL_TEMPERATURE,ALERT,"[""AP""]","[""Friday""]"
Warn me about the tempreture by 9 PM,TEMPERATURE,ALERT,[],"[""9 PM""]"
"Tell me when mitti ki nami changes Unchgaon, Jaunpur by midnight",SOIL_MOISTURE,ALERT,"[""Unchgaon, Jaunpur""]","[""midnight""]"
comare the max temperature near by with tikamgarh yesterday,TEMPERATURE_MAX,COMPARE,"[""near by"", ""tikamgarh""]","[""yesterday""]"
raining now pls,RAIN,GET,[],"[""now""]"
soil temperature 10cm details for ecuadoor by midnight,SOIL_TEMPERATURE,GET,"[""ecuadoor""]","[""midnight""]"
Cloud cover around my area tmrw,CLOUD_COVER,GET,"[""my area""]","[""tmrw""]"
"message me the rain forecast in sabesar, uttarpradesh day after tomorow",RAIN,ALERT,"[""sabesar, uttarpradesh""]","[""day after tomorow""]"
"how does the wnd direction in chaura cmopare with bhorkaha, darbhanga, bihar tomorrow morning?",WIND_DIRECTION,COMPARE,"[""chaura"", ""bhorkaha, darbhanga, bihar""]","[""tomorrow morning""]"
contrat peak temperatre in my feild with kukda next week,TEMPERATURE_MAX,COMPARE,"[""my feild"", ""kukda""]","[""next week""]"
Give me the weekly forecast for Rajahmundry,FORECAST,GET,"[""Rajahmundry""]","[""weekly""]"
", compare the weather rpeoit alabur, ballari and murkudoh, gondia",FORECAST,COMPARE,"[""alabur, ballari"", ""murkudoh, gondia""]",[]
How is the temp in Badpal now sir,TEMPERATURE,GET,"[""Badpal""]","[""now""]"
sir Compare the strong wind around my area with Bulaki Tola Purbi Champaran on Monday,WIND_SPEED,COMPARE,"[""my area"", ""Bulaki Tola Purbi Champaran""]","[""Monday""]"
what is the weather status in bari early morning?,CURRENT_CONDITIONS,GET,"[""bari""]","[""early morning""]"
Katral vs Baghuapalli actual temperature,TEMPERATURE,COMPARE,"[""Katral"", ""Baghuapalli""]",[]
Contrast the min temprature in Bakud between 10:14 PM and 3:05 pm,TEMPERATURE_MIN,COMPARE,"[""Bakud""]","[""10:14 PM"", ""3:05 pm""]"
Plz alert wind bolsw from Saawi Madhopur Rajasthan in the next 4 hours,WIND_DIRECTION,ALERT,"[""Saawi Madhopur Rajasthan""]","[""next 4 hours""]"
flag the soil moisture at 40 m for ghatchora tomorrow evening,SOIL_MOISTURE,ALERT,"[""ghatchora""]","[""tomorrow evening""]"
idea abuot the weather for next days in Chtaarala for the next 7 days,FORECAST,GET,"[""Chtaarala""]","[""next 7 days""]"
"Keep me posted on the high temp in Teegalavancha, West Godavari, Andhra Pradesh",TEMPERATURE_MAX,ALERT,"[""Teegalavancha, West Godavari, Andhra Pradesh""]",[]
How does the relatiev humidiy in Salasi compare with Paschim Ramchandrapur next month?,HUMIDITY,COMPARE,"[""Salasi"", ""Paschim Ramchandrapur""]","[""next month""]"
Is the temperature in Nayanogar different 4:30 AM and next 7 days?,TEMPERATURE,COMPARE,"[""Nayanogar""]","[""4:30 AM"", ""next 7 days""]"
Ping me about the climate right now in Zinner last week,CURRENT_CONDITIONS,ALERT,"[""Zinner""]","[""last week""]"
Raise an alarm if the soil mositure at 10 m looks bad in Baraumla,SOIL_MOISTURE,ALERT,"[""Baraumla""]",[]
timor-leste wind rate next week,WIND_SPEED,GET,"[""timor-leste""]","[""next week""]"
how does the bright sunshine at my location copare with medaveedu rn?,SUNSHINE,COMPARE,"[""my location"", ""medaveedu""]","[""rn""]"
Bikaner today future weather?,FORECAST,GET,"[""Bikaner""]","[""today""]"
warn me about the day high around 12:30 pm,TEMPERATURE_MAX,ALERT,[],"[""12:30 pm""]"
cmpare the min temperature in my filed with bachi newar this afternoon,TEMPERATURE_MIN,COMPARE,"[""my filed"", ""bachi newar""]","[""this afternoon""]"
rajasthan v/s laram jangi pora predicoions,FORECAST,COMPARE,"[""rajasthan"", ""laram jangi pora""]",[]
Kheerli Chandrawat ka temmpeerature of soil later today,SOIL_TEMPERATURE,GET,"[""Kheerli Chandrawat""]","[""later today""]"
warn me aout the how huid in our village,HUMIDITY,ALERT,"[""our village""]",[]
Is theie any wind strength warning for Chhtisgarh from 4:30 AM to 8:30 AM?,WIND_SPEED,ALERT,"[""Chhtisgarh""]","[""4:30 AM to 8:30 AM""]"
Set an alet for sloar exposure at my loctaion,SUNSHINE,ALERT,"[""my loctaion""]",[]
Diffrence in hawa ki rafar between Ramanujnagar and Chopara now,WIND_SPEED,COMPARE,"[""Ramanujnagar"", ""Chopara""]","[""now""]"
Contrats the weather conditions at my location with Lachhmangarh tomorrow,CURRENT_CONDITIONS,COMPARE,"[""my location"", ""Lachhmangarh""]","[""tomorrow""]"
"Cpore hottest temperature in Bakkeshwar, West Bnegal vs Jetpura Agar Malwa by 1:48 PM",TEMPERATURE_MAX,COMPARE,"[""Bakkeshwar, West Bnegal"", ""Jetpura Agar Malwa""]","[""1:48 PM""]"
"Tel me the solar exposure for Panyara Khera, Tikamgarh this evening",SUNSHINE,GET,"[""Panyara Khera, Tikamgarh""]","[""this evening""]"
"I want to know dew point temperature in Tarya Lachhiram, Kushinagar, Uttarpradesh now",DEW_POINT,GET,"[""Tarya Lachhiram, Kushinagar, Uttarpradesh""]","[""now""]"
Compaiir the moisture in the air between Madarpur Haridwar and Bakud tomorow,HUMIDITY,COMPARE,"[""Madarpur Haridwar"", ""Bakud""]","[""tomorow""]"
plz High temp at 1:45 AM,TEMPERATURE_MAX,GET,[],"[""1:45 AM""]"
"Contrasst the hawa ki raftar in my plot with Nandor, Sagwara later today",WIND_SPEED,COMPARE,"[""my plot"", ""Nandor, Sagwara""]","[""later today""]"
Show me the wind in Dehgam,WIND_SPEED,GET,"[""Dehgam""]",[]
tell diffrence cold nebraska baleshwar saear,TEMPERATURE,COMPARE,"[""nebraska"", ""baleshwar saear""]",[]
Bedarshirgur day after tomorrow dizzle?,RAIN,GET,"[""Bedarshirgur""]","[""day after tomorrow""]"
Sunny Khilmapur or Sangrur,SUNSHINE,COMPARE,"[""Khilmapur"", ""Sangrur""]",[]
Sun Jhagar Pur or Matka Viran,SUNSHINE,COMPARE,"[""Jhagar Pur"", ""Matka Viran""]",[]
compare the dewpoint tempeature between gowdanahaalli and dwitikrishnapur nxt week,DEW_POINT,COMPARE,"[""gowdanahaalli"", ""dwitikrishnapur""]","[""nxt week""]"
How does the dew point temperature in Mohni Khuurd 4:30 AM compare to 9:30 PM?,DEW_POINT,COMPARE,"[""Mohni Khuurd""]","[""4:30 AM"", ""9:30 PM""]"
"put the maximum temprature of awuane bk. against nutangram, burdwan for the next 7 days?",TEMPERATURE_MAX,COMPARE,"[""awuane bk."", ""nutangram, burdwan""]","[""next 7 days""]"
Hw is weather oulook in Gondur,FORECAST,GET,"[""Gondur""]",[]
Show me the humidity forecast for Vizag this evening,HUMIDITY,GET,"[""Vizag""]","[""this evening""]"
Contrast the wind directon in my vilage with Bogole,WIND_DIRECTION,COMPARE,"[""my vilage"", ""Bogole""]",[]
How does the gust in my plot cuumpare with Jhalon Ki Madar Khamnor day after tomorrow?,WIND_SPEED,COMPARE,"[""my plot"", ""Jhalon Ki Madar Khamnor""]","[""day after tomorrow""]"
idea about the taapmaan in angara kalan this week?,TEMPERATURE,GET,"[""angara kalan""]","[""this week""]"
Need to know wind direction on Monday,WIND_DIRECTION,GET,[],"[""Monday""]"
Flag the highest temperature,TEMPERATURE_MAX,ALERT,[],[]
"contrast the peak temperatue in my plot with bagankhdea, kannod on monday",TEMPERATURE_MAX,COMPARE,"[""my plot"", ""bagankhdea, kannod""]","[""monday""]"
Keep me posted on the nami in Kakaimohan this evening,HUMIDITY,ALERT,"[""Kakaimohan""]","[""this evening""]"
Compair the wether between Bhlauhi and Dhemdhema Pt.i Bilasipara Circle,CURRENT_CONDITIONS,COMPARE,"[""Bhlauhi"", ""Dhemdhema Pt.i Bilasipara Circle""]",[]
Wat is soil tmeperature at 10cm in my fied on Monday,SOIL_TEMPERATURE,GET,"[""my fied""]","[""Monday""]"
Is there any lowest temperature today warning for Bankandi Pauri Garhwal tonight,TEMPERATURE_MIN,ALERT,"[""Bankandi Pauri Garhwal""]","[""tonight""]"
Ping me about the dewpoint around 7:30 AM,DEW_POINT,ALERT,[],"[""7:30 AM""]"
alert if sunshien hours drop in santkaabirnagar this afternoon,SUNSHINE,ALERT,"[""santkaabirnagar""]","[""this afternoon""]"
"Show me the dewuoit in Jhunjhunun, Rajasthan",DEW_POINT,GET,"[""Jhunjhunun, Rajasthan""]",[]
Warn me abotu how hot in Mangeaon Sagar nxt week kindly,TEMPERATURE,ALERT,"[""Mangeaon Sagar""]","[""nxt week""]"
how much cloud cover in gerai ki guwari by 10:30 pm?,CLOUD_COVER,GET,"[""gerai ki guwari""]","[""10:30 pm""]"
"plz allert soil temprature baleshwar sadar, odisha tmrw",SOIL_TEMPERATURE,ALERT,"[""baleshwar sadar, odisha""]","[""tmrw""]"
Notify me about wind velocity,WIND_SPEED,ALERT,[],[]
Phaloddi Jodhpur Rajasthan at 3 am tempreture?,TEMPERATURE,GET,"[""Phaloddi Jodhpur Rajasthan""]","[""3 am""]"
Tel me the clod covr Chhanchina early morning,CLOUD_COVER,GET,"[""Chhanchina""]","[""early morning""]"
"Compare climate right now Maira Dhaj, Nagaon, Assam Merakamudidam by 3:45 AM",CURRENT_CONDITIONS,COMPARE,"[""Maira Dhaj, Nagaon, Assam"", ""Merakamudidam""]","[""3:45 AM""]"
"Send me an aert if the relative moisture is unuual in Patti Khurd, Uttarpradesh tomorow",HUMIDITY,ALERT,"[""Patti Khurd, Uttarpradesh""]","[""tomorow""]"
Warrn about humidty in Saran Nani by 3 pm,HUMIDITY,ALERT,"[""Saran Nani""]","[""3 pm""]"
Tel me weather in my viage now,CURRENT_CONDITIONS,GET,"[""my viage""]","[""now""]"
need to know wind next weekend,WIND_SPEED,GET,[],"[""next weekend""]"
Soil moiture my farm rn pls,SOIL_MOISTURE,GET,"[""my farm""]","[""rn""]"
set an alart for wind flow direction in gautambudhnagar nxt week,WIND_DIRECTION,ALERT,"[""gautambudhnagar""]","[""nxt week""]"
Is it too wiindy to spray in Thailand next month?,WIND_SPEED,GET,"[""Thailand""]","[""next month""]"
"Give me the daytime temperature for Sorahiya, Nanpara, Bahraich on Saturday",TEMPERATURE_MAX,GET,"[""Sorahiya, Nanpara, Bahraich""]","[""Saturday""]"
Need to know weather update,CURRENT_CONDITIONS,GET,[],[]
"Compaie weatheer prediction Gundlakarthi, Jayashankar Bhupalapally Rajasthan, India",FORECAST,COMPARE,"[""Gundlakarthi, Jayashankar Bhupalapally"", ""Rajasthan, India""]",[]
Compair the raining between Belgachhia and Gundaram,RAIN,COMPARE,"[""Belgachhia"", ""Gundaram""]",[]
Raise an alarm if the humid looks bad Digit Purwa now,HUMIDITY,ALERT,"[""Digit Purwa""]","[""now""]"
"Badhaiya, Hanumana vs Sankar Saraiya wheaatehr at 10:06 am",CURRENT_CONDITIONS,COMPARE,"[""Badhaiya, Hanumana"", ""Sankar Saraiya""]","[""10:06 am""]"
Set an alert for weather conditions day after tomorrow,CURRENT_CONDITIONS,ALERT,[],"[""day after tomorrow""]"
Is rain predicted for Melbourne tonight?,RAIN,GET,"[""Melbourne""]","[""tonight""]"
how much lowest temp?,TEMPERATURE_MIN,GET,[],[]
Set an alert for daytime high in Sandongri Khairagarh Raj Nandgaon next weekend,TEMPERATURE_MAX,ALERT,"[""Sandongri Khairagarh Raj Nandgaon""]","[""next weekend""]"
whts lowsut temp in chhapia khas bhanpur,TEMPERATURE_MIN,GET,"[""chhapia khas bhanpur""]",[]
Contrast the os biindu in Matka Viran with Neuhrawa,DEW_POINT,COMPARE,"[""Matka Viran"", ""Neuhrawa""]",[]
Warn me about the soil moisture at 10cm at 7:15 PM,SOIL_MOISTURE,ALERT,[],"[""7:15 PM""]"
Nigttime low in my farm early morning pls,TEMPERATURE_MIN,GET,"[""my farm""]","[""early morning""]"
"os bundu in east khasi hills and brahmaur in 90 minutes, which is betetr?",DEW_POINT,COMPARE,"[""east khasi hills"", ""brahmaur""]","[""90 minutes""]"
Give me the outlook for Shendi Bk. tomorrow morning,FORECAST,GET,"[""Shendi Bk.""]","[""tomorrow morning""]"
Set an aert for rh in Badhiadih Jarmundi Dumka,HUMIDITY,ALERT,"[""Badhiadih Jarmundi Dumka""]",[]
Warn me about feels like temperature at my loocation tomorrow evening,TEMPERATURE,ALERT,"[""my loocation""]","[""tomorrow evening""]"
How much peak tempeature narby by 4:30 AM?,TEMPERATURE_MAX,GET,"[""narby""]","[""4:30 AM""]"
"compair the light rain between rudain urf manjhgawa, gorakhpur, uttarpradesh and mohni khurd by 9:45 pm",RAIN,COMPARE,"[""rudain urf manjhgawa, gorakhpur, uttarpradesh"", ""mohni khurd""]","[""9:45 pm""]"
update me on the nighttime low around here at 10:14 pm,TEMPERATURE_MIN,GET,"[""here""]","[""10:14 pm""]"
what's the ucoing weather in thamalapura ballari tonight,FORECAST,GET,"[""thamalapura ballari""]","[""tonight""]"
How moist is the soil at 40cm in Vizag?,SOIL_MOISTURE,GET,"[""Vizag""]",[]
how does the how hot it is here compare with bagbahra around 10:45 pm?,TEMPERATURE,COMPARE,"[""here"", ""bagbahra""]","[""10:45 pm""]"
Whats the dewpoit looking like at 9:30 PM,DEW_POINT,GET,[],"[""9:30 PM""]"
Max temperature on Tuesday pls,TEMPERATURE_MAX,GET,[],"[""Tuesday""]"
repalle by 9:45 pm wether conditions?,CURRENT_CONDITIONS,GET,"[""repalle""]","[""9:45 pm""]"
Contrast the wind velocity in my vilage with Araji Maphi Soana tomorrow night,WIND_SPEED,COMPARE,"[""my vilage"", ""Araji Maphi Soana""]","[""tomorrow night""]"
Whats the moisture level looking like by 8 PM?,HUMIDITY,GET,[],"[""8 PM""]"
"How does the ground heat in Supa, Raigarh comare with Purawwas Khurd at 9:15 am?",SOIL_TEMPERATURE,COMPARE,"[""Supa, Raigarh"", ""Purawwas Khurd""]","[""9:15 am""]"
Weatehr prediction Dumalpakhal this afternoon pls,FORECAST,GET,"[""Dumalpakhal""]","[""this afternoon""]"
"Messge me the dew level in Mamsha Patti, Burhanpur for the next 3 days",DEW_POINT,ALERT,"[""Mamsha Patti, Burhanpur""]","[""next 3 days""]"
"Compare Kattangudi, Virudhunagar and Piplakani clloud percentage",CLOUD_COVER,COMPARE,"[""Kattangudi, Virudhunagar"", ""Piplakani""]",[]
"Compair the future weather between Piparia Ehatmali, Mirganj, Bareilly and Gurrampalli on Sunday",FORECAST,COMPARE,"[""Piparia Ehatmali, Mirganj, Bareilly"", ""Gurrampalli""]","[""Sunday""]"
Plz alet badal Chandarpur on Wednesday,CLOUD_COVER,ALERT,"[""Chandarpur""]","[""Wednesday""]"
"bargaon, subarnapur this afternoon dew point temp?",DEW_POINT,GET,"[""bargaon, subarnapur""]","[""this afternoon""]"
"Around 9:34 pm, what is the cloud cover percentage",CLOUD_COVER,GET,[],"[""9:34 pm""]"
put a reminder for earuh temperature fatterpur right now,SOIL_TEMPERATURE,ALERT,"[""fatterpur""]","[""right now""]"
Ping about the minimum tempratuure in my vilae 2nite,TEMPERATURE_MIN,ALERT,"[""my vilae""]","[""2nite""]"
Flag the feld moisture near by on Friday,SOIL_MOISTURE,ALERT,"[""near by""]","[""Friday""]"
Tell me the current condittions 2day asap,CURRENT_CONDITIONS,GET,[],"[""2day""]"
"Alert if the humidity goes above 90 percetn in Balewal, Shahid Bhagat Singh Nagar, Punjab this week",HUMIDITY,ALERT,"[""Balewal, Shahid Bhagat Singh Nagar, Punjab""]","[""this week""]"
Warn me the cloud prcentage in my feild,CLOUD_COVER,ALERT,"[""my feild""]",[]
"Where is the rh greater, Auranga Bad, Shahjahanpur or Morocco today urgent",HUMIDITY,COMPARE,"[""Auranga Bad, Shahjahanpur"", ""Morocco""]","[""today""]"
compare weather update near by with pura ruchai prayagraj uttarpradesh tomorrow,CURRENT_CONDITIONS,COMPARE,"[""near by"", ""pura ruchai prayagraj uttarpradesh""]","[""tomorrow""]"
Ping aobut the climate rihgt now in Laro Jaammu And Kashmir,CURRENT_CONDITIONS,ALERT,"[""Laro Jaammu And Kashmir""]",[]
Cloud percentage in Boocha Gara Safipru: next week or 1:48 PM,CLOUD_COVER,COMPARE,"[""Boocha Gara Safipru""]","[""next week"", ""1:48 PM""]"
"Comppare the how hot near me with Rajbandh, Paschim Medinipur, West Bengal from 2 am to 7 AM",TEMPERATURE,COMPARE,"[""near me"", ""Rajbandh, Paschim Medinipur, West Bengal""]","[""2 am to 7 AM""]"
Conrtast the air moisure in Abdalpur Pipra with Kerala in 90 minutes,HUMIDITY,COMPARE,"[""Abdalpur Pipra"", ""Kerala""]","[""90 minutes""]"
warn me the night temperature in chakaapalle,TEMPERATURE_MIN,ALERT,"[""chakaapalle""]",[]
Tell me when overcast changes Saikheda for the next 3 days,CLOUD_COVER,ALERT,"[""Saikheda""]","[""next 3 days""]"
ping me about the cloudiness arund 8:45 am,CLOUD_COVER,ALERT,[],"[""8:45 am""]"
Alrt me if extended forecast chaeges in Gantuli Chhote this afternoon bro,FORECAST,ALERT,"[""Gantuli Chhote""]","[""this afternoon""]"
bro Chhibarra or Sijaipur better mitui ki nami on Sunday?,SOIL_MOISTURE,COMPARE,"[""Chhibarra"", ""Sijaipur""]","[""Sunday""]"
"how duz the nami in puducherry compare with unchgaon, jaunpur during the sowing week?",HUMIDITY,COMPARE,"[""puducherry"", ""unchgaon, jaunpur""]","[""sowing week""]"
"Compare the how cloudy between Antari, Shahdol and Shata Chak rn",CLOUD_COVER,COMPARE,"[""Antari, Shahdol"", ""Shata Chak""]","[""rn""]"
angola and maryland future weater by 12 am,FORECAST,COMPARE,"[""angola"", ""maryland""]","[""12 am""]"
"Set an alart for soil wetness in Nekkundhi, Dharmaprui yesterday",SOIL_MOISTURE,ALERT,"[""Nekkundhi, Dharmaprui""]","[""yesterday""]"
"Wich has more baarihs Bedarshirgur, Uttara Kannada or Kachnoda day after tomorrow",RAIN,COMPARE,"[""Bedarshirgur, Uttara Kannada"", ""Kachnoda""]","[""day after tomorrow""]"
how is the low temp aornd here this week??,TEMPERATURE_MIN,GET,"[""here""]","[""this week""]"
"plz put a reminder for day high in jamdahara, paschim mediipur, west bengal for the next 3 days",TEMPERATURE_MAX,ALERT,"[""jamdahara, paschim mediipur, west bengal""]","[""next 3 days""]"
how does the soil heat in my feild compare with belgachhia this weekend?,SOIL_TEMPERATURE,COMPARE,"[""my feild"", ""belgachhia""]","[""this weekend""]"
Pls tell me the gust seped in Kouthalam for the next 7 days,WIND_SPEED,GET,"[""Kouthalam""]","[""next 7 days""]"
Sun near by in the next 2 hours,SUNSHINE,GET,"[""near by""]","[""next 2 hours""]"
Is any moisture in field advisory issued?,SOIL_MOISTURE,ALERT,[],[]
"Any idea about the due point in Manikpara, Uttar Dinajpur, West Bengal?",DEW_POINT,GET,"[""Manikpara, Uttar Dinajpur, West Bengal""]",[]
how much nami here?,HUMIDITY,GET,"[""here""]",[]
Warn me about the soil temperature in my fiedl by midnight..,SOIL_TEMPERATURE,ALERT,"[""my fiedl""]","[""midnight""]"
Need soil moisture at 10cm for Kotputlli day after tomorrow,SOIL_MOISTURE,GET,"[""Kotputlli""]","[""day after tomorrow""]"
check maximum for both adanbeda and parrkha mahura this evening,TEMPERATURE_MAX,COMPARE,"[""adanbeda"", ""parrkha mahura""]","[""this evening""]"
"where is the degree greater, daru or rempi tomorrow evening?",TEMPERATURE,COMPARE,"[""daru"", ""rempi""]","[""tomorrow evening""]"
put the sunlight hours here against sitaapur this morning,SUNSHINE,COMPARE,"[""here"", ""sitaapur""]","[""this morning""]"
Ping me about the sunshine hours here by 4 PM bro,SUNSHINE,ALERT,"[""here""]","[""4 PM""]"
is there any strong wind warning next weekend?,WIND_SPEED,ALERT,[],"[""next weekend""]"
Any idea about the humdiidty in Chhpia Khas now?,HUMIDITY,GET,"[""Chhpia Khas""]","[""now""]"
tel me the dhoop for piprahia during the sowing week,SUNSHINE,GET,"[""piprahia""]","[""sowing week""]"
Flag the humididty at my place tonight,HUMIDITY,ALERT,"[""my place""]","[""tonight""]"
Compare the cloud percentage aroudn my area with Gahlian day after tomorow,CLOUD_COVER,COMPARE,"[""my area"", ""Gahlian""]","[""day after tomorow""]"
Direction wind Mairi or Khadakohol,WIND_DIRECTION,COMPARE,"[""Mairi"", ""Khadakohol""]",[]
Holur veres Kabul Khedi rainy,RAIN,COMPARE,"[""Holur"", ""Kabul Khedi""]",[]
"do i need to irriigate in marhari, gorakhpur on saturday?",SOIL_MOISTURE,GET,"[""marhari, gorakhpur""]","[""saturday""]"
What is the rian in the next 6 hours,RAIN,GET,[],"[""next 6 hours""]"
Set an alert for how is the weather in my vilage at 7 pm,CURRENT_CONDITIONS,ALERT,"[""my vilage""]","[""7 pm""]"
"This week, alert me about the mitui ki nami in Tendumuda",SOIL_MOISTURE,ALERT,"[""Tendumuda""]","[""This week""]"
"quick rain intensity chekc for murudoh, gondia early morning",RAIN,GET,"[""murudoh, gondia""]","[""early morning""]"
send alert breeze in betul,WIND_SPEED,ALERT,"[""betul""]",[]
compare rainy in kuttadi vs kundra,RAIN,COMPARE,"[""kuttadi"", ""kundra""]",[]
How is sunliight hours in our vlilage?,SUNSHINE,GET,"[""our vlilage""]",[]
asap comre the humidity percentage near me with pathar,HUMIDITY,COMPARE,"[""near me"", ""pathar""]",[]
"which is batter high temp, dashin panialguri or chinchali belagavi karnataka?",TEMPERATURE_MAX,COMPARE,"[""dashin panialguri"", ""chinchali belagavi karnataka""]",[]
need high temp for kamdiha,TEMPERATURE_MAX,GET,"[""kamdiha""]",[]
alert me if the humidity goes above 90 percent in boohca gara safipur day after tomorrow,HUMIDITY,ALERT,"[""boohca gara safipur""]","[""day after tomorrow""]"
Notify me if it gets overcast in South Anaman by 12 AM,CLOUD_COVER,ALERT,"[""South Anaman""]","[""12 AM""]"
there any how humid warning from 4:15 am to 3:30 pm?,HUMIDITY,ALERT,[],"[""4:15 am to 3:30 pm""]"
tel me dewpoint temperaure at 10:06 am,DEW_POINT,GET,[],"[""10:06 am""]"
"plz alert humididty wargal, siddipte this afternoon",HUMIDITY,ALERT,"[""wargal, siddipte""]","[""this afternoon""]"
"Set an alert for hottest in Koara, Himachal Pradesh this weekend?!",TEMPERATURE_MAX,ALERT,"[""Koara, Himachal Pradesh""]","[""this weekend""]"
"how does the cold in khatauli rural, muzaffarnagar yesterday cmopare to tommorow?",TEMPERATURE,COMPARE,"[""khatauli rural, muzaffarnagar""]","[""yesterday"", ""tommorow""]"
Weather update alert Chaarbhata tomorow?,CURRENT_CONDITIONS,ALERT,"[""Chaarbhata""]","[""tomorow""]"
Wich has more soil heat level Ghichna Theog or Jukhia this afternoon pls,SOIL_TEMPERATURE,COMPARE,"[""Ghichna Theog"", ""Jukhia""]","[""this afternoon""]"
"Set an alert for moisture in the air in Bhodua, Jaleswar",HUMIDITY,ALERT,"[""Bhodua, Jaleswar""]",[]
Week ahead forecast details Rudain Urf Manjhgawa from 4:30 AM to 8:30 AM,FORECAST,GET,"[""Rudain Urf Manjhgawa""]","[""4:30 AM to 8:30 AM""]"
Whats up with the soil heat leevel in Babhanaul 2nite?,SOIL_TEMPERATURE,GET,"[""Babhanaul""]","[""2nite""]"
tel me the temp for borkhede next month,TEMPERATURE,GET,"[""borkhede""]","[""next month""]"
hottest temperature figures for badpal,TEMPERATURE_MAX,GET,"[""badpal""]",[]
Check the soil water for both Purapur and Gangada Buzurg on Tuesday,SOIL_MOISTURE,COMPARE,"[""Purapur"", ""Gangada Buzurg""]","[""Tuesday""]"
contrast the cold in gourdih with kahar para barpeta early morning,TEMPERATURE,COMPARE,"[""gourdih"", ""kahar para barpeta""]","[""early morning""]"
Reminder for cloud amount Khaamwada on Monday,CLOUD_COVER,ALERT,"[""Khaamwada""]","[""Monday""]"
Set an alert for degree,TEMPERATURE,ALERT,[],[]
Is it raining right now in Dublin?,RAIN,GET,"[""Dublin""]","[""right now""]"
What is the temprautre this week in Kotpad Koraput Odisha?,TEMPERATURE,GET,"[""Kotpad Koraput Odisha""]","[""this week""]"
How does the winyd in Turamamidi compare with Talimapur this morning plz,WIND_SPEED,COMPARE,"[""Turamamidi"", ""Talimapur""]","[""this morning""]"
", alert me about the due ponit in shala teng ghat, srinagar, jammu and kashmir",DEW_POINT,ALERT,"[""shala teng ghat, srinagar, jammu and kashmir""]",[]
Reminder for weather situation Charama next weekend,CURRENT_CONDITIONS,ALERT,"[""Charama""]","[""next weekend""]"
Put a remiinder for heavy rain in Awhane Bk. from 5:16 AM to 9 pm,RAIN,ALERT,"[""Awhane Bk.""]","[""5:16 AM to 9 pm""]"
By 2 AM wind rate figuers in my field..,WIND_SPEED,GET,"[""my field""]","[""2 AM""]"
set an alart for direction of the wind in lodia english,WIND_DIRECTION,ALERT,"[""lodia english""]",[]
Want alert for soil water content in Ananthapur for the next 3 days,SOIL_MOISTURE,ALERT,"[""Ananthapur""]","[""next 3 days""]"
Pls tell me ground heat in Tala Kheddi by 8 PM,SOIL_TEMPERATURE,GET,"[""Tala Kheddi""]","[""8 PM""]"
Ping me about the highust temperature today in Belgaachhia,TEMPERATURE_MAX,ALERT,"[""Belgaachhia""]",[]
warnings about wind rate in Thailand day after tomorow?,WIND_SPEED,ALERT,"[""Thailand""]","[""day after tomorow""]"
Notify me about the weather ahead in Togo,FORECAST,ALERT,"[""Togo""]",[]
Majurnach vs Kailashpura outsied weather,CURRENT_CONDITIONS,COMPARE,"[""Majurnach"", ""Kailashpura""]",[]
"contrast the direction of the wind in this area with alabur, ballari tmrw",WIND_DIRECTION,COMPARE,"[""this area"", ""alabur, ballari""]","[""tmrw""]"
Ntoify me about the low temp on Friday,TEMPERATURE_MIN,ALERT,[],"[""Friday""]"
Updaate me on the due point in my field this afternoon,DEW_POINT,GET,"[""my field""]","[""this afternoon""]"
Notifiy me about the cold in Lakhnaon,TEMPERATURE,ALERT,"[""Lakhnaon""]",[]
Flag the humididay tomorrow,HUMIDITY,ALERT,[],"[""tomorrow""]"
"Which is betetr for vaana, Gadbadia, Sheikhpura or Patandadar?",RAIN,COMPARE,"[""Gadbadia, Sheikhpura"", ""Patandadar""]",[]
I need the cloud cover percentage reading,CLOUD_COVER,GET,[],[]
Overcast details for Bhod Bk. on Monday,CLOUD_COVER,GET,"[""Bhod Bk.""]","[""Monday""]"
do you have the soil moisture 40cm data for mohmad urf jhinwarheri?,SOIL_MOISTURE,GET,"[""mohmad urf jhinwarheri""]",[]
Set an alert long range forecast tomorrow,FORECAST,ALERT,[],"[""tomorrow""]"
Wat is hawa ki disha?!,WIND_DIRECTION,GET,[],[]
Set an aelrt for rainfal near by for the next 3 days,RAIN,ALERT,"[""near by""]","[""next 3 days""]"
"Should i worry about the field moistre in Maina Bhagar, Gorakhpur on Friday?",SOIL_MOISTURE,ALERT,"[""Maina Bhagar, Gorakhpur""]","[""Friday""]"
Set an alart for moisture in the air in Sambianallur at 9:30 PM pls,HUMIDITY,ALERT,"[""Sambianallur""]","[""9:30 PM""]"
How does wind speed forecast aruond my area compare with Water Bodies tommorow?,WIND_SPEED,COMPARE,"[""my area"", ""Water Bodies""]","[""tommorow""]"
"Compare the week ahead forecast between Merakamudidam Vizianagaram and Narsinghpura, Diogd during the sowing week",FORECAST,COMPARE,"[""Merakamudidam Vizianagaram"", ""Narsinghpura, Diogd""]","[""sowing week""]"
Whats the tempreture looking like,TEMPERATURE,GET,[],[]
hottest temperature details on friday,TEMPERATURE_MAX,GET,[],"[""friday""]"
How is the lowest temp next week?,TEMPERATURE_MIN,GET,[],"[""next week""]"
Outside conditions in Islampur on Friday,CURRENT_CONDITIONS,GET,"[""Islampur""]","[""Friday""]"
Contrast the couditions right now in Gowdanahalli Tummakuru Karnataka between 10:06 am and 7:02 AM to 10 PM,CURRENT_CONDITIONS,COMPARE,"[""Gowdanahalli Tummakuru Karnataka""]","[""10:06 am"", ""7:02 AM to 10 PM""]"
tell diffrence peak temperatuer maharashtra bindipur next weekend??,TEMPERATURE_MAX,COMPARE,"[""maharashtra"", ""bindipur""]","[""next weekend""]"
colud you check weekly weather in my plot?,FORECAST,GET,"[""my plot""]",[]
What is the current temperature in Dallas?,TEMPERATURE,GET,"[""Dallas""]",[]
Compare humidity levels in Singapore and Dubai today,HUMIDITY,COMPARE,"[""Singapore"", ""Dubai""]","[""today""]"
"Maxmum Chirakuta Pt.ii, Dhubri vs Baraala tonight",TEMPERATURE_MAX,COMPARE,"[""Chirakuta Pt.ii, Dhubri"", ""Baraala""]","[""tonight""]"
Highest temperature details for Bogole last week,TEMPERATURE_MAX,GET,"[""Bogole""]","[""last week""]"
Flag soil temprature here by 10 am,SOIL_TEMPERATURE,ALERT,"[""here""]","[""10 am""]"
Set an alert for cold in my feild 2day,TEMPERATURE,ALERT,"[""my feild""]","[""2day""]"
Flag the sunltie for Amaja,SUNSHINE,ALERT,"[""Amaja""]",[]
Temperature of soil Ramanujnagar or Muhli Buzurg,SOIL_TEMPERATURE,COMPARE,"[""Ramanujnagar"", ""Muhli Buzurg""]",[]
Wind rate alert Mississippi by 9:45 pm,WIND_SPEED,ALERT,"[""Mississippi""]","[""9:45 pm""]"
Keep me postd on the wind directon in Rudrprayag by 12:05 PM,WIND_DIRECTION,ALERT,"[""Rudrprayag""]","[""12:05 PM""]"
Compare precipittion Chhatigarh India Cuttack Odisha the next 3 days,RAIN,COMPARE,"[""Chhatigarh India"", ""Cuttack Odisha""]","[""next 3 days""]"
"Regadring Gundaram Tadwai, what is the will it rain arouund 9:54 AM?",RAIN,GET,"[""Gundaram Tadwai""]","[""9:54 AM""]"
what is the ground heat in gara?,SOIL_TEMPERATURE,GET,"[""gara""]",[]
what is the wind comes from yesterday in bulaki tola purbi champaran?,WIND_DIRECTION,GET,"[""bulaki tola purbi champaran""]","[""yesterday""]"
"Maira Dhaj, Nagaon, Assam weather situation yesterday",CURRENT_CONDITIONS,GET,"[""Maira Dhaj, Nagaon, Assam""]","[""yesterday""]"
Update me on the soil moisture at 10cm on Saturday,SOIL_MOISTURE,GET,[],"[""Saturday""]"
Alert me if the weather turns bad in Sirka right now,CURRENT_CONDITIONS,ALERT,"[""Sirka""]","[""right now""]"
Contrast the weater situtaion near me with Fattepur this afternoon,CURRENT_CONDITIONS,COMPARE,"[""near me"", ""Fattepur""]","[""this afternoon""]"
"Compare the how cloudy in Betul, Madhya Pradesh between 10 pm and tonight",CLOUD_COVER,COMPARE,"[""Betul, Madhya Pradesh""]","[""10 pm"", ""tonight""]"
"Which is better wind directon, Water Bodies, Gwalior or Awadah Khas, Lalganj?",WIND_DIRECTION,COMPARE,"[""Water Bodies, Gwalior"", ""Awadah Khas, Lalganj""]",[]
Check the weather forecast in Turamaimdi?!,FORECAST,GET,"[""Turamaimdi""]",[]
"Check humdity for both Malegaon and Village Point Boundary, Dornala by midnight",HUMIDITY,COMPARE,"[""Malegaon"", ""Village Point Boundary, Dornala""]","[""midnight""]"
Notify me the outside weather in Auranga Bad on Saturday,CURRENT_CONDITIONS,ALERT,"[""Auranga Bad""]","[""Saturday""]"
"Soil temperature 10cm details for Auranga Bad, Shahjahanpur rn",SOIL_TEMPERATURE,GET,"[""Auranga Bad, Shahjahanpur""]","[""rn""]"
Whts rh in Gara tonight,HUMIDITY,GET,"[""Gara""]","[""tonight""]"
Want to know air speed Sugur tomorow,WIND_SPEED,GET,"[""Sugur""]","[""tomorow""]"
tell me the wind flow directino around 3:30 pm,WIND_DIRECTION,GET,[],"[""3:30 pm""]"
Is there any wind bearing warning for Samoa?,WIND_DIRECTION,ALERT,"[""Samoa""]",[]
"notify me about the temp in jogidhipa, sundararh, odisha",TEMPERATURE,ALERT,"[""jogidhipa, sundararh, odisha""]",[]
Compare max temperature Sundarpur Kuraljoria around 6 PM,TEMPERATURE_MAX,COMPARE,"[""Sundarpur"", ""Kuraljoria""]","[""6 PM""]"
Alrt me if dew point temperature changes in Majha Mahripur this evening,DEW_POINT,ALERT,"[""Majha Mahripur""]","[""this evening""]"
I need the extended forecast reading for Jamwa Ramgarh,FORECAST,GET,"[""Jamwa Ramgarh""]",[]
Contrast the solar eposure aroound my area with Shohrok,SUNSHINE,COMPARE,"[""my area"", ""Shohrok""]",[]
Do you have the dew point data for Kamrkuchi 2day,DEW_POINT,GET,"[""Kamrkuchi""]","[""2day""]"
Update me on the vaatavaranam day after tomorow,CURRENT_CONDITIONS,GET,[],"[""day after tomorow""]"
show me the humididty in gospurnatara now?!,HUMIDITY,GET,"[""gospurnatara""]","[""now""]"
cempare the soil temp in our village with painada modarpur next weekend,SOIL_TEMPERATURE,COMPARE,"[""our village"", ""painada modarpur""]","[""next weekend""]"
Compare the strong wind near by with Simra Bhata Nivari Madhya Pradesh,WIND_SPEED,COMPARE,"[""near by"", ""Simra Bhata Nivari Madhya Pradesh""]",[]
Do you have the degree data for Turamamidi at 5 PM?,TEMPERATURE,GET,"[""Turamamidi""]","[""5 PM""]"
How does conditions riuht now around here coompare with Tada?,CURRENT_CONDITIONS,COMPARE,"[""here"", ""Tada""]",[]
"This week, alert me abut the dew point in Adusumalle, Parucuuru",DEW_POINT,ALERT,"[""Adusumalle, Parucuuru""]","[""This week""]"
compre soil watre content in beradangi chanchal maldah vs chegunta from 9:43 am to 1 pm,SOIL_MOISTURE,COMPARE,"[""beradangi chanchal maldah"", ""chegunta""]","[""9:43 am to 1 pm""]"
is the soil moisture at 10cm in laro higher 1 am or tonight?,SOIL_MOISTURE,COMPARE,"[""laro""]","[""1 am"", ""tonight""]"
Maximum tempruture Krod Odisha or Sanyasipura,TEMPERATURE_MAX,COMPARE,"[""Krod Odisha"", ""Sanyasipura""]",[]
Plz alet forecaste Ghatchora by 8:30 AM,FORECAST,ALERT,"[""Ghatchora""]","[""8:30 AM""]"
"compare the weather outlook at my place with thakurdi, puruliya for the next 7 days",FORECAST,COMPARE,"[""my place"", ""thakurdi, puruliya""]","[""next 7 days""]"
"in yaval, what is the hottest on friday?",TEMPERATURE_MAX,GET,"[""yaval""]","[""friday""]"
Tel me the dew point for Kaluan,DEW_POINT,GET,"[""Kaluan""]",[]
"lowest temperatuer today alert odieha, india last week",TEMPERATURE_MIN,ALERT,"[""odieha, india""]","[""last week""]"
compare the how cloudy arround here with gokalyawala duirng the sowing week,CLOUD_COVER,COMPARE,"[""here"", ""gokalyawala""]","[""sowing week""]"
How is the temp?,TEMPERATURE,GET,[],[]
"Will it rain in Narsinghpura, Digod this week?",RAIN,GET,"[""Narsinghpura, Digod""]","[""this week""]"
Contrast foecaste near me with Kholpru next week,FORECAST,COMPARE,"[""near me"", ""Kholpru""]","[""next week""]"
Compare earth teperature Baratua Udham Singh Nagar from 7 am to 9:30 pm,SOIL_TEMPERATURE,COMPARE,"[""Baratua"", ""Udham Singh Nagar""]","[""7 am to 9:30 pm""]"
Put a reminder for weather for next days in Nilapalli by 1:48 PM,FORECAST,ALERT,"[""Nilapalli""]","[""1:48 PM""]"
is any lihgt rain advisory issued?,RAIN,ALERT,[],[]
i want to know the min temp in kothur nxt week,TEMPERATURE_MIN,GET,"[""kothur""]","[""nxt week""]"
"Which has higher sun duration, Tonk or Khilampur from 9 AM to 11 AM?",SUNSHINE,COMPARE,"[""Tonk"", ""Khilampur""]","[""9 AM to 11 AM""]"
Set an alert for ground temp in my farm around 9 am,SOIL_TEMPERATURE,ALERT,"[""my farm""]","[""9 am""]"
Set an alert for weather here on Saturday,CURRENT_CONDITIONS,ALERT,"[""here""]","[""Saturday""]"
How is the day high in Chhailai Jagir Ashoknagar tomorrow morning,TEMPERATURE_MAX,GET,"[""Chhailai Jagir Ashoknagar""]","[""tomorrow morning""]"
How is the hawa ki diisha in my field for the next 7 days?,WIND_DIRECTION,GET,"[""my field""]","[""next 7 days""]"
Is three any maximum temperature warning for Mlotha rn?,TEMPERATURE_MAX,ALERT,"[""Mlotha""]","[""rn""]"
how much solar exposue in anadnpur in 30 minutes quickly,SUNSHINE,GET,"[""anadnpur""]","[""30 minutes""]"
moh gaon v/s tekulpahad humidity percentage tmrw,HUMIDITY,COMPARE,"[""moh gaon"", ""tekulpahad""]","[""tmrw""]"
Any warnings about os bindu in Kothur Tiruppattur at 11:30 AM?,DEW_POINT,ALERT,"[""Kothur Tiruppattur""]","[""11:30 AM""]"
Need mitit ki nami for Sahajpuri Raisen Madhya Pradesh on Tuesday,SOIL_MOISTURE,GET,"[""Sahajpuri Raisen Madhya Pradesh""]","[""Tuesday""]"
Raies an alarm if the houas of sunlight looks bad in Hramandalam this week??,SUNSHINE,ALERT,"[""Hramandalam""]","[""this week""]"
Check the soil moisture at 10 m yesterday,SOIL_MOISTURE,GET,[],"[""yesterday""]"
Contrast the actual temperature in my vilage with Algeria tmrw,TEMPERATURE,COMPARE,"[""my vilage"", ""Algeria""]","[""tmrw""]"
"Notify me the weather status in Wargal, Siddipet tonight",CURRENT_CONDITIONS,ALERT,"[""Wargal, Siddipet""]","[""tonight""]"
How much datyime high in my feild this weekend?,TEMPERATURE_MAX,GET,"[""my feild""]","[""this weekend""]"
"let me know if there is weather for next days alrt in duldula, chhatisgarh tomorrow evening",FORECAST,ALERT,"[""duldula, chhatisgarh""]","[""tomorrow evening""]"
"Ping me about the which way the wind blows in Naran Khera, Bhilwara tomorrow",WIND_DIRECTION,ALERT,"[""Naran Khera, Bhilwara""]","[""tomorrow""]"
ifnorm me if clodness bad in hingangaon next week,CLOUD_COVER,ALERT,"[""hingangaon""]","[""next week""]"
compaare future weather here with khudra dingdingi barbhag circle at 4:45 pm,FORECAST,COMPARE,"[""here"", ""khudra dingdingi barbhag circle""]","[""4:45 pm""]"
Set an alert for rain chance in Tarniya Khera aruund 10:45 PM,RAIN,ALERT,"[""Tarniya Khera""]","[""10:45 PM""]"
Wich has more soil moistur Cuttack Odisha or Juhia by 2 AM,SOIL_MOISTURE,COMPARE,"[""Cuttack Odisha"", ""Juhia""]","[""2 AM""]"
"Copare the clooud amount in Nutangram, Burdan between tomorow and 1 am",CLOUD_COVER,COMPARE,"[""Nutangram, Burdan""]","[""tomorow"", ""1 am""]"
"Raise an alarm if the sun looks bad in Babhulkheda, Kannad, Aurangabad next month",SUNSHINE,ALERT,"[""Babhulkheda, Kannad, Aurangabad""]","[""next month""]"
Gadbadia verses Bhijapara wind sped forecast?!,WIND_SPEED,COMPARE,"[""Gadbadia"", ""Bhijapara""]",[]
plz Set an alart for weather conditions in Bisrampur Pashchimi Champaran,CURRENT_CONDITIONS,ALERT,"[""Bisrampur Pashchimi Champaran""]",[]
Whts sun hours Neurhawa nxt week,SUNSHINE,GET,"[""Neurhawa""]","[""nxt week""]"
put the taapmaan around my area against bandliguda tomorrow night,TEMPERATURE,COMPARE,"[""my area"", ""bandliguda""]","[""tomorrow night""]"
"Dewpoint alert R.venkampeta, Vizianagaram at 7 pm",DEW_POINT,ALERT,"[""R.venkampeta, Vizianagaram""]","[""7 pm""]"
Put the wind velocity nearby against Hatale kindly,WIND_SPEED,COMPARE,"[""nearby"", ""Hatale""]",[]
Want to know dew levl Inglish Timaapur on Sunday,DEW_POINT,GET,"[""Inglish Timaapur""]","[""Sunday""]"
I need the current temp reading for Mahuwan day after tomorow,TEMPERATURE,GET,"[""Mahuwan""]","[""day after tomorow""]"
Relatve humidity Parbahal vs Sikkim Inida on Tuesday,HUMIDITY,COMPARE,"[""Parbahal"", ""Sikkim Inida""]","[""Tuesday""]"
Flag the climatte right now for Kinaidih tomorrow night,CURRENT_CONDITIONS,ALERT,"[""Kinaidih""]","[""tomorrow night""]"
Bhirwahi and Ssiswa Tola Jai Ray Bagha freocast,FORECAST,COMPARE,"[""Bhirwahi"", ""Ssiswa Tola Jai Ray Bagha""]",[]
Quicck wind velocity check Peeploond on Saturday,WIND_SPEED,GET,"[""Peeploond""]","[""Saturday""]"
Set an allert for soil moisture at 10cm in this area tomorow,SOIL_MOISTURE,ALERT,"[""this area""]","[""tomorow""]"
notifiy me about the temperatuer in awadah khas by 1:48 pm,TEMPERATURE,ALERT,"[""awadah khas""]","[""1:48 pm""]"
srhipur or ecuador better hawa ki disah?,WIND_DIRECTION,COMPARE,"[""srhipur"", ""ecuador""]",[]
Notify me about the ground temp for the next 7 days?!,SOIL_TEMPERATURE,ALERT,[],"[""next 7 days""]"
Is the moisture in field in Dhand higher next week or 10 AM to 11 am,SOIL_MOISTURE,COMPARE,"[""Dhand""]","[""next week"", ""10 AM to 11 am""]"
Wat is the overnight low in Gulalwali?,TEMPERATURE_MIN,GET,"[""Gulalwali""]",[]
Contrast the night low in my field with Purnia day after tomorrow,TEMPERATURE_MIN,COMPARE,"[""my field"", ""Purnia""]","[""day after tomorrow""]"
cempare laro jammu and kashmir and d.p.f.chilamgad light rain,RAIN,COMPARE,"[""laro jammu and kashmir"", ""d.p.f.chilamgad""]",[]
Notify me if the dew point rises in Khudra Dingdingi this morning,DEW_POINT,ALERT,"[""Khudra Dingdingi""]","[""this morning""]"
"Do you have the mtiti ki nami data for Betjharan, Sambalpur, Odisha rn",SOIL_MOISTURE,GET,"[""Betjharan, Sambalpur, Odisha""]","[""rn""]"
"set an alrt for min temperature in kannur, kerala tomorrow evening",TEMPERATURE_MIN,ALERT,"[""kannur, kerala""]","[""tomorrow evening""]"
Compare the dewpoint temperature around here with Sultanpura for the next 3 days,DEW_POINT,COMPARE,"[""here"", ""Sultanpura""]","[""next 3 days""]"
Ping me about the humiuty in Rawani Pur,HUMIDITY,ALERT,"[""Rawani Pur""]",[]
how does the dewpiont in kotputli compare with jukhia later today?,DEW_POINT,COMPARE,"[""kotputli"", ""jukhia""]","[""later today""]"
Compare the sun between Joogidhipa and Jujuy,SUNSHINE,COMPARE,"[""Joogidhipa"", ""Jujuy""]",[]
notify me about the barish in suoatraidi alias lakragora this afternoon,RAIN,ALERT,"[""suoatraidi alias lakragora""]","[""this afternoon""]"
Set an aleert for hottest in my farm by 8:30 AM,TEMPERATURE_MAX,ALERT,"[""my farm""]","[""8:30 AM""]"
flag the dew ponit?!,DEW_POINT,ALERT,[],[]
Put the cloud cver percentage in my feild against Chinchali in the next 12 hours,CLOUD_COVER,COMPARE,"[""my feild"", ""Chinchali""]","[""next 12 hours""]"
Notify me the tempature by 7:20 am,TEMPERATURE,ALERT,[],"[""7:20 am""]"
Flag the dew temperature for Annadpur tomorrow night,DEW_POINT,ALERT,"[""Annadpur""]","[""tomorrow night""]"
tioluvur vs awhane bk. ahamadnagar clud deensity,CLOUD_COVER,COMPARE,"[""tioluvur"", ""awhane bk. ahamadnagar""]",[]
min temp alert sukhwasi,TEMPERATURE_MIN,ALERT,"[""sukhwasi""]",[]
Updae me on the minimum temprature in Beerakanahalli tonight,TEMPERATURE_MIN,GET,"[""Beerakanahalli""]","[""tonight""]"
check the overnight low in chak dulat day after tomorow,TEMPERATURE_MIN,GET,"[""chak dulat""]","[""day after tomorow""]"
"How does the nami at my location compare with Kungayi, Siddharthnagar next week",HUMIDITY,COMPARE,"[""my location"", ""Kungayi, Siddharthnagar""]","[""next week""]"
What is the daytme high near by?,TEMPERATURE_MAX,GET,"[""near by""]",[]
How does the soil moisture at 10 m Hasanyarpurtihara Kalan compaee with Araji Maphi Soana by 9:45 pm,SOIL_MOISTURE,COMPARE,"[""Hasanyarpurtihara Kalan"", ""Araji Maphi Soana""]","[""9:45 pm""]"
"Bausi verssus Sadra, Gujarat soil moisture at 10cm nxt week",SOIL_MOISTURE,COMPARE,"[""Bausi"", ""Sadra, Gujarat""]","[""nxt week""]"
What is the what's weather like in Kadmiha next week?,CURRENT_CONDITIONS,GET,"[""Kadmiha""]","[""next week""]"
"wind headign in baramula and tidragan, which is better?",WIND_DIRECTION,COMPARE,"[""baramula"", ""tidragan""]",[]
Vaaan this week pls,RAIN,GET,[],"[""this week""]"
"Pls tell me the wind intensity in Sihor, Bhavnagar on Friday",WIND_SPEED,GET,"[""Sihor, Bhavnagar""]","[""Friday""]"
Check the showers from 8:30 am to 12:30 PM,RAIN,GET,[],"[""8:30 am to 12:30 PM""]"
Show me the dewpoint for Kolhapur and Baniyala Churu from 5:16 AM to 9 pm,DEW_POINT,COMPARE,"[""Kolhapur"", ""Baniyala Churu""]","[""5:16 AM to 9 pm""]"
Want to know hours of sun Kurod Odisha,SUNSHINE,GET,"[""Kurod Odisha""]",[]
Dew point arod my area next week,DEW_POINT,GET,"[""my area""]","[""next week""]"
Warn me about the badal in Sitapur this morning,CLOUD_COVER,ALERT,"[""Sitapur""]","[""this morning""]"
i want to know the soil temprature at 40cm in kanisail pt ii assam 2day,SOIL_TEMPERATURE,GET,"[""kanisail pt ii assam""]","[""2day""]"
"directien of the wind upar bhursani vs panposh, odisha",WIND_DIRECTION,COMPARE,"[""upar bhursani"", ""panposh, odisha""]",[]
Which directiion the wind blowign in Kathgariya early morning,WIND_DIRECTION,GET,"[""Kathgariya""]","[""early morning""]"
alert me if the forecast changes for suratraidi alias lakragora for the next 3 days,FORECAST,ALERT,"[""suratraidi alias lakragora""]","[""next 3 days""]"
Chek the sunshine in Dabari during the sowing week,SUNSHINE,GET,"[""Dabari""]","[""sowing week""]"
coud cover percentage alert khutmai circle this morning,CLOUD_COVER,ALERT,"[""khutmai circle""]","[""this morning""]"
Set an alart for dew temperature in Baglan around 4:15 PM,DEW_POINT,ALERT,"[""Baglan""]","[""4:15 PM""]"
Flag the os bidu nearby in 30 minutes,DEW_POINT,ALERT,"[""nearby""]","[""30 minutes""]"
How much rain will Piprhia get tomorrow night?,RAIN,GET,"[""Piprhia""]","[""tomorrow night""]"
the soil temperature at 10cm in sirsi 2nite?,SOIL_TEMPERATURE,GET,"[""sirsi""]","[""2nite""]"
wat is sunlight horus around here by 1 pm,SUNSHINE,GET,"[""here""]","[""1 pm""]"
"Update me on the miosture at 40cm in Khilmapur, Jalgaon by 11 am",SOIL_MOISTURE,GET,"[""Khilmapur, Jalgaon""]","[""11 am""]"
"In Bargaon, what is the sun hurs on Monday?",SUNSHINE,GET,"[""Bargaon""]","[""Monday""]"
Warn me about the cloud amount right now,CLOUD_COVER,ALERT,[],"[""right now""]"
"tell me when chance of rain changes ganguwa, sagar, madhya pradesh",RAIN,ALERT,"[""ganguwa, sagar, madhya pradesh""]",[]
Show me the min tempeeratrue for Gaura Bihar and Pauchim Joykrishnapur on Sunday,TEMPERATURE_MIN,COMPARE,"[""Gaura Bihar"", ""Pauchim Joykrishnapur""]","[""Sunday""]"
"Rain Jhagar Pur, Bighapur, Unnao",RAIN,GET,"[""Jhagar Pur, Bighapur, Unnao""]",[]
"In Kabul Khedi, what is the sun hours from 9 AM to 11 AM?",SUNSHINE,GET,"[""Kabul Khedi""]","[""9 AM to 11 AM""]"
How does the dew temperature in Anandpur 4:45 PM compare to 6 pm?,DEW_POINT,COMPARE,"[""Anandpur""]","[""4:45 PM"", ""6 pm""]"
Let me know if there is a weather now alert in Bocha Gara on Monday asap,CURRENT_CONDITIONS,ALERT,"[""Bocha Gara""]","[""Monday""]"
"whhere is the hottest greater, santkabirnagar or bedchit day after tomorow?",TEMPERATURE_MAX,COMPARE,"[""santkabirnagar"", ""bedchit""]","[""day after tomorow""]"
flag the hours of sunlight in my plot this morning??,SUNSHINE,ALERT,"[""my plot""]","[""this morning""]"
How clouay is it Pura Ruchia Prayagraj Uttarpradesh day after tomorow,CLOUD_COVER,GET,"[""Pura Ruchia Prayagraj Uttarpradesh""]","[""day after tomorow""]"
How does the tempratre in Sidha tomorow compare to tonight?,TEMPERATURE,COMPARE,"[""Sidha""]","[""tomorow"", ""tonight""]"
"diffrenae in humidity between sadar, west tripura and chalkusha nxt week",HUMIDITY,COMPARE,"[""sadar, west tripura"", ""chalkusha""]","[""nxt week""]"
wat is the clud cover percntage in budhana?,CLOUD_COVER,GET,"[""budhana""]",[]
Warn me about the is it going to rain in this area tomorow,RAIN,ALERT,"[""this area""]","[""tomorow""]"
Put the dew point in this area against Barwala,DEW_POINT,COMPARE,"[""this area"", ""Barwala""]",[]
"alrt me if wind changgus in daamodarpur, odisha 2nite",WIND_SPEED,ALERT,"[""daamodarpur, odisha""]","[""2nite""]"
Ping me about the cold from 8:30 am to 12:30 PM,TEMPERATURE,ALERT,[],"[""8:30 am to 12:30 PM""]"
Soil moisture at 40 m Nutagnram by 3:45 AM pls,SOIL_MOISTURE,GET,"[""Nutagnram""]","[""3:45 AM""]"
mississpipi prediction on tuesday,FORECAST,GET,"[""mississpipi""]","[""tuesday""]"
"Tonight, what is the degree",TEMPERATURE,GET,[],"[""Tonight""]"
Tell me the erth temperature tomorrow night,SOIL_TEMPERATURE,GET,[],"[""tomorrow night""]"
"Bedchit vs Bargaon, Subarnapur wind gusts next weekend",WIND_SPEED,COMPARE,"[""Bedchit"", ""Bargaon, Subarnapur""]","[""next weekend""]"
Compere the temperature between Akuanala and Barangabari 2nite,TEMPERATURE,COMPARE,"[""Akuanala"", ""Barangabari""]","[""2nite""]"
"compare the soil weness leveel in our village with naran khera, bhilwara on wednesday",SOIL_MOISTURE,COMPARE,"[""our village"", ""naran khera, bhilwara""]","[""wednesday""]"
what will the climate rigght now be in athri on friday?,CURRENT_CONDITIONS,GET,"[""athri""]","[""friday""]"
tel me the heat level for gourdh now,TEMPERATURE,GET,"[""gourdh""]","[""now""]"
Kulgarhi vs Gurrampalli humiddity?,HUMIDITY,COMPARE,"[""Kulgarhi"", ""Gurrampalli""]",[]
Give dew Gorasa tonight,DEW_POINT,GET,"[""Gorasa""]","[""tonight""]"
Soil moistuure at 40 m at my location tmrw,SOIL_MOISTURE,GET,"[""my location""]","[""tmrw""]"
"Wich has more miti ka taappmaan Cmooros or Kailashpura, Dhaulpur right now",SOIL_TEMPERATURE,COMPARE,"[""Cmooros"", ""Kailashpura, Dhaulpur""]","[""right now""]"
Check vaatavaranam Charama,CURRENT_CONDITIONS,GET,"[""Charama""]",[]
What's the dewpoint temperature in my village at 10:14 PM,DEW_POINT,GET,"[""my village""]","[""10:14 PM""]"
inform me if eath temperature bad in lauhra tomorow,SOIL_TEMPERATURE,ALERT,"[""lauhra""]","[""tomorow""]"
tel me soil moisture from 6:30 pm to 10 pm,SOIL_MOISTURE,GET,[],"[""6:30 pm to 10 pm""]"
Set an alart for wind speed forecast in Charbhata Keshkal,WIND_SPEED,ALERT,"[""Charbhata Keshkal""]",[]
"Comppare Venkatarayapuram, Chintolapudi and Hosahalli soil moisture",SOIL_MOISTURE,COMPARE,"[""Venkatarayapuram, Chintolapudi"", ""Hosahalli""]",[]
how does the hours of sunlght in my feild compare with powa right now?,SUNSHINE,COMPARE,"[""my feild"", ""powa""]","[""right now""]"
"Compare overnight low Shala Teng Ghat, Srinagar, Jammu And Kashmir Dayara Timbi, Mendarda, Junagadh, Gujarat during the sowing week",TEMPERATURE_MIN,COMPARE,"[""Shala Teng Ghat, Srinagar, Jammu And Kashmir"", ""Dayara Timbi, Mendarda, Junagadh, Gujarat""]","[""sowing week""]"
Alrt me if ground temperature changes in Manikpara by 12 AM,SOIL_TEMPERATURE,ALERT,"[""Manikpara""]","[""12 AM""]"
Flag the soil heat level around here from 9 AM to 11 AM,SOIL_TEMPERATURE,ALERT,"[""here""]","[""9 AM to 11 AM""]"
Tell me when chance of rain changes Bhaluk Mari Gaon by 1 pm,RAIN,ALERT,"[""Bhaluk Mari Gaon""]","[""1 pm""]"
How much humidity percnt tomorrow morning??,HUMIDITY,GET,[],"[""tomorrow morning""]"
Send me an alert if the relative humidity is unusual in Tarf Tajwal tomorow,HUMIDITY,ALERT,"[""Tarf Tajwal""]","[""tomorow""]"
"On Wednesday, compre the sky cover in Bhawanpur and Darola, Bilaspur",CLOUD_COVER,COMPARE,"[""Bhawanpur"", ""Darola, Bilaspur""]","[""Wednesday""]"
"How duz the wind force in Dehgam, Gandhinagar cumpare with Sawai Madhopur Rajasthan by 2 am?",WIND_SPEED,COMPARE,"[""Dehgam, Gandhinagar"", ""Sawai Madhopur Rajasthan""]","[""2 am""]"
compare the bright sunshine bettween kanda lostu and kulattur on sunday,SUNSHINE,COMPARE,"[""kanda lostu"", ""kulattur""]","[""sunday""]"
Is there high wind today in San Diego?,WIND_SPEED,GET,"[""San Diego""]","[""today""]"
Inofrm me if wnd direction bad in Chhulha today,WIND_DIRECTION,ALERT,"[""Chhulha""]","[""today""]"
"Nxt week, compare the whcih way the wind blows in Bagbahra and Serbia",WIND_DIRECTION,COMPARE,"[""Bagbahra"", ""Serbia""]","[""Nxt week""]"
is there any soil moisture 40cm warning from 7 pm to 9:30 pm asap,SOIL_MOISTURE,ALERT,[],"[""7 pm to 9:30 pm""]"
Whats up with the sky cover in Bulaki Tola Prbi Champaran this week?,CLOUD_COVER,GET,"[""Bulaki Tola Prbi Champaran""]","[""this week""]"
Update me on the sky condition last week,CLOUD_COVER,GET,[],"[""last week""]"
Maximum tempeature R.venkampeta or Bdarikilo,TEMPERATURE_MAX,COMPARE,"[""R.venkampeta"", ""Bdarikilo""]",[]
Is any forecast advisory issued tomorrow evening?,FORECAST,ALERT,[],"[""tomorrow evening""]"
"Put the overnight temerature of Pakaria Kalan, Chatra against Gali Bhimmavaram durng the sowing week",TEMPERATURE_MIN,COMPARE,"[""Pakaria Kalan, Chatra"", ""Gali Bhimmavaram""]","[""sowing week""]"
Flag the soil temperature 10cm for Kohimma in 82 minutes,SOIL_TEMPERATURE,ALERT,"[""Kohimma""]","[""82 minutes""]"
Show me sunlight houurs for Kubai Kata Gaon and Delhi at 9:15 am,SUNSHINE,COMPARE,"[""Kubai Kata Gaon"", ""Delhi""]","[""9:15 am""]"
"Regarding Punjab Inida, what is the miti ka tapmaan?",SOIL_TEMPERATURE,GET,"[""Punjab Inida""]",[]
notify me about the dew point temp at my location early morning,DEW_POINT,ALERT,"[""my location""]","[""early morning""]"
Contrast the weathr report in my plot with Tendawa Siisatipur right now,FORECAST,COMPARE,"[""my plot"", ""Tendawa Siisatipur""]","[""right now""]"
Do i need an umbrella Waugal?,RAIN,GET,"[""Waugal""]",[]
Tell me when coldst changes Shendri Bk.,TEMPERATURE_MIN,ALERT,"[""Shendri Bk.""]",[]
Warn me about the where wind is coming from in my plot tomorow,WIND_DIRECTION,ALERT,"[""my plot""]","[""tomorow""]"
Warn me about soil moisture 10cm by midnight,SOIL_MOISTURE,ALERT,[],"[""midnight""]"
Cloud covr in my field by midnight pls,CLOUD_COVER,GET,"[""my field""]","[""midnight""]"
Daily forecast in our village,FORECAST,GET,"[""our village""]",[]
"is the wind speed hiigher in konijerla or in babhulkheda, kannad, aurangabad?",WIND_SPEED,COMPARE,"[""konijerla"", ""babhulkheda, kannad, aurangabad""]",[]
"Put the earth temperatture in my feild aganst Bakarkol, Azamgarh, Uttarpradesh",SOIL_TEMPERATURE,COMPARE,"[""my feild"", ""Bakarkol, Azamgarh, Uttarpradesh""]",[]
"Compare the conditiosn right now in my field with Shala Teng Ghat, Srinagar, Jammu And Kashmir",CURRENT_CONDITIONS,COMPARE,"[""my field"", ""Shala Teng Ghat, Srinagar, Jammu And Kashmir""]",[]
Compare the humididty around here with Sidullahpur in the next 8 hours,HUMIDITY,COMPARE,"[""here"", ""Sidullahpur""]","[""next 8 hours""]"
Warn me about the taapmaan in my field nxt week,TEMPERATURE,ALERT,"[""my field""]","[""nxt week""]"
Sunny hours Thethar on Wednesday pls,SUNSHINE,GET,"[""Thethar""]","[""Wednesday""]"
"Hw cold in Gara, Bankura from 10 AM to 11 am",TEMPERATURE,GET,"[""Gara, Bankura""]","[""10 AM to 11 am""]"
Contrast the solar expesure here with Mangalvedhe Solapur Maharashtra during the sowing week,SUNSHINE,COMPARE,"[""here"", ""Mangalvedhe Solapur Maharashtra""]","[""sowing week""]"
What is the temperature in AP tomorrow?,TEMPERATURE,GET,"[""AP""]","[""tomorrow""]"
Flag the overnight low around my area,TEMPERATURE_MIN,ALERT,"[""my area""]",[]
"Where is the sunny hours greater, Dhepua or Bagankheda, Kannod this evening",SUNSHINE,COMPARE,"[""Dhepua"", ""Bagankheda, Kannod""]","[""this evening""]"
Give me the wind intensity for Raksani around 8:45 AM,WIND_SPEED,GET,"[""Raksani""]","[""8:45 AM""]"
River vs Madhaigaj deegrees,TEMPERATURE,COMPARE,"[""River"", ""Madhaigaj""]",[]
put the wind force near by agnast argentina on sunday,WIND_SPEED,COMPARE,"[""near by"", ""argentina""]","[""sunday""]"
how does the feels like temperature my fiedl compre with wadad for the next 3 days?,TEMPERATURE,COMPARE,"[""my fiedl"", ""wadad""]","[""next 3 days""]"
how is the rain intensity near by at 4 am?,RAIN,GET,"[""near by""]","[""4 am""]"
Notify me if the dew point rises in Ireland around 4:15 PM,DEW_POINT,ALERT,"[""Ireland""]","[""4:15 PM""]"
"regarding thethar, what is the hawa ki disha around 8:45 am?",WIND_DIRECTION,GET,"[""thethar""]","[""8:45 am""]"
I need the humidity level reading for Bramhapuri around 7:30 AM,HUMIDITY,GET,"[""Bramhapuri""]","[""7:30 AM""]"
"Alrt me if moisture in the soil changes in Nagapattinam, Taiml Nadu at 2 PM",SOIL_MOISTURE,ALERT,"[""Nagapattinam, Taiml Nadu""]","[""2 PM""]"
"weather condditions in akkarapakkam and khalina later today, which is better?",CURRENT_CONDITIONS,COMPARE,"[""akkarapakkam"", ""khalina""]","[""later today""]"
Is there any moisture level warning in my farm at 10:14 PM?,HUMIDITY,ALERT,"[""my farm""]","[""10:14 PM""]"
Climate rgiht now alert Koniijerla at 10:30 AM,CURRENT_CONDITIONS,ALERT,"[""Koniijerla""]","[""10:30 AM""]"
Ping me abot the highest temperature in Lachhmangarh tommorow,TEMPERATURE_MAX,ALERT,"[""Lachhmangarh""]","[""tommorow""]"
show me the upcoming weater for matka viran and sheorajpur tomorrow evening??,FORECAST,COMPARE,"[""matka viran"", ""sheorajpur""]","[""tomorrow evening""]"
Inform me if dew level bad in Deavpar,DEW_POINT,ALERT,"[""Deavpar""]",[]
Contrast the highest temp in Jhargaon bteween 6:15 am and sowing week..,TEMPERATURE_MAX,COMPARE,"[""Jhargaon""]","[""6:15 am"", ""sowing week""]"
"sadullahpur and kinaidih, raghunathpur, puruliya coldest temperautre around 4:15 pm",TEMPERATURE_MIN,COMPARE,"[""sadullahpur"", ""kinaidih, raghunathpur, puruliya""]","[""4:15 pm""]"
Set an alert for night low by 4 am,TEMPERATURE_MIN,ALERT,[],"[""4 am""]"
"any warnings about lowest temperature today in baghuapalli, bhapur 2day?",TEMPERATURE_MIN,ALERT,"[""baghuapalli, bhapur""]","[""2day""]"
How much humidity percent in Singhali by 1:48 PM,HUMIDITY,GET,"[""Singhali""]","[""1:48 PM""]"
message me the conditions right now in punch next week,CURRENT_CONDITIONS,ALERT,"[""punch""]","[""next week""]"
Cloudy details 2day,CLOUD_COVER,GET,[],"[""2day""]"
"put the weather ahead of pub bandar mela, lanka circle againsst charbhata keshkal at 9:30 am",FORECAST,COMPARE,"[""pub bandar mela, lanka circle"", ""charbhata keshkal""]","[""9:30 am""]"
Contrast the wind flow direction nearby with Ahesha at 9:30 pm,WIND_DIRECTION,COMPARE,"[""nearby"", ""Ahesha""]","[""9:30 pm""]"
"Tell me the outside condtiions Gourdih, Puruliya",CURRENT_CONDITIONS,GET,"[""Gourdih, Puruliya""]",[]
warn me about the dew in 90 minutes,DEW_POINT,ALERT,[],"[""90 minutes""]"
"i want to know the humidity level in ama tola, ambagarh chowki, raj nandgaon by 6:15 am",HUMIDITY,GET,"[""ama tola, ambagarh chowki, raj nandgaon""]","[""6:15 am""]"
what's the cloudness around my area tonight,CLOUD_COVER,GET,"[""my area""]","[""tonight""]"
"Weather now in Gualipada and Saran Nani, which is better?",CURRENT_CONDITIONS,COMPARE,"[""Gualipada"", ""Saran Nani""]",[]
"Grounnd moisture Dhhepua vs Magur Jan Milik, Purnia this morning",SOIL_MOISTURE,COMPARE,"[""Dhhepua"", ""Magur Jan Milik, Purnia""]","[""this morning""]"
Contrast the dewpoit in this area with Jetpura,DEW_POINT,COMPARE,"[""this area"", ""Jetpura""]",[]
"Warrn me about hottest temperaturre Nutangram, Burdwan on Wednesday",TEMPERATURE_MAX,ALERT,"[""Nutangram, Burdwan""]","[""Wednesday""]"
"notify me if it sarts raining in bagankheda, kannod this morning",RAIN,ALERT,"[""bagankheda, kannod""]","[""this morning""]"
Deegrees Reechhoti vs D.p.f.chilamgad this weekend,TEMPERATURE,COMPARE,"[""Reechhoti"", ""D.p.f.chilamgad""]","[""this weekend""]"
Could you check the prediction in my fiield tomorrow night,FORECAST,GET,"[""my fiield""]","[""tomorrow night""]"
"whats ground heat looking like in kannur, kerala this morning?",SOIL_TEMPERATURE,GET,"[""kannur, kerala""]","[""this morning""]"
how does the day high at my location copmare with katral?,TEMPERATURE_MAX,COMPARE,"[""my location"", ""katral""]",[]
coupare the temperature beteen kuwait and hingangaon next weekend,TEMPERATURE,COMPARE,"[""kuwait"", ""hingangaon""]","[""next weekend""]"
Long range forecast Sidha tmrw pls,FORECAST,GET,"[""Sidha""]","[""tmrw""]"
"This week, aletr me about the maximum in Gara",TEMPERATURE_MAX,ALERT,"[""Gara""]","[""This week""]"
compare the weether now in this area with chak rangapara,CURRENT_CONDITIONS,COMPARE,"[""this area"", ""chak rangapara""]",[]
warn me about the conditions right now in my fielld on tuesday,CURRENT_CONDITIONS,ALERT,"[""my fielld""]","[""tuesday""]"
earth temperature here arounnd 1 am pls,SOIL_TEMPERATURE,GET,"[""here""]","[""1 am""]"
Wind comse from in Bandarchuan: 49 minutes or 1:48 PM?,WIND_DIRECTION,COMPARE,"[""Bandarchuan""]","[""49 minutes"", ""1:48 PM""]"
Warn me aout the daytime temperature by midnight,TEMPERATURE_MAX,ALERT,[],"[""midnight""]"
Difference in soil water between Ndri Kalol and Bhorwahi around 8:45 AM,SOIL_MOISTURE,COMPARE,"[""Ndri Kalol"", ""Bhorwahi""]","[""8:45 AM""]"
"Today, alert me about the day high in Mairi Maharajganj",TEMPERATURE_MAX,ALERT,"[""Mairi Maharajganj""]","[""Today""]"
Is there any soil mousture at 10cm warning around here,SOIL_MOISTURE,ALERT,"[""here""]",[]
asap flag the codlest temperature neabry by 4:45 am,TEMPERATURE_MIN,ALERT,"[""neabry""]","[""4:45 am""]"
"How many hoours of sun will Babhulkheda, Kannad, Aurangabad get for the next 7 days",SUNSHINE,GET,"[""Babhulkheda, Kannad, Aurangabad""]","[""next 7 days""]"
"send me an alert if the low temp is unusual in khilmapur, jalgaon by 9 pm",TEMPERATURE_MIN,ALERT,"[""khilmapur, jalgaon""]","[""9 pm""]"
Diffrence in coldest temperture between Bhawani Khera Fatehabad and Mairi Maharajganj,TEMPERATURE_MIN,COMPARE,"[""Bhawani Khera Fatehabad"", ""Mairi Maharajganj""]",[]
Ping me abut the mitti ki nami next month,SOIL_MOISTURE,ALERT,[],"[""next month""]"
Update me on downur in Idaappadi tonight,RAIN,GET,"[""Idaappadi""]","[""tonight""]"
is the drizzle in lauhra differint 9:54 am and next 7 days?,RAIN,COMPARE,"[""lauhra""]","[""9:54 am"", ""next 7 days""]"
"On Monday, what is the humidity in Pathrkunwa, Snobhadra?",HUMIDITY,GET,"[""Pathrkunwa, Snobhadra""]","[""Monday""]"
whatts up with the drizzle in bajampur?,RAIN,GET,"[""bajampur""]",[]
"put the soil moastur in my fild agianst chewarpurab, lalganj right now pls",SOIL_MOISTURE,COMPARE,"[""my fild"", ""chewarpurab, lalganj""]","[""right now""]"
how much cloudness in dedya,CLOUD_COVER,GET,"[""dedya""]",[]
"tomorrow night, what is the vaatavaranam in charua madhya pradesh?",CURRENT_CONDITIONS,GET,"[""charua madhya pradesh""]","[""tomorrow night""]"
Kindly share the curent temp for Nagla Harsukha on Tuesday,TEMPERATURE,GET,"[""Nagla Harsukha""]","[""Tuesday""]"
Kindly shaoe the soil heat for Rannu tmrw,SOIL_TEMPERATURE,GET,"[""Rannu""]","[""tmrw""]"
Compare the air moisture in our village with Kalibel Dangs day after tomorrow,HUMIDITY,COMPARE,"[""our village"", ""Kalibel Dangs""]","[""day after tomorrow""]"
colud you let me know the air miosture in kotputli?,HUMIDITY,GET,"[""kotputli""]",[]
Contrast the rain probabiliy around my area with Bedchit next week??,RAIN,COMPARE,"[""my area"", ""Bedchit""]","[""next week""]"
"Which is better for moisture in the air, Bareti Kalan, Rewa or Araji Maphi Soana?",HUMIDITY,COMPARE,"[""Bareti Kalan, Rewa"", ""Araji Maphi Soana""]",[]
"Between Chhatisgarh India and Gandhinagar, whee is the rleative humidity stronger rn?",HUMIDITY,COMPARE,"[""Chhatisgarh India"", ""Gandhinagar""]","[""rn""]"
Is there upcomiing forecast warning for Chakrohee this morning?,FORECAST,ALERT,"[""Chakrohee""]","[""this morning""]"
Is there any wind warning this afternoon,WIND_SPEED,ALERT,[],"[""this afternoon""]"
i want know the cloud percent in khark lizer on tuesday,CLOUD_COVER,GET,"[""khark lizer""]","[""tuesday""]"
Chinnaramannagaripalle v/s Gulalwali how huumid later today,HUMIDITY,COMPARE,"[""Chinnaramannagaripalle"", ""Gulalwali""]","[""later today""]"
"set an alart for humidity percent in ghupti -, kalahandi, odisha next week",HUMIDITY,ALERT,"[""ghupti -, kalahandi, odisha""]","[""next week""]"
"By midnight, what is the wheather in our village?",CURRENT_CONDITIONS,GET,"[""our village""]","[""midnight""]"
Warn me aobut the lowest temp in Chakarajuvemula this week,TEMPERATURE_MIN,ALERT,"[""Chakarajuvemula""]","[""this week""]"
"wind diretion gap betwaen guhalipada and daramli, idar, sabar kantha by 9:45 pm",WIND_DIRECTION,COMPARE,"[""guhalipada"", ""daramli, idar, sabar kantha""]","[""9:45 pm""]"
Weather reprot neraby at 6 pm pls,FORECAST,GET,"[""neraby""]","[""6 pm""]"
whats the earth temperature loooking like this afternoon?,SOIL_TEMPERATURE,GET,[],"[""this afternoon""]"
Contrast the wind flow direction in my vilage with Khudra Dingdingi day after tomorrow,WIND_DIRECTION,COMPARE,"[""my vilage"", ""Khudra Dingdingi""]","[""day after tomorrow""]"
"Kubai Kata Gaon verses Lunhera, Madhya Pradesh humidity percentage",HUMIDITY,COMPARE,"[""Kubai Kata Gaon"", ""Lunhera, Madhya Pradesh""]",[]
"For Titwa Giniuera both, what is the solar raiation tommorow?",SUNSHINE,COMPARE,"[""Titwa"", ""Giniuera""]","[""tommorow""]"
Tel me soil tempreture in my field on Wednesday,SOIL_TEMPERATURE,GET,"[""my field""]","[""Wednesday""]"
"Which has higher rain chance, Alinjikuppam or Nadri by 4:50 PM?",RAIN,COMPARE,"[""Alinjikuppam"", ""Nadri""]","[""4:50 PM""]"
"Should i worry about the sunlight in Kulerbahali, Bolangir (Balangir), Odisha by 4:30 AM?",SUNSHINE,ALERT,"[""Kulerbahali, Bolangir (Balangir), Odisha""]","[""4:30 AM""]"
How dry is the soil in Adanbeda around 3:05 pm?,SOIL_MOISTURE,GET,"[""Adanbeda""]","[""3:05 pm""]"
Ping me about the moistre in the air near me next weekend,HUMIDITY,ALERT,"[""near me""]","[""next weekend""]"
Notify me about the night temperature in Kahr Para around 9 pm,TEMPERATURE_MIN,ALERT,"[""Kahr Para""]","[""9 pm""]"
"how does the weather forecast in abhirampur, south twenty-four parganas compare with srsand, hardoi today?",FORECAST,COMPARE,"[""abhirampur, south twenty-four parganas"", ""srsand, hardoi""]","[""today""]"
Any idea abtu the rainfall Racherla on Monday,RAIN,GET,"[""Racherla""]","[""Monday""]"
Alert me if weather turns bad in Dallapachan Khasmahal around 11 PM,CURRENT_CONDITIONS,ALERT,"[""Dallapachan Khasmahal""]","[""11 PM""]"
Warn me about the probability of rain last week,RAIN,ALERT,[],"[""last week""]"
Prediction in Dhand now,FORECAST,GET,"[""Dhand""]","[""now""]"
plz alert heat level kedru pur on saturday,TEMPERATURE,ALERT,"[""kedru pur""]","[""saturday""]"
Diffrence in ground temp between Kakhla and Madani on Wednesday,SOIL_TEMPERATURE,COMPARE,"[""Kakhla"", ""Madani""]","[""Wednesday""]"
Ping me about the fture weather next week,FORECAST,ALERT,[],"[""next week""]"
Tel me dew temaerature 2day,DEW_POINT,GET,[],"[""2day""]"
Message me the highest temperature today in Salasi rn,TEMPERATURE_MAX,ALERT,"[""Salasi""]","[""rn""]"
i need the outsie weather reding tonight,CURRENT_CONDITIONS,GET,[],"[""tonight""]"
Ping me about the night temperature this evening,TEMPERATURE_MIN,ALERT,[],"[""this evening""]"
Which way is the wind goign in Taml Nadu tmrw,WIND_DIRECTION,GET,"[""Taml Nadu""]","[""tmrw""]"
"is any cold advisory issued for bedchit, vyara next weekend?",TEMPERATURE,ALERT,"[""bedchit, vyara""]","[""next weekend""]"
contrast the is it going to rain in taray lachhiram between 6 pm and 8 pm,RAIN,COMPARE,"[""taray lachhiram""]","[""6 pm"", ""8 pm""]"
reminder for dew lveel bachi newr tommorow,DEW_POINT,ALERT,"[""bachi newr""]","[""tommorow""]"
"Tonight, compare the highest temperature Khamani and Rawani Pur",TEMPERATURE_MAX,COMPARE,"[""Khamani"", ""Rawani Pur""]","[""Tonight""]"
any warnings about sualight in hatikali on monday,SUNSHINE,ALERT,"[""hatikali""]","[""monday""]"
Is the sky clear in Mamidipalle on Sunday?,CLOUD_COVER,GET,"[""Mamidipalle""]","[""Sunday""]"
Is theie any ground temp warning for Bgoole day after tomorrow,SOIL_TEMPERATURE,ALERT,"[""Bgoole""]","[""day after tomorrow""]"
"copmre minimum temperature in kadgawan vs ganguwa, sagar, madhya pradesh this evening",TEMPERATURE_MIN,COMPARE,"[""kadgawan"", ""ganguwa, sagar, madhya pradesh""]","[""this evening""]"
i need the soil temp reading for khudra dingdingi aound 11 am,SOIL_TEMPERATURE,GET,"[""khudra dingdingi""]","[""11 am""]"
tell me the wind strrength nearby,WIND_SPEED,GET,"[""nearby""]",[]
put the cloud coover near me against venkatarayapuram druing the sowing week,CLOUD_COVER,COMPARE,"[""near me"", ""venkatarayapuram""]","[""sowing week""]"
Alrt me if hiurs of sunlight changes in Dwarahat tommorow,SUNSHINE,ALERT,"[""Dwarahat""]","[""tommorow""]"
"show me the night low for kattangudi, virudhunagar and molathara this morning",TEMPERATURE_MIN,COMPARE,"[""kattangudi, virudhunagar"", ""molathara""]","[""this morning""]"
Wat outloook rn,FORECAST,GET,[],"[""rn""]"
Whats up with the minmium temperature in Dhamni?!,TEMPERATURE_MIN,GET,"[""Dhamni""]",[]
What is the future weather in my feild rn?,FORECAST,GET,"[""my feild""]","[""rn""]"
can i sow in south sudan tonight?,SOIL_TEMPERATURE,GET,"[""south sudan""]","[""tonight""]"
"put sun hours here against kandari kh., jalna in 15 minutes",SUNSHINE,COMPARE,"[""here"", ""kandari kh., jalna""]","[""15 minutes""]"
"Regarding Awhane Bk. Ahamadnagar, what is wind direction tomorrow morning?",WIND_DIRECTION,GET,"[""Awhane Bk. Ahamadnagar""]","[""tomorrow morning""]"
Raise an alarm if the weathher now looks bad in Svarampuram around 11 PM..,CURRENT_CONDITIONS,ALERT,"[""Svarampuram""]","[""11 PM""]"
Put the how hot it is in our village against Neurhawa Deoria day after tomorow,TEMPERATURE,COMPARE,"[""our village"", ""Neurhawa Deoria""]","[""day after tomorow""]"
Ping me about the moisture level arond here around 7:30 AM,HUMIDITY,ALERT,"[""here""]","[""7:30 AM""]"
"show me the cloudiness for dayara timbi and semilibencha, motu by 4 pm?!",CLOUD_COVER,COMPARE,"[""dayara timbi"", ""semilibencha, motu""]","[""4 pm""]"
contast the gust in bageshwar bewteen 6:15 am and next weekend,WIND_SPEED,COMPARE,"[""bageshwar""]","[""6:15 am"", ""next weekend""]"
"sir how does the cldest in sahapur compaer with voyalanallur, tiruvallur yesterday?",TEMPERATURE_MIN,COMPARE,"[""sahapur"", ""voyalanallur, tiruvallur""]","[""yesterday""]"
Rmindre for heat Badhaiya around 3:34 am..,TEMPERATURE,ALERT,"[""Badhaiya""]","[""3:34 am""]"
"Compre solar exposure in Madhaiganj, Paschim Barddhamaan vs Madarpur today",SUNSHINE,COMPARE,"[""Madhaiganj, Paschim Barddhamaan"", ""Madarpur""]","[""today""]"
warn me aobut the cloudness,CLOUD_COVER,ALERT,[],[]
"In 30 minutes, compare the overnight temperature in Rattowal, Ludhiana, Punjab and Parasigaria Puruliya",TEMPERATURE_MIN,COMPARE,"[""Rattowal, Ludhiana, Punjab"", ""Parasigaria Puruliya""]","[""30 minutes""]"
Remider for cloud covr Togo arond 12:30 PM,CLOUD_COVER,ALERT,"[""Togo""]","[""12:30 PM""]"
Put the earth temperature of Pathar Bandh against Aanthapur from 4:15 am to 3:30 pm,SOIL_TEMPERATURE,COMPARE,"[""Pathar Bandh"", ""Aanthapur""]","[""4:15 am to 3:30 pm""]"
Ceck temperature tomorrow morning,TEMPERATURE,GET,[],"[""tomorrow morning""]"
What is the wind speed in San Francisco?,WIND_SPEED,GET,"[""San Francisco""]",[]
Tempuiure this weekend pls,TEMPERATURE,GET,[],"[""this weekend""]"
Is there any dew temperature warning this week,DEW_POINT,ALERT,[],"[""this week""]"
Whts sun huors in Beni Nagar later today,SUNSHINE,GET,"[""Beni Nagar""]","[""later today""]"
Akuanala Paschim Medinipur vs Hiarmandalam wind strength,WIND_SPEED,COMPARE,"[""Akuanala Paschim Medinipur"", ""Hiarmandalam""]",[]
"cmpre rian in sarsar vs baleshwar sadar, odisha by 12 pm",RAIN,COMPARE,"[""sarsar"", ""baleshwar sadar, odisha""]","[""12 pm""]"
How much rain in Wadad this morning asap,RAIN,GET,"[""Wadad""]","[""this morning""]"
Ceck the soil temperature at 10cm in Rajapuur,SOIL_TEMPERATURE,GET,"[""Rajapuur""]",[]
Rain alert Semilibencha,RAIN,ALERT,"[""Semilibencha""]",[]
"which has higher soil temperature 10cm, dhepua or pail this weekend?",SOIL_TEMPERATURE,COMPARE,"[""dhepua"", ""pail""]","[""this weekend""]"
"Highest temperature in Charbhata Keshkal and Hosahalli, Arasikere, Hassan from 7:02 AM to 10 PM, which is better?",TEMPERATURE_MAX,COMPARE,"[""Charbhata Keshkal"", ""Hosahalli, Arasikere, Hassan""]","[""7:02 AM to 10 PM""]"
Forrcast Gerai Ki Guwari Rajasthan vs Sandongri by 4:50 PM plz,FORECAST,COMPARE,"[""Gerai Ki Guwari Rajasthan"", ""Sandongri""]","[""4:50 PM""]"
Comppare the min temp our village with Jigsana Tal tomorrow morning,TEMPERATURE_MIN,COMPARE,"[""our village"", ""Jigsana Tal""]","[""tomorrow morning""]"
Show soil moisture forecast for Rajahmundry tomorrow,SOIL_MOISTURE,GET,"[""Rajahmundry""]","[""tomorrow""]"
is there any soil temperature at 40cm wraning on sunday?,SOIL_TEMPERATURE,ALERT,[],"[""sunday""]"
Quick soil water content check for Ghagrapar Circle tommorow,SOIL_MOISTURE,GET,"[""Ghagrapar Circle""]","[""tommorow""]"
"compare the vana in my field with par shibpur, west bengal",RAIN,COMPARE,"[""my field"", ""par shibpur, west bengal""]",[]
How much highest temperature today during the sowing week?,TEMPERATURE_MAX,GET,[],"[""sowing week""]"
"whoch is better for long range forecast, baorth or gautambudhnagar, uttarpradesh urgent",FORECAST,COMPARE,"[""baorth"", ""gautambudhnagar, uttarpradesh""]",[]
"How does the minimum temprature aroudn my area compare with Joharapur, Ahamadnagar from 6:30 PM to 10 PM",TEMPERATURE_MIN,COMPARE,"[""my area"", ""Joharapur, Ahamadnagar""]","[""6:30 PM to 10 PM""]"
kindly share the bright sushine for ranka on friday?!,SUNSHINE,GET,"[""ranka""]","[""friday""]"
Any warnings about maximum in Adampur at 10:14 PM?,TEMPERATURE_MAX,ALERT,"[""Adampur""]","[""10:14 PM""]"
compare the mitti ka taapmaan in my field with chandarpur around 1 am,SOIL_TEMPERATURE,COMPARE,"[""my field"", ""chandarpur""]","[""1 am""]"
Tel me gust speed tmrw,WIND_SPEED,GET,[],"[""tmrw""]"
"show me cloud cover in raj nandgaon, chhatisgarh last week",CLOUD_COVER,GET,"[""raj nandgaon, chhatisgarh""]","[""last week""]"
asap Send alert daytime high in Fatehgarh Sahib next week,TEMPERATURE_MAX,ALERT,"[""Fatehgarh Sahib""]","[""next week""]"
put the groudn moisture in this area aganst ladi angan baramula 2nite,SOIL_MOISTURE,COMPARE,"[""this area"", ""ladi angan baramula""]","[""2nite""]"
pls Flag the overcast for Duurdiha East Singhbhum by 10 PM,CLOUD_COVER,ALERT,"[""Duurdiha East Singhbhum""]","[""10 PM""]"
flag the colest for ranhot sirmaur,TEMPERATURE_MIN,ALERT,"[""ranhot sirmaur""]",[]
Is any hottest advisory issued for Jamdahara araund 12:30 PM?,TEMPERATURE_MAX,ALERT,"[""Jamdahara""]","[""12:30 PM""]"
Flag the night low for Naysatra nxt week,TEMPERATURE_MIN,ALERT,"[""Naysatra""]","[""nxt week""]"
let me know if there is a week ahead forecast alert in budhakhamana tomorrow evening,FORECAST,ALERT,"[""budhakhamana""]","[""tomorrow evening""]"
Ping me abot the rain,RAIN,ALERT,[],[]
Ping me aout the downpour in Lunhera day after tomorow,RAIN,ALERT,"[""Lunhera""]","[""day after tomorow""]"
Set an alet for barish in my plot,RAIN,ALERT,"[""my plot""]",[]
"raise an alarm if the upcoming forecast looks bad in panposh, odisha 2nite?",FORECAST,ALERT,"[""panposh, odisha""]","[""2nite""]"
"Rn, cmpare the humidty in Hengearjhar Darrang and Unchgaon, Jaunpur",HUMIDITY,COMPARE,"[""Hengearjhar Darrang"", ""Unchgaon, Jaunpur""]","[""Rn""]"
"Humidity level in Pnjab and Mariahu, which is better?",HUMIDITY,COMPARE,"[""Pnjab"", ""Mariahu""]",[]
"Which is beetter for week ahead forecast, Rupaspur Patna or Phulwaria Uttarpradesh?",FORECAST,COMPARE,"[""Rupaspur Patna"", ""Phulwaria Uttarpradesh""]",[]
tarniya khera vs parbahal forects at 3 am,FORECAST,COMPARE,"[""tarniya khera"", ""parbahal""]","[""3 am""]"
Could you check the oulook at my place rn,FORECAST,GET,"[""my place""]","[""rn""]"
madarpur haridwar vs londa dew pint on tuesday,DEW_POINT,COMPARE,"[""madarpur haridwar"", ""londa""]","[""tuesday""]"
What is the dew point in Farhalouki now?,DEW_POINT,GET,"[""Farhalouki""]","[""now""]"
"any idea about the dewpoit in khonhanpur, azamgarh on saturday?",DEW_POINT,GET,"[""khonhanpur, azamgarh""]","[""saturday""]"
"Let me know if there is a sunlight huors alert in Htaale, Jalgaon, Maharashtra",SUNSHINE,ALERT,"[""Htaale, Jalgaon, Maharashtra""]",[]
"Now, what is the week ahead forecsat in Lodia English bro",FORECAST,GET,"[""Lodia English""]","[""Now""]"
Bharmal Jattan Pathankot Punjab verses Kahar Para Barpeta heat level,TEMPERATURE,COMPARE,"[""Bharmal Jattan Pathankot Punjab"", ""Kahar Para Barpeta""]",[]
compare the how humid arund here with jamaica tomorow,HUMIDITY,COMPARE,"[""here"", ""jamaica""]","[""tomorow""]"
I need the rain amount reading this afternoon,RAIN,GET,[],"[""this afternoon""]"
How much wind flow direction in Mairi Maharajganj 2nite?,WIND_DIRECTION,GET,"[""Mairi Maharajganj""]","[""2nite""]"
"overcast ganga param vs syaat, uttarakhand 2nite",CLOUD_COVER,COMPARE,"[""ganga param"", ""syaat, uttarakhand""]","[""2nite""]"
Compare the how hot it is in Neelgarh Mal between 9:30 pm and next 3 hours,TEMPERATURE,COMPARE,"[""Neelgarh Mal""]","[""9:30 pm"", ""next 3 hours""]"
Should i worry about the tempreture in Kumarpur in 82 minutes urgent,TEMPERATURE,ALERT,"[""Kumarpur""]","[""82 minutes""]"
What is the sky cover for the next 3 days in Thamalapura Bllari kindly,CLOUD_COVER,GET,"[""Thamalapura Bllari""]","[""next 3 days""]"
Set an alet for rian in R.venkampeta by 8:30 AM,RAIN,ALERT,"[""R.venkampeta""]","[""8:30 AM""]"
extended forecast nearrby by 12 am,FORECAST,GET,"[""nearrby""]","[""12 am""]"
how does the cloud covr at my location compare with pahrauli yesterday?,CLOUD_COVER,COMPARE,"[""my location"", ""pahrauli""]","[""yesterday""]"
Compare forecast Soomar Tiliakra on Wednesday,FORECAST,COMPARE,"[""Soomar"", ""Tiliakra""]","[""Wednesday""]"
How does the clooud cover in our village compare with Purainna on Monday,CLOUD_COVER,COMPARE,"[""our village"", ""Purainna""]","[""Monday""]"
Upoate me on the soil heat in Bamanpura,SOIL_TEMPERATURE,GET,"[""Bamanpura""]",[]
Commpare the soil wetness in my field with Turaon Patti today,SOIL_MOISTURE,COMPARE,"[""my field"", ""Turaon Patti""]","[""today""]"
ping me about the prediction at my locaiton tonight,FORECAST,ALERT,"[""my locaiton""]","[""tonight""]"
Raise an alarm if the cloud cover percentage looks bad in Rempi day after tomorow,CLOUD_COVER,ALERT,"[""Rempi""]","[""day after tomorow""]"
"by 9:45 pm, compare the low temp in charadih erki alaur, ballari",TEMPERATURE_MIN,COMPARE,"[""charadih erki"", ""alaur, ballari""]","[""9:45 pm""]"
Flag the maximum temprature now,TEMPERATURE_MAX,ALERT,[],"[""now""]"
Is it pouring outside in Portland?,RAIN,GET,"[""Portland""]",[]
Notifyi me about the minimum in Unchgaon next week,TEMPERATURE_MIN,ALERT,"[""Unchgaon""]","[""next week""]"
Message me the night temperature in Tada on Wednesday,TEMPERATURE_MIN,ALERT,"[""Tada""]","[""Wednesday""]"
Put the moisture in field of Jhuratarai against Dhemdhema Pt.i,SOIL_MOISTURE,COMPARE,"[""Jhuratarai"", ""Dhemdhema Pt.i""]",[]
tel me the precipitation amount for hisale nxt week,RAIN,GET,"[""hisale""]","[""nxt week""]"
How does the rain chance near by comparre with Sirsi day after tomorow?,RAIN,COMPARE,"[""near by"", ""Sirsi""]","[""day after tomorow""]"
"which has higher precipitation chance, niyamoopur or mampur nxt week?",RAIN,COMPARE,"[""niyamoopur"", ""mampur""]","[""nxt week""]"
show me the moisture in the air for badhainso odisha and fazalnagar day after tomorow,HUMIDITY,COMPARE,"[""badhainso odisha"", ""fazalnagar""]","[""day after tomorow""]"
ping me about the weekly weather near me yesterday,FORECAST,ALERT,"[""near me""]","[""yesterday""]"
"Between Kotad Koraput Odisha and Odha, whare is the ground heat stronger on Tuesday?",SOIL_TEMPERATURE,COMPARE,"[""Kotad Koraput Odisha"", ""Odha""]","[""Tuesday""]"
Whats up with overcast level in Pathangram around 12:30 PM?,CLOUD_COVER,GET,"[""Pathangram""]","[""12:30 PM""]"
Wich has more tempraure Gurrampalli or Kamdiha this week,TEMPERATURE,COMPARE,"[""Gurrampalli"", ""Kamdiha""]","[""this week""]"
Ping me about the overcast in Israjalle tomorrow night,CLOUD_COVER,ALERT,"[""Israjalle""]","[""tomorrow night""]"
remindre for wind heading panyara khera for next 7 days,WIND_DIRECTION,ALERT,"[""panyara khera""]","[""next 7 days""]"
how does the ucoming forecast in ziner 2 am to 7 am compare to right now?,FORECAST,COMPARE,"[""ziner""]","[""2 am to 7 am"", ""right now""]"
"in sirsi, what is the wind force aorund 11 am?",WIND_SPEED,GET,"[""sirsi""]","[""11 am""]"
Compair the barish between Mairi Maharajganj and Dhemdhema Pt.i right now,RAIN,COMPARE,"[""Mairi Maharajganj"", ""Dhemdhema Pt.i""]","[""right now""]"
Warrn me abouut rain forecast in Serbia 2day,RAIN,ALERT,"[""Serbia""]","[""2day""]"
"Set alart for os binu in Sewai Kalan, Chattra in the next 6 hours",DEW_POINT,ALERT,"[""Sewai Kalan, Chattra""]","[""next 6 hours""]"
"In Mahaiganj, what is the rainfal right now?",RAIN,GET,"[""Mahaiganj""]","[""right now""]"
Is the clud covr in Ranga higher tmrw or 6:15 am urgent,CLOUD_COVER,COMPARE,"[""Ranga""]","[""tmrw"", ""6:15 am""]"
What's the hghest temperature in Dhobahi Mirzapur right now?,TEMPERATURE_MAX,GET,"[""Dhobahi Mirzapur""]","[""right now""]"
how does the soil moisture at my location compae with pahrauli uttaprradesh by 9 pm?,SOIL_MOISTURE,COMPARE,"[""my location"", ""pahrauli uttaprradesh""]","[""9 pm""]"
"Set an alert for weather report in Sugur, Tiptur, Tumakuru, Karnataka next month",FORECAST,ALERT,"[""Sugur, Tiptur, Tumakuru, Karnataka""]","[""next month""]"
Wat is raniy in this area at 1:09 AM,RAIN,GET,"[""this area""]","[""1:09 AM""]"
"which is better for daily foreecast, khatauli rural or singha?",FORECAST,COMPARE,"[""khatauli rural"", ""singha""]",[]
Compaare the what's the weather like nearby with Assam India right now?!,CURRENT_CONDITIONS,COMPARE,"[""nearby"", ""Assam India""]","[""right now""]"
"in 60 minutes, what the bright sunshien in khatauli rural, muzaffarnagar?",SUNSHINE,GET,"[""khatauli rural, muzaffarnagar""]","[""60 minutes""]"
How much rain will Gowdanahalli get?,RAIN,GET,"[""Gowdanahalli""]",[]
"Message me the minimum temperature in Sadaar, West Tripura on Tuesday",TEMPERATURE_MIN,ALERT,"[""Sadaar, West Tripura""]","[""Tuesday""]"
contrast temprature around my area with matka viran tomorow,TEMPERATURE,COMPARE,"[""my area"", ""matka viran""]","[""tomorow""]"
upddate me on the how cold near by tomorrow evening,TEMPERATURE,GET,"[""near by""]","[""tomorrow evening""]"
"for sheorajpur, jaspur and khudra dingdingi both, what is the clouds?",CLOUD_COVER,COMPARE,"[""sheorajpur, jaspur"", ""khudra dingdingi""]",[]
weather status details for canada,CURRENT_CONDITIONS,GET,"[""canada""]",[]
Raise an alarrm if the outside weather looks bad in Sikkim India next weekend,CURRENT_CONDITIONS,ALERT,"[""Sikkim India""]","[""next weekend""]"
Flag the clooud amount tomorow,CLOUD_COVER,ALERT,[],"[""tomorow""]"
"for gantuli chhote and majurnach both, what is the soil temperature at 10cm later today?",SOIL_TEMPERATURE,COMPARE,"[""gantuli chhote"", ""majurnach""]","[""later today""]"
Is the day high in Wargal higehr 9 PM or 1:45 AM,TEMPERATURE_MAX,COMPARE,"[""Wargal""]","[""9 PM"", ""1:45 AM""]"
How is the rain Goklyawala day after tomorrow?,RAIN,GET,"[""Goklyawala""]","[""day after tomorrow""]"
Is there any humididty warning on Friday?,HUMIDITY,ALERT,[],"[""Friday""]"
what's the dew poit in buradappadu from 4:30 am to 8:30 am?,DEW_POINT,GET,"[""buradappadu""]","[""4:30 am to 8:30 am""]"
Is there any rain intensity warning near me next month,RAIN,ALERT,"[""near me""]","[""next month""]"
flag the hours of sunlight for indloor this morning,SUNSHINE,ALERT,"[""indloor""]","[""this morning""]"
"put a reminder for wind in neelgarh mal, harda for the next 7 days",WIND_SPEED,ALERT,"[""neelgarh mal, harda""]","[""next 7 days""]"
Compre wind intensity in Kakaimohan vs Bangalayou at 4:45 PM??,WIND_SPEED,COMPARE,"[""Kakaimohan"", ""Bangalayou""]","[""4:45 PM""]"
What is the rain chance in our villaae at 11:30 AM?,RAIN,GET,"[""our villaae""]","[""11:30 AM""]"
kerala grund heat this week,SOIL_TEMPERATURE,GET,"[""kerala""]","[""this week""]"
Any idea abut the downpour?,RAIN,GET,[],[]
Cntrast the prediction in my field with Chhapra on Saturday,FORECAST,COMPARE,"[""my field"", ""Chhapra""]","[""Saturday""]"
Ping me about the soil water content on Friday,SOIL_MOISTURE,ALERT,[],"[""Friday""]"
Ping me about the which way the wind blows at my loaction?,WIND_DIRECTION,ALERT,"[""my loaction""]",[]
upcoming forecast alert gumdi on sunday,FORECAST,ALERT,"[""gumdi""]","[""sunday""]"
Sunsshien in my feild tmrw urgent,SUNSHINE,GET,"[""my feild""]","[""tmrw""]"
asap Is there any highest temperature warning for Colrado for the next 3 days?,TEMPERATURE_MAX,ALERT,"[""Colrado""]","[""next 3 days""]"
Probabillity of rain details 2day,RAIN,GET,[],"[""2day""]"
Alert me if it rains in Rajahmundry tonight,RAIN,ALERT,"[""Rajahmundry""]","[""tonight""]"
give wind blows from kare rampr early morning,WIND_DIRECTION,GET,"[""kare rampr""]","[""early morning""]"
Check temperature of soil Ginigera from 2 am to 7 AM,SOIL_TEMPERATURE,GET,"[""Ginigera""]","[""2 am to 7 AM""]"
sohuld i worrry about the wnd direction in botad day after tomorrow..,WIND_DIRECTION,ALERT,"[""botad""]","[""day after tomorrow""]"
notify me about the actual temperature at my location by 2 am,TEMPERATURE,ALERT,"[""my location""]","[""2 am""]"
Notifiy me about the extendde forecast in Farhalouki,FORECAST,ALERT,"[""Farhalouki""]",[]
"Wind beaaing Kabul Khedi, Piploda by 4:30 AM pls",WIND_DIRECTION,GET,"[""Kabul Khedi, Piploda""]","[""4:30 AM""]"
Give sun Suratraidi Alias Lakragora tomorrow evening,SUNSHINE,GET,"[""Suratraidi Alias Lakragora""]","[""tomorrow evening""]"
set an alert for moisture in the air in malhawani next week,HUMIDITY,ALERT,"[""malhawani""]","[""next week""]"
Show me the wnd direction in Madarpur around 10:45 PM,WIND_DIRECTION,GET,"[""Madarpur""]","[""10:45 PM""]"
Want aletr for gust in Manuddinpur at 1:45 AM,WIND_SPEED,ALERT,"[""Manuddinpur""]","[""1:45 AM""]"
"Notfy me if it gets overcast in Naran Khera, Bhilwara by 10 PM urgent",CLOUD_COVER,ALERT,"[""Naran Khera, Bhilwara""]","[""10 PM""]"
Is any wind direction advisory issued by 7:20 am?,WIND_DIRECTION,ALERT,[],"[""7:20 am""]"
Tell diffrene conditions right now Lesligunj Sarol from 10 AM to 11 am,CURRENT_CONDITIONS,COMPARE,"[""Lesligunj"", ""Sarol""]","[""10 AM to 11 am""]"
Compare the hours of sunlight in Laram Jagni Pora between 10:45 PM and 1:30 pm,SUNSHINE,COMPARE,"[""Laram Jagni Pora""]","[""10:45 PM"", ""1:30 pm""]"
warn me about the weekly weather in ayanavarm,FORECAST,ALERT,"[""ayanavarm""]",[]
What is the humidity percent in my plot last week,HUMIDITY,GET,"[""my plot""]","[""last week""]"
ping me about the wind directiin at 7:15 pm,WIND_DIRECTION,ALERT,[],"[""7:15 pm""]"
Will it drizzle in San Jose today?,RAIN,GET,"[""San Jose""]","[""today""]"
", what is the maximum temperature at my location?",TEMPERATURE_MAX,GET,"[""my location""]",[]
Raise an alarm if the moisture level looks bad in Kawai on Sunday,HUMIDITY,ALERT,"[""Kawai""]","[""Sunday""]"
chek the soil temp for both shripur and banegaon last week,SOIL_TEMPERATURE,COMPARE,"[""shripur"", ""banegaon""]","[""last week""]"
contarst the soil temperature at my place with kannur tomorow,SOIL_TEMPERATURE,COMPARE,"[""my place"", ""kannur""]","[""tomorow""]"
"tell me when dewpoint temperature changes par shibpur, west bengal on sunday",DEW_POINT,ALERT,"[""par shibpur, west bengal""]","[""sunday""]"
Plz alert maximum temperature Laro this week?!,TEMPERATURE_MAX,ALERT,"[""Laro""]","[""this week""]"
is the dew in tamil nadu india diffeerent next 3 days and 3:30 pm?,DEW_POINT,COMPARE,"[""tamil nadu india""]","[""next 3 days"", ""3:30 pm""]"
"Notify me if it starts raining in Chaua, Sherghati by 1 pm",RAIN,ALERT,"[""Chaua, Sherghati""]","[""1 pm""]"
"wind inntensity gundlakarthi, jayashankar bhupalapally by 2 am pls",WIND_SPEED,GET,"[""gundlakarthi, jayashankar bhupalapally""]","[""2 am""]"
warn me about the relative moisture in naran khera in the next 2 hours,HUMIDITY,ALERT,"[""naran khera""]","[""next 2 hours""]"
Weatehr update Chile vs Hastnapur 60 minutes,CURRENT_CONDITIONS,COMPARE,"[""Chile"", ""Hastnapur""]","[""60 minutes""]"
"Is there any how hot warning for Roond Narena, Dig?",TEMPERATURE,ALERT,"[""Roond Narena, Dig""]",[]
"Wheue is the overnight low greater, Odha, Mainpur or Trinidad And Tobago by 12:05 PM?",TEMPERATURE_MIN,COMPARE,"[""Odha, Mainpur"", ""Trinidad And Tobago""]","[""12:05 PM""]"
i want to know the conditions right now in indloor next weekend,CURRENT_CONDITIONS,GET,"[""indloor""]","[""next weekend""]"
"chek the forcost for both madhaiganj, paschim barddhaman and pura ruchai prayagraj uttarpradesh this evening",FORECAST,COMPARE,"[""madhaiganj, paschim barddhaman"", ""pura ruchai prayagraj uttarpradesh""]","[""this evening""]"
Paschim Ramchandrapur North Twenty-Four Parganaas West Bengal versus Ranga vaatavaranam this week,CURRENT_CONDITIONS,COMPARE,"[""Paschim Ramchandrapur North Twenty-Four Parganaas West Bengal"", ""Ranga""]","[""this week""]"
"show me the air temperature for moltha, pauri garhwal, uttarakhand and akauna khurd unchahra next weekend",TEMPERATURE,COMPARE,"[""moltha, pauri garhwal, uttarakhand"", ""akauna khurd unchahra""]","[""next weekend""]"
Update me on the foreciste around here around 3:05 pm,FORECAST,GET,"[""here""]","[""3:05 pm""]"
"Send me an alert if the temprature is unusual in Badhaiya, Hanumana during the sowing week",TEMPERATURE,ALERT,"[""Badhaiya, Hanumana""]","[""sowing week""]"
"Tell me when hotest temperature changes Sheorajpur, Japur this afternoon",TEMPERATURE_MAX,ALERT,"[""Sheorajpur, Japur""]","[""this afternoon""]"
Keep me posted on the hottest temperature Burhaanpur by midnight,TEMPERATURE_MAX,ALERT,"[""Burhaanpur""]","[""midnight""]"
What's the humid in my plot day after tomorrow,HUMIDITY,GET,"[""my plot""]","[""day after tomorrow""]"
Is any weather situation warning next week?,CURRENT_CONDITIONS,ALERT,[],"[""next week""]"
Message me the sunshine in Konardihi,SUNSHINE,ALERT,"[""Konardihi""]",[]
how does the day high in jakoda compare with sultanpura by 11 am?,TEMPERATURE_MAX,COMPARE,"[""jakoda"", ""sultanpura""]","[""11 am""]"
Is any weather forecast advisry issued in the next 6 hours?,FORECAST,ALERT,[],"[""next 6 hours""]"
"How duz the grond temp Nangla, Bankura compare with Chak Maricha this weekend",SOIL_TEMPERATURE,COMPARE,"[""Nangla, Bankura"", ""Chak Maricha""]","[""this weekend""]"
Set an alert for weather status in Bakud Madhya Pradesh day after tomorow,CURRENT_CONDITIONS,ALERT,"[""Bakud Madhya Pradesh""]","[""day after tomorow""]"
Kasipur vs Tikamgarh weathre forecast,FORECAST,COMPARE,"[""Kasipur"", ""Tikamgarh""]",[]
notify me aobut the moisture at 40cm in auranga bad rn,SOIL_MOISTURE,ALERT,"[""auranga bad""]","[""rn""]"
set an alert for dew pnit temp nxt week,DEW_POINT,ALERT,[],"[""nxt week""]"
"Compair the wind speed forecast betwween Panposh, Odisha and River, Chauba Circle tomorrow night",WIND_SPEED,COMPARE,"[""Panposh, Odisha"", ""River, Chauba Circle""]","[""tomorrow night""]"
Give me the 10cm soil moisture level for Hyderabad today,SOIL_MOISTURE,GET,"[""Hyderabad""]","[""today""]"
Remind me to check the soil water content in Mairi this weekend,SOIL_MOISTURE,ALERT,"[""Mairi""]","[""this weekend""]"
Ping me about the due point next month,DEW_POINT,ALERT,[],"[""next month""]"
londa for the next 7 days sun hous?,SUNSHINE,GET,"[""londa""]","[""next 7 days""]"
"where is the wind speed forecast graeter, gomundi or gundlakarthi?",WIND_SPEED,COMPARE,"[""gomundi"", ""gundlakarthi""]",[]
"Raining in Angara Kalan, Chatra, Jharkhand day after tomorow?",RAIN,GET,"[""Angara Kalan, Chatra, Jharkhand""]","[""day after tomorow""]"
Is any soil tmeperature 10cm advisory issued for Manchanahalli early morning?,SOIL_TEMPERATURE,ALERT,"[""Manchanahalli""]","[""early morning""]"
Compare the weather for next days in my village with Gospurnatara Unnao Uttarpradesh from 10 AM to 11 am,FORECAST,COMPARE,"[""my village"", ""Gospurnatara Unnao Uttarpradesh""]","[""10 AM to 11 am""]"
"what will cloud amount be in hosahalli, arasiere, hassan nxt week?",CLOUD_COVER,GET,"[""hosahalli, arasiere, hassan""]","[""nxt week""]"
How does the wethre in my village compare with Malhipur arounnd 9:34 pm?,CURRENT_CONDITIONS,COMPARE,"[""my village"", ""Malhipur""]","[""9:34 pm""]"
"Put the overnight temperatture of Nekkundhi, Dharmapuri against Badarikkilo day after tomorrow",TEMPERATURE_MIN,COMPARE,"[""Nekkundhi, Dharmapuri"", ""Badarikkilo""]","[""day after tomorrow""]"
Udpdate me on the temperature now from 5:16 AM to 9 pm,TEMPERATURE,GET,[],"[""5:16 AM to 9 pm""]"
"is any overnight low advisory issued for khamani, jalgaon?",TEMPERATURE_MIN,ALERT,"[""khamani, jalgaon""]",[]
"Can you tell the wnd speed in Matihania Khurd, Kushinagr 2day?",WIND_SPEED,GET,"[""Matihania Khurd, Kushinagr""]","[""2day""]"
update me on the humidity percnt in papri early morning,HUMIDITY,GET,"[""papri""]","[""early morning""]"
Let me know if is a rain probability alert in Chhatisgarh,RAIN,ALERT,"[""Chhatisgarh""]",[]
Alrt me if soil moistur changes Sitapur Uttarpradesh,SOIL_MOISTURE,ALERT,"[""Sitapur Uttarpradesh""]",[]
Put due pint in my field against Bandar Jhula,DEW_POINT,COMPARE,"[""my field"", ""Bandar Jhula""]",[]
set an alrat for ground heat thamalapura,SOIL_TEMPERATURE,ALERT,"[""thamalapura""]",[]
quickly can you tell me the sun deration in chandigarh rn?,SUNSHINE,GET,"[""chandigarh""]","[""rn""]"
Cehck humidity percentage Paraspatti Majhwar this evening,HUMIDITY,GET,"[""Paraspatti Majhwar""]","[""this evening""]"
"Give wind speed Bndipur, Puri day after tomorrow",WIND_SPEED,GET,"[""Bndipur, Puri""]","[""day after tomorrow""]"
What is the wether for next days in Habruabri?,FORECAST,GET,"[""Habruabri""]",[]
"Set an alart for precipitation chance in Dhepua, Paschim Medinipur Sadar from 9:43 am to 1 PM",RAIN,ALERT,"[""Dhepua, Paschim Medinipur Sadar""]","[""9:43 am to 1 PM""]"
nivari this evening humidity lveel?,HUMIDITY,GET,"[""nivari""]","[""this evening""]"
Kindly shrae the dewpoint temperature for Wara Pohwindian,DEW_POINT,GET,"[""Wara Pohwindian""]",[]
Haragarahalli versus Dumurdiha East Singhbhum breeze tommorow,WIND_SPEED,COMPARE,"[""Haragarahalli"", ""Dumurdiha East Singhbhum""]","[""tommorow""]"
Notify me about the weekly wether,FORECAST,ALERT,[],[]
Put a reminder for solar expossure in Mohamad Urf Jhinwarheri,SUNSHINE,ALERT,"[""Mohamad Urf Jhinwarheri""]",[]
is there any tempature warning around 9 pm?,TEMPERATURE,ALERT,[],"[""9 pm""]"
"For Khaii Upperli and Ghupti -, Kalahandi, Odisha both, what is the whee wind is coming from tomorrow?",WIND_DIRECTION,COMPARE,"[""Khaii Upperli"", ""Ghupti -, Kalahandi, Odisha""]","[""tomorrow""]"
daytime temerature gomundi or begti kalan,TEMPERATURE_MAX,COMPARE,"[""gomundi"", ""begti kalan""]",[]
tel me the rian for anteshwar by midnight,RAIN,GET,"[""anteshwar""]","[""midnight""]"
Set an alatr for rain amount in Zinner tomorrow night,RAIN,ALERT,"[""Zinner""]","[""tomorrow night""]"
kindly wind direction in paraspatti majhwar this evening,WIND_DIRECTION,GET,"[""paraspatti majhwar""]","[""this evening""]"
quick dew level check jategaon kh tomorrow evening,DEW_POINT,GET,"[""jategaon kh""]","[""tomorrow evening""]"
Flag the hawa ki disha,WIND_DIRECTION,ALERT,[],[]
Compare wether in Bangaliyou vs Kurod Odisha from 7:02 AM to 10 PM,CURRENT_CONDITIONS,COMPARE,"[""Bangaliyou"", ""Kurod Odisha""]","[""7:02 AM to 10 PM""]"
Set an alert for vaatavaranm U.nemili yesterday,CURRENT_CONDITIONS,ALERT,"[""U.nemili""]","[""yesterday""]"
Inform me if how hot it is bad in Tipamia Dighalia right now,TEMPERATURE,ALERT,"[""Tipamia Dighalia""]","[""right now""]"
"Put the mitti ki nami of Turnal, Dewas agoinst Bagbahra, Chhatisgarh day after tomorrow..",SOIL_MOISTURE,COMPARE,"[""Turnal, Dewas"", ""Bagbahra, Chhatisgarh""]","[""day after tomorrow""]"
Warn me about the soil temperature at 40cm in my village in the next 4 hours,SOIL_TEMPERATURE,ALERT,"[""my village""]","[""next 4 hours""]"
Set an alert for actual temperature this weekend,TEMPERATURE,ALERT,[],"[""this weekend""]"
Tell me the moisture at 40cm Gangada Buzurg,SOIL_MOISTURE,GET,"[""Gangada Buzurg""]",[]
"how many hous of sun will tkiamgarh, madhya pradesh get?",SUNSHINE,GET,"[""tkiamgarh, madhya pradesh""]",[]
Contrast the cloud aomunt near me with Jhuratarai on Sunday,CLOUD_COVER,COMPARE,"[""near me"", ""Jhuratarai""]","[""Sunday""]"
clouds in my plot aroud 1:30 pm pls,CLOUD_COVER,GET,"[""my plot""]","[""1:30 pm""]"
"Hosahalli, Arasikere, Haassan v/s Kopaganj mausam by 12:05 PM",CURRENT_CONDITIONS,COMPARE,"[""Hosahalli, Arasikere, Haassan"", ""Kopaganj""]","[""12:05 PM""]"
next month wind figures near me,WIND_SPEED,GET,"[""near me""]","[""next month""]"
Kheruwa colldest temperature last week vs 4:30 AM to 8:30 AM,TEMPERATURE_MIN,COMPARE,"[""Kheruwa""]","[""last week"", ""4:30 AM to 8:30 AM""]"
how much how cloudy near me by 4 am?,CLOUD_COVER,GET,"[""near me""]","[""4 am""]"
notify me about the field moisture in pennagaram during the sowing week,SOIL_MOISTURE,ALERT,"[""pennagaram""]","[""sowing week""]"
Tell me the dewpoint in my feilld around 3:34 am,DEW_POINT,GET,"[""my feilld""]","[""3:34 am""]"
Is there any weather update warning in my farm today?,CURRENT_CONDITIONS,ALERT,"[""my farm""]","[""today""]"
Chawa vs Mankpura solar exposure from 10 AM to 11 pm plz,SUNSHINE,COMPARE,"[""Chawa"", ""Mankpura""]","[""10 AM to 11 pm""]"
Put the minimum temperature in my farm ainst Joharapur at 9:30 pm,TEMPERATURE_MIN,COMPARE,"[""my farm"", ""Joharapur""]","[""9:30 pm""]"
Jammu And Kashmir vesers Tokrapara Gaon Pt.ii gust tomorrow evening,WIND_SPEED,COMPARE,"[""Jammu And Kashmir"", ""Tokrapara Gaon Pt.ii""]","[""tomorrow evening""]"
Flag the soil temp nearby tomorrow evening,SOIL_TEMPERATURE,ALERT,"[""nearby""]","[""tomorrow evening""]"
Is there any ground moisture warning during the sowing week?,SOIL_MOISTURE,ALERT,[],"[""sowing week""]"
I want to know gusts in Panbari F.v. early morning,WIND_SPEED,GET,"[""Panbari F.v.""]","[""early morning""]"
"How does the wind directon in my plot compare with Kachnoda, Sagar nxt week kindly",WIND_DIRECTION,COMPARE,"[""my plot"", ""Kachnoda, Sagar""]","[""nxt week""]"
Warrn me about long range forecast in Bhelagachhi this week,FORECAST,ALERT,"[""Bhelagachhi""]","[""this week""]"
plz Tel me the wind directon for Hasnepur tommorow,WIND_DIRECTION,GET,"[""Hasnepur""]","[""tommorow""]"
How does the maximum in our village compare with Rasnuchak around 8:45 AM?,TEMPERATURE_MAX,COMPARE,"[""our village"", ""Rasnuchak""]","[""8:45 AM""]"
"Let me know if tehre is a peak temperature alert Bari, Ramgarh Shekhawati, Sikar, Rajasthan in the next 8 hours",TEMPERATURE_MAX,ALERT,"[""Bari, Ramgarh Shekhawati, Sikar, Rajasthan""]","[""next 8 hours""]"
"which is better for suligt, dhamni ryagad or phaskhawa tea garden?",SUNSHINE,COMPARE,"[""dhamni ryagad"", ""phaskhawa tea garden""]",[]
Put the horus of sun at my pace against Pail tommorow,SUNSHINE,COMPARE,"[""my pace"", ""Pail""]","[""tommorow""]"
Flag the soil wetness levle nxt week,SOIL_MOISTURE,ALERT,[],"[""nxt week""]"
"Put the weather for next days at my location aganist Israjpalle, Jagtial next week",FORECAST,COMPARE,"[""my location"", ""Israjpalle, Jagtial""]","[""next week""]"
Is there any relative moisture warning for Nekkundhi tmrw?,HUMIDITY,ALERT,"[""Nekkundhi""]","[""tmrw""]"
"Diffrence in dewpoint between Chawa and Inldoor, Nalgonda around 1:30 pm",DEW_POINT,COMPARE,"[""Chawa"", ""Inldoor, Nalgonda""]","[""1:30 pm""]"
"Flag the solar exposure for Timmarajapuram, Tuuticorin in 82 minutes",SUNSHINE,ALERT,"[""Timmarajapuram, Tuuticorin""]","[""82 minutes""]"
Compare the air speed between Laro and Mississippi this week,WIND_SPEED,COMPARE,"[""Laro"", ""Mississippi""]","[""this week""]"
bro Contrast the hours of sunlight in my farm with Pipalkani,SUNSHINE,COMPARE,"[""my farm"", ""Pipalkani""]",[]
"Kasaeeta versus Mississippi, United States ground temp",SOIL_TEMPERATURE,COMPARE,"[""Kasaeeta"", ""Mississippi, United States""]",[]
"Check ground heat Sabesar, Uttarpradesh for the next 3 days",SOIL_TEMPERATURE,GET,"[""Sabesar, Uttarpradesh""]","[""next 3 days""]"
Lowest temp gap between Nibheri Guna and Bhadvan aroud 8:45 AM,TEMPERATURE_MIN,COMPARE,"[""Nibheri Guna"", ""Bhadvan""]","[""8:45 AM""]"
any warnings about forecaste in lalpura barh patna now?,FORECAST,ALERT,"[""lalpura barh patna""]","[""now""]"
what's the cloud percet in aneola from 1 am to 8 am??,CLOUD_COVER,GET,"[""aneola""]","[""1 am to 8 am""]"
Tell me when how cold changes Konijeroa tonight urgent,TEMPERATURE,ALERT,"[""Konijeroa""]","[""tonight""]"
Difference in overnight low betwen Boocha Gara and Karan Patti at 7 pm,TEMPERATURE_MIN,COMPARE,"[""Boocha Gara"", ""Karan Patti""]","[""7 pm""]"
Earth temperature alert Tala Khedi,SOIL_TEMPERATURE,ALERT,"[""Tala Khedi""]",[]
is any soil tempreture advisoy issued in 30 minutes?,SOIL_TEMPERATURE,ALERT,[],"[""30 minutes""]"
Is there any soil temprature warning yesterday kindly,SOIL_TEMPERATURE,ALERT,[],"[""yesterday""]"
"Show me the wind bows from for Thakurrdi, Puruliya and Saramuli",WIND_DIRECTION,COMPARE,"[""Thakurrdi, Puruliya"", ""Saramuli""]",[]
"Thirumalayapalem, Telangana or Venkataayapuram better soil temprature at 4:45 PM",SOIL_TEMPERATURE,COMPARE,"[""Thirumalayapalem, Telangana"", ""Venkataayapuram""]","[""4:45 PM""]"
Want aletr dew point in Ahirampur tomorrow,DEW_POINT,ALERT,"[""Ahirampur""]","[""tomorrow""]"
Warn me aobut the weather now on Tuesday,CURRENT_CONDITIONS,ALERT,[],"[""Tuesday""]"
Ping me about the highost temperature near by this evening quickly,TEMPERATURE_MAX,ALERT,"[""near by""]","[""this evening""]"
"Alrt me if the temperature crosses 40 degrees in Shala Teng Ghat, Srinagar, Jammu And Kashmir early morning",TEMPERATURE,ALERT,"[""Shala Teng Ghat, Srinagar, Jammu And Kashmir""]","[""early morning""]"
Copare Sakariya and Bhokraha soil moisure,SOIL_MOISTURE,COMPARE,"[""Sakariya"", ""Bhokraha""]",[]
"which has higher peak temperature, kukda or gumma, vizianagaram, andhra pradesh tommorow?",TEMPERATURE_MAX,COMPARE,"[""kukda"", ""gumma, vizianagaram, andhra pradesh""]","[""tommorow""]"
Wat is the wind bearnig in Sahajpuri Raiseen Madhya Pradesh at 6 pm,WIND_DIRECTION,GET,"[""Sahajpuri Raiseen Madhya Pradesh""]","[""6 pm""]"
Plz alert dew temperature Ghusrum at 3 am,DEW_POINT,ALERT,"[""Ghusrum""]","[""3 am""]"
Weather ouutlook figures for Ambeneri,FORECAST,GET,"[""Ambeneri""]",[]
Quick humidty check for Delhi tomorrow morning,HUMIDITY,GET,"[""Delhi""]","[""tomorrow morning""]"
"Climate raght now gap between Nauli, Basti Ssiswa Tola Jai Ray Baghha at 1:30 am",CURRENT_CONDITIONS,COMPARE,"[""Nauli, Basti"", ""Ssiswa Tola Jai Ray Baghha""]","[""1:30 am""]"
Keep me posted on the humidty in Veenavanka 2day,HUMIDITY,ALERT,"[""Veenavanka""]","[""2day""]"
any idea about the cloudy in nadri?,CLOUD_COVER,GET,"[""nadri""]",[]
Any warnings abotu high temp in Tuljapur during the sowing week?,TEMPERATURE_MAX,ALERT,"[""Tuljapur""]","[""sowing week""]"
"Diffrence in outside weather between Matihania Khurd and Mungaha, Sidhi, Madhya Pradesh tomorrow evening",CURRENT_CONDITIONS,COMPARE,"[""Matihania Khurd"", ""Mungaha, Sidhi, Madhya Pradesh""]","[""tomorrow evening""]"
Is any wnd seeed advisory issued in 90 minutes?,WIND_SPEED,ALERT,[],"[""90 minutes""]"
"Compare soil heat level Zinner, Washi Porbandar",SOIL_TEMPERATURE,COMPARE,"[""Zinner, Washi"", ""Porbandar""]",[]
Soil moisture at 10 m Simra Bhata vs Kare Rmpur,SOIL_MOISTURE,COMPARE,"[""Simra Bhata"", ""Kare Rmpur""]",[]
ground temperature dtails mundla chhawal day after tomorrow,SOIL_TEMPERATURE,GET,"[""mundla chhawal""]","[""day after tomorrow""]"
Put the lowst temp in my plot against Parbhani around 9:54 AM,TEMPERATURE_MIN,COMPARE,"[""my plot"", ""Parbhani""]","[""9:54 AM""]"
Ping me about the minimum temperature around here in 30 minutes?!,TEMPERATURE_MIN,ALERT,"[""here""]","[""30 minutes""]"
Miinmum in Kiritbandha: 12:30 PM or tomorrow night?,TEMPERATURE_MIN,COMPARE,"[""Kiritbandha""]","[""12:30 PM"", ""tomorrow night""]"
check nigght tempereture jobla busudhi now,TEMPERATURE_MIN,GET,"[""jobla busudhi""]","[""now""]"
Coldest Cuttack pls,TEMPERATURE_MIN,GET,"[""Cuttack""]",[]
What's the temperature in Jharkhannd at 10:06 am?,TEMPERATURE,GET,"[""Jharkhannd""]","[""10:06 am""]"
flag the dew temperature in my plot,DEW_POINT,ALERT,"[""my plot""]",[]
weather preiction details in 15 minutes,FORECAST,GET,[],"[""15 minutes""]"
raise an alarm if the low temp looks bad in sewai kalan by 8 pm,TEMPERATURE_MIN,ALERT,"[""sewai kalan""]","[""8 pm""]"
Raies an alarm if the dewpoint loks bad in Ginigera tommorow,DEW_POINT,ALERT,"[""Ginigera""]","[""tommorow""]"
Contrast the air moistore Gowdanahalli with Madurai South at 5 PM,HUMIDITY,COMPARE,"[""Gowdanahalli"", ""Madurai South""]","[""5 PM""]"
Wat is the precipitaion in Ramarajupalem Krishna Andhra Pradesh at 3 am kindly,RAIN,GET,"[""Ramarajupalem Krishna Andhra Pradesh""]","[""3 am""]"
idea about the how is the weaather in Ramabn this evening?,CURRENT_CONDITIONS,GET,"[""Ramabn""]","[""this evening""]"
Alrt if vaana changes in Shendri Bk. right now,RAIN,ALERT,"[""Shendri Bk.""]","[""right now""]"
Warn me about the rain chance this weekend,RAIN,ALERT,[],"[""this weekend""]"
I need the soil moisture 40cm reading during the sowing week,SOIL_MOISTURE,GET,[],"[""sowing week""]"
is any bright sunshine advisory issued for gulalwali tomorrow morning?,SUNSHINE,ALERT,"[""gulalwali""]","[""tomorrow morning""]"
Want to know cloud cover percentage Nagla Bohra on Friday,CLOUD_COVER,GET,"[""Nagla Bohra""]","[""Friday""]"
How does the cloud cover nearby compare with Burundi tomorrow night?,CLOUD_COVER,COMPARE,"[""nearby"", ""Burundi""]","[""tomorrow night""]"
"compare the heat level between gorasa and moltha, pauri garhwal, uttarakhand on wednesday",TEMPERATURE,COMPARE,"[""gorasa"", ""moltha, pauri garhwal, uttarakhand""]","[""wednesday""]"
Flag weather status here early morning,CURRENT_CONDITIONS,ALERT,"[""here""]","[""early morning""]"
compare sunny hours in sayan madhogarh between yesterday and 1:30 am to 4 pm,SUNSHINE,COMPARE,"[""sayan madhogarh""]","[""yesterday"", ""1:30 am to 4 pm""]"
Contrast the lowest temperature today around my area with Majurnach on Wednesday,TEMPERATURE_MIN,COMPARE,"[""my area"", ""Majurnach""]","[""Wednesday""]"
warn me about the weather outlook early morning,FORECAST,ALERT,[],"[""early morning""]"
Wind directon tomorrow night pls,WIND_DIRECTION,GET,[],"[""tomorrow night""]"
Set an alrt for dew temperuture tomorrow morning,DEW_POINT,ALERT,[],"[""tomorrow morning""]"
"Tomorow, coompare the rain in Kolhapur, Maharashtra Zapitveerappaguda",RAIN,COMPARE,"[""Kolhapur, Maharashtra"", ""Zapitveerappaguda""]","[""Tomorow""]"
"Commpair the due point between Nabha and Ganderi, Dungarpur tomorrow??",DEW_POINT,COMPARE,"[""Nabha"", ""Ganderi, Dungarpur""]","[""tomorrow""]"
"on friday day high figures for turnal, dewas",TEMPERATURE_MAX,GET,"[""turnal, dewas""]","[""friday""]"
"Deree Kopaganj, Mau vs Bhodua, Jaleswar next month",TEMPERATURE,COMPARE,"[""Kopaganj, Mau"", ""Bhodua, Jaleswar""]","[""next month""]"
"is the huiiidty in ghupti -, kalahandi, odisha different 1 pm and 10 am?",HUMIDITY,COMPARE,"[""ghupti -, kalahandi, odisha""]","[""1 pm"", ""10 am""]"
"Copmare the badal in this area with Kopaganj, Mau",CLOUD_COVER,COMPARE,"[""this area"", ""Kopaganj, Mau""]",[]
check the cloud aount by 4:45 am..,CLOUD_COVER,GET,[],"[""4:45 am""]"
Diffrence in how cloady between Chengalpattu Tamil Nadu and Nagla Harsukha,CLOUD_COVER,COMPARE,"[""Chengalpattu Tamil Nadu"", ""Nagla Harsukha""]",[]
"regarding badadnuguripali, what is the daily forecast from 1:30 am to 4 pm?",FORECAST,GET,"[""badadnuguripali""]","[""1:30 am to 4 pm""]"
Lasoodlya Pata and Pura Ruchai Prayagraj Uttarpradesh siorm day after tomorow,RAIN,COMPARE,"[""Lasoodlya Pata"", ""Pura Ruchai Prayagraj Uttarpradesh""]","[""day after tomorow""]"
Message me the dewpoit Red Wana tonight,DEW_POINT,ALERT,"[""Red Wana""]","[""tonight""]"
raiee an alarm if the sun hours looks bad in merakamudidam vizianagaram,SUNSHINE,ALERT,"[""merakamudidam vizianagaram""]",[]
Hw is degrees in Koaganj during the sowing week,TEMPERATURE,GET,"[""Koaganj""]","[""sowing week""]"
wich has more cloud percent kamtha or tidragan nxt week,CLOUD_COVER,COMPARE,"[""kamtha"", ""tidragan""]","[""nxt week""]"
deopada vs dumurdiha east singhbhum low temp,TEMPERATURE_MIN,COMPARE,"[""deopada"", ""dumurdiha east singhbhum""]",[]
Is there a severe weather forecast for Hetavane Raygad?,FORECAST,ALERT,"[""Hetavane Raygad""]",[]
Compare the gust seped in my village with Kanisail Pt Ii Assam next month,WIND_SPEED,COMPARE,"[""my village"", ""Kanisail Pt Ii Assam""]","[""next month""]"
Show me the miiitti ki nami for Kedru Pur and Charbhaat on Saturday,SOIL_MOISTURE,COMPARE,"[""Kedru Pur"", ""Charbhaat""]","[""Saturday""]"
tell me the dew point temp around here early morning,DEW_POINT,GET,"[""here""]","[""early morning""]"
Comppare day high in Edabara vs Vanapuram today,TEMPERATURE_MAX,COMPARE,"[""Edabara"", ""Vanapuram""]","[""today""]"
Cold you let me know the night low in Kulgarhi tommorow,TEMPERATURE_MIN,GET,"[""Kulgarhi""]","[""tommorow""]"
Give me the dew point reading for Kolkata today,DEW_POINT,GET,"[""Kolkata""]","[""today""]"
Is too winddy to spray in Kamtha next week?,WIND_SPEED,GET,"[""Kamtha""]","[""next week""]"
is any dew tempreature advisory issued for kundra 2nite?,DEW_POINT,ALERT,"[""kundra""]","[""2nite""]"
Ground moisture details,SOIL_MOISTURE,GET,[],[]
"Last week, what is the day high in Burundi?",TEMPERATURE_MAX,GET,"[""Burundi""]","[""Last week""]"
Contrast the earth temperature in our villlage with Wargal 2nite,SOIL_TEMPERATURE,COMPARE,"[""our villlage"", ""Wargal""]","[""2nite""]"
"which way the wind blows alert lad bharol, himachal pradeesh on monday",WIND_DIRECTION,ALERT,"[""lad bharol, himachal pradeesh""]","[""monday""]"
how does the dwepot in this area compare with boogle?,DEW_POINT,COMPARE,"[""this area"", ""boogle""]",[]
Want to know moisture in field Tikamgarh around 3:34 am,SOIL_MOISTURE,GET,"[""Tikamgarh""]","[""3:34 am""]"
Chcek the vaatavaranam for both Paschim Ramchandrapur North Twenty-Four Parganas West Bengal and Gara on Sunday,CURRENT_CONDITIONS,COMPARE,"[""Paschim Ramchandrapur North Twenty-Four Parganas West Bengal"", ""Gara""]","[""Sunday""]"
"In the next 2 hours, what is daytime high in Jaitaapur?",TEMPERATURE_MAX,GET,"[""Jaitaapur""]","[""next 2 hours""]"
"Compare the wind velocity nearby with Joharapur, Ahamadnagar on Saturday",WIND_SPEED,COMPARE,"[""nearby"", ""Joharapur, Ahamadnagar""]","[""Saturday""]"
Update me on the due point by 10 PM,DEW_POINT,GET,[],"[""10 PM""]"
How does the probbility of rain in Medaveeddu 4:15 am to 3:30 pm comapre to next 8 hours?,RAIN,COMPARE,"[""Medaveeddu""]","[""4:15 am to 3:30 pm"", ""next 8 hours""]"
"for botad mohamad urf jhinwarheri haeidwar uttarakhand both, what is the wind inntensity in the next 12 hours?",WIND_SPEED,COMPARE,"[""botad"", ""mohamad urf jhinwarheri haeidwar uttarakhand""]","[""next 12 hours""]"
is clouds addvisory issued for jhagar pur last week?,CLOUD_COVER,ALERT,"[""jhagar pur""]","[""last week""]"
bakarkol vs maqsupur soil tepreture for the next 3 days,SOIL_TEMPERATURE,COMPARE,"[""bakarkol"", ""maqsupur""]","[""next 3 days""]"
any warnings about rainfall in baba herdo at 10:30 am?,RAIN,ALERT,"[""baba herdo""]","[""10:30 am""]"
"Holpur Jaunpur Uttarpradesh v/s Ghiwari, Maharashtra soil temperaure at 40cm from 10 AM to 11 am",SOIL_TEMPERATURE,COMPARE,"[""Holpur Jaunpur Uttarpradesh"", ""Ghiwari, Maharashtra""]","[""10 AM to 11 am""]"
"Sunny hours in Dakshin Panialguri and Gannderi, Dungarpur, which is bettter?",SUNSHINE,COMPARE,"[""Dakshin Panialguri"", ""Gannderi, Dungarpur""]",[]
"How is it outside in Fatehabad, Haryana this morning?",CURRENT_CONDITIONS,GET,"[""Fatehabad, Haryana""]","[""this morning""]"
"Bandarchuan, Chatra, Jharkhand and Water Bodies dew lveel tomorrow morning",DEW_POINT,COMPARE,"[""Bandarchuan, Chatra, Jharkhand"", ""Water Bodies""]","[""tomorrow morning""]"
put a reminder for night temperature chegunta tomorrow morning,TEMPERATURE_MIN,ALERT,"[""chegunta""]","[""tomorrow morning""]"
Wat is the hours sunlight in Bhawani Kehra on Tuesday,SUNSHINE,GET,"[""Bhawani Kehra""]","[""Tuesday""]"
How duz downpour in Raksani compare with Gagnuwa?,RAIN,COMPARE,"[""Raksani"", ""Gagnuwa""]",[]
Betjharan vs Mayur Vihar rain intensty,RAIN,COMPARE,"[""Betjharan"", ""Mayur Vihar""]",[]
"for jammu and kashmir india and ghiwari, maharashtra both, what is the mtii ki nami on saturday?",SOIL_MOISTURE,COMPARE,"[""jammu and kashmir india"", ""ghiwari, maharashtra""]","[""saturday""]"
notify me about the bright sunshine in kuaadil early morning,SUNSHINE,ALERT,"[""kuaadil""]","[""early morning""]"
"For Kholda and Himachal Pradesh both, what is wnd dierction at 11:30 AM",WIND_DIRECTION,COMPARE,"[""Kholda"", ""Himachal Pradesh""]","[""11:30 AM""]"
notifiy me abut the os bindu in tarniya khera by 12:05 pm plz,DEW_POINT,ALERT,"[""tarniya khera""]","[""12:05 pm""]"
"How does the solar exposure here copare with Dayara Timbi, Mendarda, Junagadh, Gujarat?",SUNSHINE,COMPARE,"[""here"", ""Dayara Timbi, Mendarda, Junagadh, Gujarat""]",[]
"What is the air moistue in Tupenga, Mainpur?",HUMIDITY,GET,"[""Tupenga, Mainpur""]",[]
Wind strength day after tomorrow pls,WIND_SPEED,GET,[],"[""day after tomorrow""]"
set an alert for what's the weather like near by tmrw,CURRENT_CONDITIONS,ALERT,"[""near by""]","[""tmrw""]"
compare santkabirnagar tilikara gajapati dew poitn temp,DEW_POINT,COMPARE,"[""santkabirnagar"", ""tilikara gajapati""]",[]
contrast the ground moisture nearby with khamawada 2day,SOIL_MOISTURE,COMPARE,"[""nearby"", ""khamawada""]","[""2day""]"
I need the heat level readinng for Hatikali,TEMPERATURE,GET,"[""Hatikali""]",[]
notify me about the soil moisture 10cm in our vllage by 10 am,SOIL_MOISTURE,ALERT,"[""our vllage""]","[""10 am""]"
Could you check the humid near by around 10:45 PM,HUMIDITY,GET,"[""near by""]","[""10:45 PM""]"
notify me if starts raining in oman 2nite,RAIN,ALERT,"[""oman""]","[""2nite""]"
Want alert for wind speed forecat in Repalle rn,WIND_SPEED,ALERT,"[""Repalle""]","[""rn""]"
How does the soil tmprature in Rawani Pur next 6 hours compare to 2 am?,SOIL_TEMPERATURE,COMPARE,"[""Rawani Pur""]","[""next 6 hours"", ""2 am""]"
"Current temp in Karnataka and Gundlakarhti later today, which is better?",TEMPERATURE,COMPARE,"[""Karnataka"", ""Gundlakarhti""]","[""later today""]"
How duz the moisture at 40cm in Buthpur compare with Lalpura next month,SOIL_MOISTURE,COMPARE,"[""Buthpur"", ""Lalpura""]","[""next month""]"
Tell diffrennce dew Sijaipur Malaysia from 2 am to 7 AM,DEW_POINT,COMPARE,"[""Sijaipur"", ""Malaysia""]","[""2 am to 7 AM""]"
"What is the soil heat in Manikpara, Uttar Dinajpru, West Bengal at 4 AM?",SOIL_TEMPERATURE,GET,"[""Manikpara, Uttar Dinajpru, West Bengal""]","[""4 AM""]"
How does the heat level in Matihania Khurd Sunday comppare to now,TEMPERATURE,COMPARE,"[""Matihania Khurd""]","[""Sunday"", ""now""]"
Tomorrow morning daytime temperature fiaures neary,TEMPERATURE_MAX,GET,"[""neary""]","[""Tomorrow morning""]"
weather repotr matihania khurd nxt week pls,FORECAST,GET,"[""matihania khurd""]","[""nxt week""]"
plz Wind gusts Rahmatpur vs Purawaas Khurd day after tomorow,WIND_SPEED,COMPARE,"[""Rahmatpur"", ""Purawaas Khurd""]","[""day after tomorow""]"
Check the max temp in my fielld in 30 minutes,TEMPERATURE_MAX,GET,"[""my fielld""]","[""30 minutes""]"
Compare oatside conditions Kumarpur Edabara from 7 pm to 9:30 PM,CURRENT_CONDITIONS,COMPARE,"[""Kumarpur"", ""Edabara""]","[""7 pm to 9:30 PM""]"
Keep me posted on the how windy in Tamil Nadu India on Friday,WIND_SPEED,ALERT,"[""Tamil Nadu India""]","[""Friday""]"
"I need weekly weather reding for Beni Nagar, Siddharthnagar last week",FORECAST,GET,"[""Beni Nagar, Siddharthnagar""]","[""last week""]"
On Tuesday forat figures in my plot,FORECAST,GET,"[""my plot""]","[""Tuesday""]"
lalpura sun duraatoin 12 am vs tomorrow,SUNSHINE,COMPARE,"[""lalpura""]","[""12 am"", ""tomorrow""]"
put the os bindu in our village aganst chandigarh india next month,DEW_POINT,COMPARE,"[""our village"", ""chandigarh india""]","[""next month""]"
How duz the direction wind in Tahliwala Jattan Punjab compare with Antai for the next 3 days?,WIND_DIRECTION,COMPARE,"[""Tahliwala Jattan Punjab"", ""Antai""]","[""next 3 days""]"
Raise an alarm if the sun heurs looks bad in Tuljapur on Friday,SUNSHINE,ALERT,"[""Tuljapur""]","[""Friday""]"
How is the weather today in Tokyo?,CURRENT_CONDITIONS,GET,"[""Tokyo""]","[""today""]"
"put the soil moisture in my vilage agaisnt wargal, siddipet at 10:06 am",SOIL_MOISTURE,COMPARE,"[""my vilage"", ""wargal, siddipet""]","[""10:06 am""]"
Warn me about the wind bearing near by by 7:20 am,WIND_DIRECTION,ALERT,"[""near by""]","[""7:20 am""]"
"kungayi or sewai kalan, chatra better nighttime low this week?",TEMPERATURE_MIN,COMPARE,"[""kungayi"", ""sewai kalan, chatra""]","[""this week""]"
jeipura vesrsu bhawani khera fatehabad dew point temperature right now,DEW_POINT,COMPARE,"[""jeipura"", ""bhawani khera fatehabad""]","[""right now""]"
Ping me about the weather update around 11 PM,CURRENT_CONDITIONS,ALERT,[],"[""11 PM""]"
Show me the wind vector for Boston tomorrow morning,WIND_DIRECTION,GET,"[""Boston""]","[""tomorrow morning""]"
Soil moistuue 40cm this afternoon,SOIL_MOISTURE,GET,[],"[""this afternoon""]"
"Kolhapur, Maharashtra or Puraina better clod percent by midnight?",CLOUD_COVER,COMPARE,"[""Kolhapur, Maharashtra"", ""Puraina""]","[""midnight""]"
Any warnings about badol in Sundarper right now?,CLOUD_COVER,ALERT,"[""Sundarper""]","[""right now""]"
"Check bright sunshine Hosahalli, Arasikere, Hassan during the sowing week",SUNSHINE,GET,"[""Hosahalli, Arasikere, Hassan""]","[""sowing week""]"
bro Notify me about the is it going to rain last week,RAIN,ALERT,[],"[""last week""]"
whats the weather looking like in baggamhoravalasa vizianagaram around 9 pm?,CURRENT_CONDITIONS,GET,"[""baggamhoravalasa vizianagaram""]","[""9 pm""]"
Update me on the hottest at my locatuon this afternoon,TEMPERATURE_MAX,GET,"[""my locatuon""]","[""this afternoon""]"
Wat is cloudness on Monday?,CLOUD_COVER,GET,[],"[""Monday""]"
What is the moiseure at 40cm in this area,SOIL_MOISTURE,GET,"[""this area""]",[]
How duz the dew point temp Jhalon Ki Madar Khamnor comare with Haragarahaloi today?,DEW_POINT,COMPARE,"[""Jhalon Ki Madar Khamnor"", ""Haragarahaloi""]","[""today""]"
Kawai versus Dhand windy tommorow,WIND_SPEED,COMPARE,"[""Kawai"", ""Dhand""]","[""tommorow""]"
Is it humid in Gospurnatara?,HUMIDITY,GET,"[""Gospurnatara""]",[]
Compare the upcoming forecast in Pathapur betweeeen next 4 hours and next 3 days,FORECAST,COMPARE,"[""Pathapur""]","[""next 4 hours"", ""next 3 days""]"
Lalpura Barh Patna vs Kauadil wnd directiun,WIND_DIRECTION,COMPARE,"[""Lalpura Barh Patna"", ""Kauadil""]",[]
"what's the soil moisture 10cm in ichhapur, odisha on sunday?",SOIL_MOISTURE,GET,"[""ichhapur, odisha""]","[""sunday""]"
Do you have the forecaste data for Imaliya Swaroop Bhopal yesterday?,FORECAST,GET,"[""Imaliya Swaroop Bhopal""]","[""yesterday""]"
Whats up with the maximum temperature in Khrauli next week,TEMPERATURE_MAX,GET,"[""Khrauli""]","[""next week""]"
Contrst the current conditions in Bandhdih with Tekulpahad on Sunday,CURRENT_CONDITIONS,COMPARE,"[""Bandhdih"", ""Tekulpahad""]","[""Sunday""]"
warrn about what temperature in tamil nadu india on friday,TEMPERATURE,ALERT,"[""tamil nadu india""]","[""friday""]"
"Is the outside codnitions in Jamdahara, Paschim Medinipur, West Bengal different early morning and 3:45 AM?",CURRENT_CONDITIONS,COMPARE,"[""Jamdahara, Paschim Medinipur, West Bengal""]","[""early morning"", ""3:45 AM""]"
Warn me about the weather forecast around 3:05 pm,FORECAST,ALERT,[],"[""3:05 pm""]"
how duz the long range forecast in piprahia uttarpradesh compae with gurudayalpur f.v. this week?,FORECAST,COMPARE,"[""piprahia uttarpradesh"", ""gurudayalpur f.v.""]","[""this week""]"
"Diffeernce in weathr report between Baunli Sawai Madhopur Rajasthan and Kilseevur R.f., Villupuram this week",FORECAST,COMPARE,"[""Baunli Sawai Madhopur Rajasthan"", ""Kilseevur R.f., Villupuram""]","[""this week""]"
Flag the weather on Wednesday,CURRENT_CONDITIONS,ALERT,[],"[""Wednesday""]"
Warn me about the temperature now next month,TEMPERATURE,ALERT,[],"[""next month""]"
"Where is the highest temp greater, Angara Kalan or Wadad this week?",TEMPERATURE_MAX,COMPARE,"[""Angara Kalan"", ""Wadad""]","[""this week""]"
Tel ngiht low in my farm around 10 pm,TEMPERATURE_MIN,GET,"[""my farm""]","[""10 pm""]"
What will the heat level be in Garudagaon?,TEMPERATURE,GET,"[""Garudagaon""]",[]
"Pls tell me the humididty in Nutangram, Burdwan by 12 pm",HUMIDITY,GET,"[""Nutangram, Burdwan""]","[""12 pm""]"
Whts light rain in Tarf Tajwal tomorrow evening,RAIN,GET,"[""Tarf Tajwal""]","[""tomorrow evening""]"
"Put the highest temperature in my village againsst Tipamia Dighalia, Dibrugarh, Assam in 82 minutes asap",TEMPERATURE_MAX,COMPARE,"[""my village"", ""Tipamia Dighalia, Dibrugarh, Assam""]","[""82 minutes""]"
"show me the nighttime low for auranga bad, shahjahanpur and khumtai ciircle tomorrow morning?!",TEMPERATURE_MIN,COMPARE,"[""auranga bad, shahjahanpur"", ""khumtai ciircle""]","[""tomorrow morning""]"
couod you let me know the dew in rajapur?,DEW_POINT,GET,"[""rajapur""]",[]
hllaornagara ka cloudiness next weekend,CLOUD_COVER,GET,"[""hllaornagara""]","[""next weekend""]"
Notify me aout the which way the wind blows in Knadari Kh. tommorow,WIND_DIRECTION,ALERT,"[""Knadari Kh.""]","[""tommorow""]"
"remind me to check the weather prediction in neelgarh mal, harda this afternoon kindly",FORECAST,ALERT,"[""neelgarh mal, harda""]","[""this afternoon""]"
"contrast the sun durtion near by with gurrampalli, chik ballapur on tuesday",SUNSHINE,COMPARE,"[""near by"", ""gurrampalli, chik ballapur""]","[""tuesday""]"
", alert me abot the overcast in Zinner, Washi",CLOUD_COVER,ALERT,"[""Zinner, Washi""]",[]
Warn me abouut the rain probability around here nxt week,RAIN,ALERT,"[""here""]","[""nxt week""]"
could you check the coldest in my farm around 11 am?,TEMPERATURE_MIN,GET,"[""my farm""]","[""11 am""]"
"Set an alart for rh in Mahalmirya Dongar, Pen 2day",HUMIDITY,ALERT,"[""Mahalmirya Dongar, Pen""]","[""2day""]"
Can i sow in Inglish Timapur Khaaria this morning,SOIL_TEMPERATURE,GET,"[""Inglish Timapur Khaaria""]","[""this morning""]"
what is wind directon in gowdanahallli tumakuru karnataka yesterday?,WIND_DIRECTION,GET,"[""gowdanahallli tumakuru karnataka""]","[""yesterday""]"
Sunlihgt hours Kbul Khedi vs Sakariya Jhalawar,SUNSHINE,COMPARE,"[""Kbul Khedi"", ""Sakariya Jhalawar""]",[]
Pipalkani Balangir vs Birshapur temprature,TEMPERATURE,COMPARE,"[""Pipalkani Balangir"", ""Birshapur""]",[]
do you have the hoours of sun data for narssinghpura early morning?,SUNSHINE,GET,"[""narssinghpura""]","[""early morning""]"
Keep me posted on the daytame tmperature in Mahamaadpur Pt Ii next month,TEMPERATURE_MAX,ALERT,"[""Mahamaadpur Pt Ii""]","[""next month""]"
Compare soil temperature at 10cm at my place with North Carolina last week,SOIL_TEMPERATURE,COMPARE,"[""my place"", ""North Carolina""]","[""last week""]"
"asap need wind rate for burhanpur, madhya pradesh",WIND_SPEED,GET,"[""burhanpur, madhya pradesh""]",[]
tel me humidity level in my villege on saturday,HUMIDITY,GET,"[""my villege""]","[""saturday""]"
Message me the current temp in Kurod on Saturday,TEMPERATURE,ALERT,"[""Kurod""]","[""Saturday""]"
put the condiuions right now of borkhede against sadullahpur next week,CURRENT_CONDITIONS,COMPARE,"[""borkhede"", ""sadullahpur""]","[""next week""]"
How does the cloud percent here compare with Thamalapura 2day?,CLOUD_COVER,COMPARE,"[""here"", ""Thamalapura""]","[""2day""]"
havy rain early morning,RAIN,GET,[],"[""early morning""]"
Flag the due point aooud my area next week bro,DEW_POINT,ALERT,"[""my area""]","[""next week""]"
contrast the coliest near by with bangaliyou pauri garhwal this afternoon,TEMPERATURE_MIN,COMPARE,"[""near by"", ""bangaliyou pauri garhwal""]","[""this afternoon""]"
Flag the mausam at 6 pm,CURRENT_CONDITIONS,ALERT,[],"[""6 pm""]"
Show me the wind bearing for Khabalu F V and Sangrur yesterday,WIND_DIRECTION,COMPARE,"[""Khabalu F V"", ""Sangrur""]","[""yesterday""]"
Need due poitn Italy by 10 am,DEW_POINT,GET,"[""Italy""]","[""10 am""]"
"betwween zaptiveerappaguda, mirialguda, nalgonda and madain, where the tempature stronger last week?",TEMPERATURE,COMPARE,"[""zaptiveerappaguda, mirialguda, nalgonda"", ""madain""]","[""last week""]"
check the dew temperature at my location tmrw,DEW_POINT,GET,"[""my location""]","[""tmrw""]"
conorast the minimum temprature here with beerakanahalli day after tomorow plz,TEMPERATURE_MIN,COMPARE,"[""here"", ""beerakanahalli""]","[""day after tomorow""]"
check the lowest temperature,TEMPERATURE_MIN,GET,[],[]
"Which is better for nightiitme low, Mundakata or Dehgam, Gandhinagar?",TEMPERATURE_MIN,COMPARE,"[""Mundakata"", ""Dehgam, Gandhinagar""]",[]
"Early morning coldest temperature figures for Bilarua, Bhatpar Rani, Deoria",TEMPERATURE_MIN,GET,"[""Bilarua, Bhatpar Rani, Deoria""]","[""Early morning""]"
How humid is it in Gokalyawala arond 11 PM?,HUMIDITY,GET,"[""Gokalyawala""]","[""11 PM""]"
Whats the degree looking like in Bahunagar Urf Sirsa next month bro,TEMPERATURE,GET,"[""Bahunagar Urf Sirsa""]","[""next month""]"
"max temperature in navsari, gujarat and oman tomorrow night, whch is better?",TEMPERATURE_MAX,COMPARE,"[""navsari, gujarat"", ""oman""]","[""tomorrow night""]"
Keep me posted on the badal in Kadgawan aroudn 7:30 AM,CLOUD_COVER,ALERT,"[""Kadgawan""]","[""7:30 AM""]"
Tel me sunlte nearby at 1:30 am,SUNSHINE,GET,"[""nearby""]","[""1:30 am""]"
Raise an alarm if the soil temp looks bad in Chaklusha yesterday,SOIL_TEMPERATURE,ALERT,"[""Chaklusha""]","[""yesterday""]"
"whats the weather situation looking like in chhirhati, sohagpur, shahdol, madhya pradesh 2nite?",CURRENT_CONDITIONS,GET,"[""chhirhati, sohagpur, shahdol, madhya pradesh""]","[""2nite""]"
keep me posted on the soil temperature 10cm in hetavane raygad,SOIL_TEMPERATURE,ALERT,"[""hetavane raygad""]",[]
Is there any outside conditions warning in my feild tommorow?,CURRENT_CONDITIONS,ALERT,"[""my feild""]","[""tommorow""]"
"On Friday, what is the hawa ki disha nearby?",WIND_DIRECTION,GET,"[""nearby""]","[""Friday""]"
"how does the hawa ki raftar near me compare with kinaidih, raghunathpur, puruliya tomorrow night?",WIND_SPEED,COMPARE,"[""near me"", ""kinaidih, raghunathpur, puruliya""]","[""tomorrow night""]"
"Diffrence in earth temperature betweeen Odha and Ghusrum, Teonthar tomorrow evening",SOIL_TEMPERATURE,COMPARE,"[""Odha"", ""Ghusrum, Teonthar""]","[""tomorrow evening""]"
Tell me the curernt temp for Shi Rjpur Kotdwar Pauri Garhwal by 10:30 pm,TEMPERATURE,GET,"[""Shi Rjpur Kotdwar Pauri Garhwal""]","[""10:30 pm""]"
Can you tell me the actual temperature in Angara Kalan by 8:30 AM?,TEMPERATURE,GET,"[""Angara Kalan""]","[""8:30 AM""]"
climate right now details for ramarajupalem around 11 am,CURRENT_CONDITIONS,GET,"[""ramarajupalem""]","[""11 am""]"
is the soil tempearture 10cm higher in poshina or in alasana. on tuesday..,SOIL_TEMPERATURE,COMPARE,"[""poshina"", ""alasana.""]","[""tuesday""]"
"bro for sitalpur kakrahta, hajipur and binodpur both, what is the wind dircoon for the next 3 days?",WIND_DIRECTION,COMPARE,"[""sitalpur kakrahta, hajipur"", ""binodpur""]","[""next 3 days""]"
Is it very windy in Dallas today?,WIND_SPEED,GET,"[""Dallas""]","[""today""]"
Flag the highest temperaure today today,TEMPERATURE_MAX,ALERT,[],"[""today""]"
Update me on the rain forecaast in Gerai Ki Guwari Rajasthan last week,RAIN,GET,"[""Gerai Ki Guwari Rajasthan""]","[""last week""]"
show me the os binndu in brahmuar,DEW_POINT,GET,"[""brahmuar""]",[]
Warn me about the weather forecast by 3:45 AM,FORECAST,ALERT,[],"[""3:45 AM""]"
Pls tell me the max temperature in Parbahal,TEMPERATURE_MAX,GET,"[""Parbahal""]",[]
set an alert for badl,CLOUD_COVER,ALERT,[],[]
notiffy me about overcast in thirumalayapalem next month,CLOUD_COVER,ALERT,"[""thirumalayapalem""]","[""next month""]"
warn me abotu the low temp in badahinso odisha last week,TEMPERATURE_MIN,ALERT,"[""badahinso odisha""]","[""last week""]"
Hw is derees in Manegaon Sagar,TEMPERATURE,GET,"[""Manegaon Sagar""]",[]
Is the soil temprature in Gokalyawala diffeernt 10:06 am and this afternoon urgent,SOIL_TEMPERATURE,COMPARE,"[""Gokalyawala""]","[""10:06 am"", ""this afternoon""]"
Tell me the soil moisture at 40 m in my farm right now,SOIL_MOISTURE,GET,"[""my farm""]","[""right now""]"
"Dew levl Sundarpur, Dhaulpur, Rajasthan vs Londa, Lakhnadon, Seeoni on Sunday",DEW_POINT,COMPARE,"[""Sundarpur, Dhaulpur, Rajasthan"", ""Londa, Lakhnadon, Seeoni""]","[""Sunday""]"
What's the soil watre day after tomorow?,SOIL_MOISTURE,GET,[],"[""day after tomorow""]"
"Wind heuding Bindipur, Puri tomorrow evening pls",WIND_DIRECTION,GET,"[""Bindipur, Puri""]","[""tomorrow evening""]"
Is the night low in South West Garo Hills higher 1:45 AM or 9:30 pm?,TEMPERATURE_MIN,COMPARE,"[""South West Garo Hills""]","[""1:45 AM"", ""9:30 pm""]"
how is the due poiint on friday pls,DEW_POINT,GET,[],"[""friday""]"
how is the moisure level in klolur 2day?,HUMIDITY,GET,"[""klolur""]","[""2day""]"
Set an alert for weather now nearby by 6:15 am,CURRENT_CONDITIONS,ALERT,"[""nearby""]","[""6:15 am""]"
"2day, compare the maximum temprature in Bedarshirgur and Barkhedi",TEMPERATURE_MAX,COMPARE,"[""Bedarshirgur"", ""Barkhedi""]","[""2day""]"
quick dewpoint check for ranhot sirmaur next month,DEW_POINT,GET,"[""ranhot sirmaur""]","[""next month""]"
Wat wind gusts this afternoon,WIND_SPEED,GET,[],"[""this afternoon""]"
reind me to check the conditions right now in ananthapur around 10 pm,CURRENT_CONDITIONS,ALERT,"[""ananthapur""]","[""10 pm""]"
"Can you tell me the weather ahead in Ghupti -, Kalahandi, Odisha at 1:30 am?",FORECAST,GET,"[""Ghupti -, Kalahandi, Odisha""]","[""1:30 am""]"
Keep me posted on the frecaste in Kare Rampur on Saturday,FORECAST,ALERT,"[""Kare Rampur""]","[""Saturday""]"
"Show me the upcoming waether in Kholda, Gadchiroli from 10 AM to 11 am kindly",FORECAST,GET,"[""Kholda, Gadchiroli""]","[""10 AM to 11 am""]"
raise an alarm if the oveernight low looks bad in ghagrapar cirle tonight,TEMPERATURE_MIN,ALERT,"[""ghagrapar cirle""]","[""tonight""]"
"Sun horus in Gandhinagar, Gujarat in 60 minutes",SUNSHINE,GET,"[""Gandhinagar, Gujarat""]","[""60 minutes""]"
Min temperaure Bhikhnadih on Sunday pls,TEMPERATURE_MIN,GET,"[""Bhikhnadih""]","[""Sunday""]"
Is there any teemperature warning this weekend?,TEMPERATURE,ALERT,[],"[""this weekend""]"
Warn me abouut the how cold at my location next month,TEMPERATURE,ALERT,"[""my location""]","[""next month""]"
"Put the mitti ka taapmaan at my location agaist Giwari, Maharashtra next month",SOIL_TEMPERATURE,COMPARE,"[""my location"", ""Giwari, Maharashtra""]","[""next month""]"
is any outside weather advisory issued for the next 7 days?,CURRENT_CONDITIONS,ALERT,[],"[""next 7 days""]"
by 4:50 pm humidiity figures in my fild,HUMIDITY,GET,"[""my fild""]","[""4:50 pm""]"
"Contrrast the ground heat nearby with Mungaha, Sidhi, Madhya Pradesh arround 3:34 am",SOIL_TEMPERATURE,COMPARE,"[""nearby"", ""Mungaha, Sidhi, Madhya Pradesh""]","[""3:34 am""]"
Let me know if there is a weather report alert in Chinchali Belgavi Karnataka around 9 pm,FORECAST,ALERT,"[""Chinchali Belgavi Karnataka""]","[""9 pm""]"
Want alert for barish in Rattowal next week,RAIN,ALERT,"[""Rattowal""]","[""next week""]"
what's the mausam in anaedpur?,CURRENT_CONDITIONS,GET,"[""anaedpur""]",[]
"tel me the air speed bindipur, puri this weekend",WIND_SPEED,GET,"[""bindipur, puri""]","[""this weekend""]"
Can you tell me the moistuer at 40cm in Khakhla today?,SOIL_MOISTURE,GET,"[""Khakhla""]","[""today""]"
"Show me the wethr in Tiakurdi, Puruliya this afternoon",CURRENT_CONDITIONS,GET,"[""Tiakurdi, Puruliya""]","[""this afternoon""]"
Comapre heat near by with Arwal tomorrow morning,TEMPERATURE,COMPARE,"[""near by"", ""Arwal""]","[""tomorrow morning""]"
Alrt if forecset changes in Kopaganj right now,FORECAST,ALERT,"[""Kopaganj""]","[""right now""]"
Diffrence in dew temperaturre between Nao Para Hugli and Bhikhnadih Hazaribagh Jharkhand today,DEW_POINT,COMPARE,"[""Nao Para Hugli"", ""Bhikhnadih Hazaribagh Jharkhand""]","[""today""]"
How cold is it in Moscow right now?,TEMPERATURE,GET,"[""Moscow""]","[""right now""]"
Whats the ground moisture looking like tomorrow morning?,SOIL_MOISTURE,GET,[],"[""tomorrow morning""]"
put the dew level in my plot against bikaner tommorow,DEW_POINT,COMPARE,"[""my plot"", ""bikaner""]","[""tommorow""]"
"tell diffrecne weather situation suratraidi alias lakragora dehgam, gandhinagar tomorow",CURRENT_CONDITIONS,COMPARE,"[""suratraidi alias lakragora"", ""dehgam, gandhinagar""]","[""tomorow""]"
Flag the humidity percent on Friday,HUMIDITY,ALERT,[],"[""Friday""]"
Warn me about the soil tempreture in Kumbhhara in 82 minutes,SOIL_TEMPERATURE,ALERT,"[""Kumbhhara""]","[""82 minutes""]"
Soil wtaer in Titwa,SOIL_MOISTURE,GET,"[""Titwa""]",[]
Pls tell me the current conditions in Karhl by 1:48 PM,CURRENT_CONDITIONS,GET,"[""Karhl""]","[""1:48 PM""]"
"Infrom me if min temprature bad in Dadari, Jaunpur this morning",TEMPERATURE_MIN,ALERT,"[""Dadari, Jaunpur""]","[""this morning""]"
Barwala versus Anndpur wind heading this evening,WIND_DIRECTION,COMPARE,"[""Barwala"", ""Anndpur""]","[""this evening""]"
ping me about the heavy rain aroued my area right now,RAIN,ALERT,"[""my area""]","[""right now""]"
contrast the huimidty in chopara with sitapur uttarpradesh on tuesday,HUMIDITY,COMPARE,"[""chopara"", ""sitapur uttarpradesh""]","[""tuesday""]"
Send me an alert if the soil heat levvel is unusual in Bnodpur in 15 minutes,SOIL_TEMPERATURE,ALERT,"[""Bnodpur""]","[""15 minutes""]"
Cloudness Odha or Chaandsora,CLOUD_COVER,COMPARE,"[""Odha"", ""Chaandsora""]",[]
Jamaica or Bhamni Kalan Shahdol better gust speed from 6:30 PM to 10 PM?,WIND_SPEED,COMPARE,"[""Jamaica"", ""Bhamni Kalan Shahdol""]","[""6:30 PM to 10 PM""]"
"Put the wind froce nearrby against Gumdi, Makri tomorrow evening",WIND_SPEED,COMPARE,"[""nearrby"", ""Gumdi, Makri""]","[""tomorrow evening""]"
"what is the upcoming weather in goavna, jamnagar, gujarat this weekend?",FORECAST,GET,"[""goavna, jamnagar, gujarat""]","[""this weekend""]"
"In Tamil Nadu India, what is the cold around 9 am?",TEMPERATURE,GET,"[""Tamil Nadu India""]","[""9 am""]"
tell me the wether prediction for mahadih at 7:15 pm,FORECAST,GET,"[""mahadih""]","[""7:15 pm""]"
Tell me the climate riget now Yellanur,CURRENT_CONDITIONS,GET,"[""Yellanur""]",[]
"Compare min temp here with Maina Bhagar, Gorakhpur tonight",TEMPERATURE_MIN,COMPARE,"[""here"", ""Maina Bhagar, Gorakhpur""]","[""tonight""]"
"Want to know focast Budhel, Gujarat at 9:30 pm",FORECAST,GET,"[""Budhel, Gujarat""]","[""9:30 pm""]"
update me on the gust by 8:30 am,WIND_SPEED,GET,[],"[""8:30 am""]"
Tel me the low temp for Sayan Madhogarh,TEMPERATURE_MIN,GET,"[""Sayan Madhogarh""]",[]
Ping me about the tempature in Hbarubari,TEMPERATURE,ALERT,"[""Hbarubari""]",[]
I need the wind froce reading for Missiissippi tomorrow,WIND_SPEED,GET,"[""Missiissippi""]","[""tomorrow""]"
What is the hors of sunlight here this weekend?,SUNSHINE,GET,"[""here""]","[""this weekend""]"
"Ping me about the barish in Water Bodies, Gwalior",RAIN,ALERT,"[""Water Bodies, Gwalior""]",[]
soil temperature at 40cm gothani on wednesday pls,SOIL_TEMPERATURE,GET,"[""gothani""]","[""wednesday""]"
"Pls tell me the minimum temperature in Karsangadh, Surendrangaar",TEMPERATURE_MIN,GET,"[""Karsangadh, Surendrangaar""]",[]
check the due point around my area next month,DEW_POINT,GET,"[""my area""]","[""next month""]"
Compare the badal nearby with Rajauri at 1:09 AM,CLOUD_COVER,COMPARE,"[""nearby"", ""Rajauri""]","[""1:09 AM""]"
Put the wind rate neaby againt Senduras rn,WIND_SPEED,COMPARE,"[""neaby"", ""Senduras""]","[""rn""]"
How is the hmuidty the next 7 days?,HUMIDITY,GET,[],"[""next 7 days""]"
cloud percent details for taiiwan by 6:15 am,CLOUD_COVER,GET,"[""taiiwan""]","[""6:15 am""]"
raibeareli and ghusrum maxmium by 8 pm,TEMPERATURE_MAX,COMPARE,"[""raibeareli"", ""ghusrum""]","[""8 pm""]"
"Let me know if there is a overnight temperature alert in Janegaon, Kej",TEMPERATURE_MIN,ALERT,"[""Janegaon, Kej""]",[]
How does the soil moistuer at 40 m in my feild compare with Mampur later today?,SOIL_MOISTURE,COMPARE,"[""my feild"", ""Mampur""]","[""later today""]"
let me know if is a wether alert in ainjikuppam rn,CURRENT_CONDITIONS,ALERT,"[""ainjikuppam""]","[""rn""]"
Contrast the miniumm temperature here with Zinner at 11:30 AM,TEMPERATURE_MIN,COMPARE,"[""here"", ""Zinner""]","[""11:30 AM""]"
how does air moisture here compare with rampur day after tomorrow?,HUMIDITY,COMPARE,"[""here"", ""rampur""]","[""day after tomorrow""]"
"in gara, bankura, what is the housr of sunlihgt day after tomorow?",SUNSHINE,GET,"[""gara, bankura""]","[""day after tomorow""]"
Put due piont here against Sheopur at 1:30 am,DEW_POINT,COMPARE,"[""here"", ""Sheopur""]","[""1:30 am""]"
Put the which way the wind bolws in this area agaist Khani Upperli Kangra,WIND_DIRECTION,COMPARE,"[""this area"", ""Khani Upperli Kangra""]",[]
What will the humidity level be in Kumbhara around 3:30 pm?,HUMIDITY,GET,"[""Kumbhara""]","[""3:30 pm""]"
ping me about the soil tempreture in australia day after tomorow,SOIL_TEMPERATURE,ALERT,"[""australia""]","[""day after tomorow""]"
Put a reminder for dew point in Mamsha Patti at 9:30 pm,DEW_POINT,ALERT,"[""Mamsha Patti""]","[""9:30 pm""]"
Put the prediction in my field against Ukhrul Manipur on Friday,FORECAST,COMPARE,"[""my field"", ""Ukhrul Manipur""]","[""Friday""]"
", compae the hawa ki disha in Sikkim India and Pusapatirega, Vizianagaram, Andhra Pradesh",WIND_DIRECTION,COMPARE,"[""Sikkim India"", ""Pusapatirega, Vizianagaram, Andhra Pradesh""]",[]
precpitation by 12 pm pls,RAIN,GET,[],"[""12 pm""]"
Ntoify me about the dew temperature in my feild by 9 PM,DEW_POINT,ALERT,"[""my feild""]","[""9 PM""]"
Plz alert highest temperature Kmarkuchi Nalbari Assam on Sunday,TEMPERATURE_MAX,ALERT,"[""Kmarkuchi Nalbari Assam""]","[""Sunday""]"
Thundirstorm Meraamudidam: 3 pm or 4:15 am to 3:30 pm?,RAIN,COMPARE,"[""Meraamudidam""]","[""3 pm"", ""4:15 am to 3:30 pm""]"
flag the soil moiisure around 9 pm,SOIL_MOISTURE,ALERT,[],"[""9 pm""]"
Diffrenec in air moisture batween Jigsana Tal and Karsangadh,HUMIDITY,COMPARE,"[""Jigsana Tal"", ""Karsangadh""]",[]
ping me about the wind spoeed in my plot,WIND_SPEED,ALERT,"[""my plot""]",[]
"Put the conditions right now of Jhuratarai, Dhamtari, Chhatisgarh agaist Doddahejjaji Bengaluru Rural",CURRENT_CONDITIONS,COMPARE,"[""Jhuratarai, Dhamtari, Chhatisgarh"", ""Doddahejjaji Bengaluru Rural""]",[]
Gerai Ki Guwari or Dwarahat Almora better hawa ki disha tmrw?,WIND_DIRECTION,COMPARE,"[""Gerai Ki Guwari"", ""Dwarahat Almora""]","[""tmrw""]"
Keep me posted on the soil moistur in Rajauri by 9:45 pm plz,SOIL_MOISTURE,ALERT,"[""Rajauri""]","[""9:45 pm""]"
Contrast the maximum around my area with Bankandi Pauri Garhwal for the next 3 days,TEMPERATURE_MAX,COMPARE,"[""my area"", ""Bankandi Pauri Garhwal""]","[""next 3 days""]"
is the wind in rempi gajapati hiher 1:30 am or 9 pm?,WIND_SPEED,COMPARE,"[""rempi gajapati""]","[""1:30 am"", ""9 pm""]"
Noitfy me about the wather forecast in my vilage today,FORECAST,ALERT,"[""my vilage""]","[""today""]"
"How hot in Chikhli, Seoni, Madhya Pradesh and Chhanchina next weekend, which is better?",TEMPERATURE,COMPARE,"[""Chikhli, Seoni, Madhya Pradesh"", ""Chhanchina""]","[""next weekend""]"
Could you check the tempreutre in my feild around 12:30 PM?,TEMPERATURE,GET,"[""my feild""]","[""12:30 PM""]"
Keep me posted on the weather report in Lesligunj yesterday,FORECAST,ALERT,"[""Lesligunj""]","[""yesterday""]"
Set alart for peak tempurature in Baglan by 1 pm,TEMPERATURE_MAX,ALERT,"[""Baglan""]","[""1 pm""]"
"comare the outside weather in my plot with tipamia dighalia, dibrugarh, assam today",CURRENT_CONDITIONS,COMPARE,"[""my plot"", ""tipamia dighalia, dibrugarh, assam""]","[""today""]"
hw is rainy in brahmaur around 1 am?,RAIN,GET,"[""brahmaur""]","[""1 am""]"
what's feld moisture near by?,SOIL_MOISTURE,GET,"[""near by""]",[]
Flag the weater prediction for Kolulr next month,FORECAST,ALERT,"[""Kolulr""]","[""next month""]"
"Is any wind advisory isssued for Matihania Khurd, Kushinagar this evening?",WIND_SPEED,ALERT,"[""Matihania Khurd, Kushinagar""]","[""this evening""]"
tell me the cloud percentage by 4 pm,CLOUD_COVER,GET,[],"[""4 pm""]"
Ground tempperature details for Kasipur Balasore (Baleshwar) for the next 3 days,SOIL_TEMPERATURE,GET,"[""Kasipur Balasore (Baleshwar)""]","[""next 3 days""]"
"Cloud covr alert Mamsha Patti, Burhanpur around 4:15 PM",CLOUD_COVER,ALERT,"[""Mamsha Patti, Burhanpur""]","[""4:15 PM""]"
How does the soil temperature in Tuljapur compare with Mahulani for the next 7 days kindly,SOIL_TEMPERATURE,COMPARE,"[""Tuljapur"", ""Mahulani""]","[""next 7 days""]"
Pls tell me the wind flow direction in Kohima in 30 minutes,WIND_DIRECTION,GET,"[""Kohima""]","[""30 minutes""]"
Contrast the hours of sunlight arouund here with Ghagrapar Circle right now,SUNSHINE,COMPARE,"[""here"", ""Ghagrapar Circle""]","[""right now""]"
is it going to rain in jagttial 2nite?,RAIN,GET,"[""jagttial""]","[""2nite""]"
set an alert for wind velocity tmrw,WIND_SPEED,ALERT,[],"[""tmrw""]"
"Infirm me if night temperature bad in Dayara Timbi, Mendarda, Junagadh, Gujarat this afternoon",TEMPERATURE_MIN,ALERT,"[""Dayara Timbi, Mendarda, Junagadh, Gujarat""]","[""this afternoon""]"
Noify me about the cloudy tmrw,CLOUD_COVER,ALERT,[],"[""tmrw""]"
is coldest temperature advisory issued next month?,TEMPERATURE_MIN,ALERT,[],"[""next month""]"
"Hw is how is the weather in Kulerbahali, Bolangir (Balangir), Odisha",CURRENT_CONDITIONS,GET,"[""Kulerbahali, Bolangir (Balangir), Odisha""]",[]
wind directon details for sukiwasi around 8:45 am,WIND_DIRECTION,GET,"[""sukiwasi""]","[""8:45 am""]"
"Dhepua, Paschim Mediniupr Sadar vs Khamawada air tempearture rn",TEMPERATURE,COMPARE,"[""Dhepua, Paschim Mediniupr Sadar"", ""Khamawada""]","[""rn""]"
warrn me about mitti ki nami in jetpura,SOIL_MOISTURE,ALERT,"[""jetpura""]",[]
What is ground temperature at 11:30 AM?,SOIL_TEMPERATURE,GET,[],"[""11:30 AM""]"
Comprae the sun hours aruond here with Rudain Urf Manjhgawa by 3:45 AM,SUNSHINE,COMPARE,"[""here"", ""Rudain Urf Manjhgawa""]","[""3:45 AM""]"
i want to know the ground temp in himachal praesh tomorrow night,SOIL_TEMPERATURE,GET,"[""himachal praesh""]","[""tomorrow night""]"
What degree is it in Vancouver?,TEMPERATURE,GET,"[""Vancouver""]",[]
"Due point in Israjpalle, Jagtial and Dibrugarh around 3:30 pm, which is better",DEW_POINT,COMPARE,"[""Israjpalle, Jagtial"", ""Dibrugarh""]","[""3:30 pm""]"
"This evening, alert me about the showers in Bareti Kalan, Rewa",RAIN,ALERT,"[""Bareti Kalan, Rewa""]","[""This evening""]"
flag dew piint temp tomorrow morning,DEW_POINT,ALERT,[],"[""tomorrow morning""]"
keep me posted on the light rain in khadikapada betanati from 4:30 am to 8:30 am,RAIN,ALERT,"[""khadikapada betanati""]","[""4:30 am to 8:30 am""]"
Bhokraha vs Ahesha soil heat,SOIL_TEMPERATURE,COMPARE,"[""Bhokraha"", ""Ahesha""]",[]
Udate me on the lowest temperature,TEMPERATURE_MIN,GET,[],[]
How hot will it get in Hyderabad tomorrow evening?,TEMPERATURE_MAX,GET,"[""Hyderabad""]","[""tomorrow evening""]"
"right now, alert me about the soil temperature at 40cm in panbari f.v.",SOIL_TEMPERATURE,ALERT,"[""panbari f.v.""]","[""right now""]"
"Plz alert hghest temp Ginigera, Karnataka",TEMPERATURE_MAX,ALERT,"[""Ginigera, Karnataka""]",[]
Compare the weather situattion in my farm with Sandongri Khairagarh Raj Nandgaon tomorow,CURRENT_CONDITIONS,COMPARE,"[""my farm"", ""Sandongri Khairagarh Raj Nandgaon""]","[""tomorow""]"
"bahunagar urf sirsa, baheri versses masudpur wind directon",WIND_DIRECTION,COMPARE,"[""bahunagar urf sirsa, baheri"", ""masudpur""]",[]
"How does the gust speed in my feild compre with Marhari, Gorakhpur by 1:48 PM",WIND_SPEED,COMPARE,"[""my feild"", ""Marhari, Gorakhpur""]","[""1:48 PM""]"
"Any idea about the relative moisture in Karsangadh, Surendranagar 2day?",HUMIDITY,GET,"[""Karsangadh, Surendranagar""]","[""2day""]"
What is the moisture at 40cm neaarby by 2 AM?,SOIL_MOISTURE,GET,"[""neaarby""]","[""2 AM""]"
"Keep me posted on the humidty in Barauta, Nawada tonight",HUMIDITY,ALERT,"[""Barauta, Nawada""]","[""tonight""]"
Give me the sunnshine hours for Panasi Rewa Madhya Praadesh on Tuesday,SUNSHINE,GET,"[""Panasi Rewa Madhya Praadesh""]","[""Tuesday""]"
How high is the dew point in Sewai Kalan pls,DEW_POINT,GET,"[""Sewai Kalan""]",[]
Compare daytime high Beni Nagar Sahapur this afternoon,TEMPERATURE_MAX,COMPARE,"[""Beni Nagar"", ""Sahapur""]","[""this afternoon""]"
Chcek coldest temperature tomorrow night,TEMPERATURE_MIN,GET,[],"[""tomorrow night""]"
"Should i worry about the min temperature in Barauta, Nawdaa?",TEMPERATURE_MIN,ALERT,"[""Barauta, Nawdaa""]",[]
Show me the wind flow drection in Hatikali,WIND_DIRECTION,GET,"[""Hatikali""]",[]
"Should i worry aout the extended forecast in Dindigul East, Tamil Nadu?",FORECAST,ALERT,"[""Dindigul East, Tamil Nadu""]",[]
Ping me about the weather forecast for the next 7 days,FORECAST,ALERT,[],"[""next 7 days""]"
compare the earth temperature in my plot with tendawa sisatipur aroudn 9 pm,SOIL_TEMPERATURE,COMPARE,"[""my plot"", ""tendawa sisatipur""]","[""9 pm""]"
Notify me about the rain chance here tonight,RAIN,ALERT,"[""here""]","[""tonight""]"
contrast the colud coverage in bankandi pauri garhwal with bhikhnadih by 4 pm,CLOUD_COVER,COMPARE,"[""bankandi pauri garhwal"", ""bhikhnadih""]","[""4 pm""]"
set an alet for overnight low at my location from 5:16 am to 9 pm,TEMPERATURE_MIN,ALERT,"[""my location""]","[""5:16 am to 9 pm""]"
Notify me about the relative moistuoe in my farm last week,HUMIDITY,ALERT,"[""my farm""]","[""last week""]"
"In Chatarla, what is the wind bearign",WIND_DIRECTION,GET,"[""Chatarla""]",[]
How much hours of sunlighht in Jaisalmer?,SUNSHINE,GET,"[""Jaisalmer""]",[]
rupaspur verses sitapur uttarpradesh dew level during the sowing week,DEW_POINT,COMPARE,"[""rupaspur"", ""sitapur uttarpradesh""]","[""sowing week""]"
Let me know if there is a heat alert in Chinchali Belagavi Karnataka day after tomorow,TEMPERATURE,ALERT,"[""Chinchali Belagavi Karnataka""]","[""day after tomorow""]"
Daily forecast Buradapadu or Burundi,FORECAST,COMPARE,"[""Buradapadu"", ""Burundi""]",[]
Alert me if the temperature crosses 40 degrees in Thamalapura for the next 7 days,TEMPERATURE,ALERT,"[""Thamalapura""]","[""next 7 days""]"
Warn me about the sunlite near me yesterday asap,SUNSHINE,ALERT,"[""near me""]","[""yesterday""]"
"quickly Chek the max tempreture in Naysatra, Bongaigaon by 2 AM",TEMPERATURE_MAX,GET,"[""Naysatra, Bongaigaon""]","[""2 AM""]"
how much air moisture in my feild?,HUMIDITY,GET,"[""my feild""]",[]
"kindly share the cloudness for ama tola, ambagarh chowki, raj nandgaon tomorrow",CLOUD_COVER,GET,"[""ama tola, ambagarh chowki, raj nandgaon""]","[""tomorrow""]"
Is any min temp warning this weekend,TEMPERATURE_MIN,ALERT,[],"[""this weekend""]"
"Tell diffrenec sunshien Khilmapur, Jalgaon Wadad on Wednesday",SUNSHINE,COMPARE,"[""Khilmapur, Jalgaon"", ""Wadad""]","[""Wednesday""]"
Notifiy me about the rain probability in Khtaauli Rural on Tuesday,RAIN,ALERT,"[""Khtaauli Rural""]","[""Tuesday""]"
Ping about the mitti ka taapmaan around here,SOIL_TEMPERATURE,ALERT,"[""here""]",[]
min temprratture kauadil or thanetar,TEMPERATURE_MIN,COMPARE,"[""kauadil"", ""thanetar""]",[]
Baal Nranda at 9:30 pm pls,CLOUD_COVER,GET,"[""Nranda""]","[""9:30 pm""]"
"Set an alart for soil wetness level in Voyalanallur, Tiruvallur tomorrow morning",SOIL_MOISTURE,ALERT,"[""Voyalanallur, Tiruvallur""]","[""tomorrow morning""]"
"How duz downpour in Hetavane cmpare with Baleshwar Sadar, Odisha",RAIN,COMPARE,"[""Hetavane"", ""Baleshwar Sadar, Odisha""]",[]
contrast the teuperature of soil at my location with manegaon sagar this evening,SOIL_TEMPERATURE,COMPARE,"[""my location"", ""manegaon sagar""]","[""this evening""]"
warn me abuot the dew point here rn,DEW_POINT,ALERT,"[""here""]","[""rn""]"
put the cold of kattangudi agaisnt panyara khera by 12 am,TEMPERATURE,COMPARE,"[""kattangudi"", ""panyara khera""]","[""12 am""]"
is there any wind force warning aronud my area for the next 3 days?,WIND_SPEED,ALERT,"[""my area""]","[""next 3 days""]"
ntify me about the max temperature in my plot by 12:05 pm bro,TEMPERATURE_MAX,ALERT,"[""my plot""]","[""12:05 pm""]"
show me the moestre level in medakpalle from 7 am to 9:30 pm,HUMIDITY,GET,"[""medakpalle""]","[""7 am to 9:30 pm""]"
Wich has more max temp Naranda Madhya Pradesh or Pana in 82 minutes,TEMPERATURE_MAX,COMPARE,"[""Naranda Madhya Pradesh"", ""Pana""]","[""82 minutes""]"
"Max temperature in Gommu Koyagudem and Singadevanahalli by 1 am, which is better?",TEMPERATURE_MAX,COMPARE,"[""Gommu Koyagudem"", ""Singadevanahalli""]","[""1 am""]"
hiuale dew point temp tomorrow evening,DEW_POINT,GET,"[""hiuale""]","[""tomorrow evening""]"
Update me on the rainfall in Budhel at 7 pm,RAIN,GET,"[""Budhel""]","[""7 pm""]"
What is the bright sunsihne in Abdalpur Pipra around 7 PM?,SUNSHINE,GET,"[""Abdalpur Pipra""]","[""7 PM""]"
warn me about the cloud covr in mizoram,CLOUD_COVER,ALERT,"[""mizoram""]",[]
Is the fielld too wet to plough in Naranda right now?,SOIL_MOISTURE,GET,"[""Naranda""]","[""right now""]"
Coontast the dewpoit around my area with Rempi Gajapati this evening,DEW_POINT,COMPARE,"[""my area"", ""Rempi Gajapati""]","[""this evening""]"
Could you let me know the sunny hours in Tegalavancha tomorrow?,SUNSHINE,GET,"[""Tegalavancha""]","[""tomorrow""]"
"What is it like in Syaaat, Uttarakhand tomorrow",CURRENT_CONDITIONS,GET,"[""Syaaat, Uttarakhand""]","[""tomorrow""]"
Any idea abut the hottest temperature in Gotameshwar this afternoon,TEMPERATURE_MAX,GET,"[""Gotameshwar""]","[""this afternoon""]"
How much tempatuure in B Koduru Andhra Pradesh this week?,TEMPERATURE,GET,"[""B Koduru Andhra Pradesh""]","[""this week""]"
"bro Sun detlis for Babhulkheda, Kannad, Aurangabad last week",SUNSHINE,GET,"[""Babhulkheda, Kannad, Aurangabad""]","[""last week""]"
Need to know temprature of soil,SOIL_TEMPERATURE,GET,[],[]
"put a reminder for foels like temperature in jhunjhunun, rajasthan today",TEMPERATURE,ALERT,"[""jhunjhunun, rajasthan""]","[""today""]"
Copre high temp in Gokalyawala Jaipur vs Akkarapakkam tonight,TEMPERATURE_MAX,COMPARE,"[""Gokalyawala Jaipur"", ""Akkarapakkam""]","[""tonight""]"
Is there any vaana warning nearby around 1 AM?,RAIN,ALERT,"[""nearby""]","[""1 AM""]"
Compare the predictions at my place with Narsinghpura on Saturday,FORECAST,COMPARE,"[""my place"", ""Narsinghpura""]","[""Saturday""]"
Whats the ground temoerature looking like in Saran Nani Kachchh Gujarat?,SOIL_TEMPERATURE,GET,"[""Saran Nani Kachchh Gujarat""]",[]
pls tell me the maximum temperature in hasenpur from 1:30 am to 4 pm plz,TEMPERATURE_MAX,GET,"[""hasenpur""]","[""1:30 am to 4 pm""]"
Show me the lowest temp in Auckland tonight,TEMPERATURE_MIN,GET,"[""Auckland""]","[""tonight""]"
ping me about the wind comes from in imaliya swaroop bhoal on wednesday?!,WIND_DIRECTION,ALERT,"[""imaliya swaroop bhoal""]","[""wednesday""]"
"What temperature in Gumdi, Makri and Tarf Tajwal Jammu And Kashmir on Tuesday, which is better?",TEMPERATURE,COMPARE,"[""Gumdi, Makri"", ""Tarf Tajwal Jammu And Kashmir""]","[""Tuesday""]"
"Dewpoint in Inglish Timapur and Kungayi, Siddharthnagar on Friday, which is better?",DEW_POINT,COMPARE,"[""Inglish Timapur"", ""Kungayi, Siddharthnagar""]","[""Friday""]"
Put the min temrature around my area against Simmri Sitanagar nxt week,TEMPERATURE_MIN,COMPARE,"[""my area"", ""Simmri Sitanagar""]","[""nxt week""]"
Contrast the wind bearing in my village with Raj Nandgaon rn,WIND_DIRECTION,COMPARE,"[""my village"", ""Raj Nandgaon""]","[""rn""]"
Could you check the highest temp in my village,TEMPERATURE_MAX,GET,"[""my village""]",[]
Is there any soil moisture 40cm warning nearby,SOIL_MOISTURE,ALERT,"[""nearby""]",[]
"Tel me the soil temperature for Sulemanpur, Sitapur from 4:15 am to 3:30 pm",SOIL_TEMPERATURE,GET,"[""Sulemanpur, Sitapur""]","[""4:15 am to 3:30 pm""]"
"compare sky condition jhunjhunn neelgarh mal, harda by 6:15 am",CLOUD_COVER,COMPARE,"[""jhunjhunn"", ""neelgarh mal, harda""]","[""6:15 am""]"
"Compare the rain intensity between Mundla Chawal, Raisen and Wargal this weekend",RAIN,COMPARE,"[""Mundla Chawal, Raisen"", ""Wargal""]","[""this weekend""]"
Are we getting showers in Amsterdam today?,RAIN,GET,"[""Amsterdam""]","[""today""]"
Wat is heat leel right now,TEMPERATURE,GET,[],"[""right now""]"
Put the relative moisture in my farm against Beamni Kalan tomorrow morning,HUMIDITY,COMPARE,"[""my farm"", ""Beamni Kalan""]","[""tomorrow morning""]"
"Compare Sundarpur and Daramli, Idar, Sabar Kantha precipitation chane",RAIN,COMPARE,"[""Sundarpur"", ""Daramli, Idar, Sabar Kantha""]",[]
Cold in Khadikapada Betanati: Sunday or 9:15 am?,TEMPERATURE,COMPARE,"[""Khadikapada Betanati""]","[""Sunday"", ""9:15 am""]"
How does the soil moisture at 40 m at my loation compae with Comoros from 10 AM to 11 pm?,SOIL_MOISTURE,COMPARE,"[""my loation"", ""Comoros""]","[""10 AM to 11 pm""]"
notify me if it gets overcast in ukhrul for the next 7 days urgent,CLOUD_COVER,ALERT,"[""ukhrul""]","[""next 7 days""]"
warrn me about how hot in laram jangi pora jammu and kashmr next week,TEMPERATURE,ALERT,"[""laram jangi pora jammu and kashmr""]","[""next week""]"
Soil watre in Medaveedu Vishakhapatnam 2nite,SOIL_MOISTURE,GET,"[""Medaveedu Vishakhapatnam""]","[""2nite""]"
the night tmeperature by 3:45 AM?,TEMPERATURE_MIN,GET,[],"[""3:45 AM""]"
"Compaae temperature Nagapattinam, Tamil Nadu Dhobahi this morning",TEMPERATURE,COMPARE,"[""Nagapattinam, Tamil Nadu"", ""Dhobahi""]","[""this morning""]"
Set an alert for moisture level Kahar Para tomorrow morning,HUMIDITY,ALERT,"[""Kahar Para""]","[""tomorrow morning""]"
what is the dewpoint temperautre nxt week?,DEW_POINT,GET,[],"[""nxt week""]"
Is there any susnhien warning in my plot by 1 am?,SUNSHINE,ALERT,"[""my plot""]","[""1 am""]"
Can you tell me the soil temprature Singha?,SOIL_TEMPERATURE,GET,"[""Singha""]",[]
flag the temperature of soil in the next 4 hours,SOIL_TEMPERATURE,ALERT,[],"[""next 4 hours""]"
What is the heat at my location this weekend?,TEMPERATURE,GET,"[""my location""]","[""this weekend""]"
Give sunshine San Pero nxt week,SUNSHINE,GET,"[""San Pero""]","[""nxt week""]"
Contrast the ouutside conditions in my plot with Bargaon at 4 AM,CURRENT_CONDITIONS,COMPARE,"[""my plot"", ""Bargaon""]","[""4 AM""]"
notify me about the peak temperature gulalwali najibabad nxt week,TEMPERATURE_MAX,ALERT,"[""gulalwali najibabad""]","[""nxt week""]"
"Warrn me about dewpoint in Ambheta, Bharuch for the next 7 days",DEW_POINT,ALERT,"[""Ambheta, Bharuch""]","[""next 7 days""]"
Remind me to check the peak temperature in Shala Teng Ghat from 7 pm to 9:30 PM quickly,TEMPERATURE_MAX,ALERT,"[""Shala Teng Ghat""]","[""7 pm to 9:30 PM""]"
Sijaipur Nadia verses Khamawada soil moisture at 40 m 2nite pls,SOIL_MOISTURE,COMPARE,"[""Sijaipur Nadia"", ""Khamawada""]","[""2nite""]"
tell me when soil temperatuer at 10cm changes tikamgarh,SOIL_TEMPERATURE,ALERT,"[""tikamgarh""]",[]
Mohni Khuud veres Bhaluk Mari Gaon min temprature right now,TEMPERATURE_MIN,COMPARE,"[""Mohni Khuud"", ""Bhaluk Mari Gaon""]","[""right now""]"
Will there be heavy rainfall in Seattle today?,RAIN,GET,"[""Seattle""]","[""today""]"
How does the weather status near me comare with Odha on Wednesday?,CURRENT_CONDITIONS,COMPARE,"[""near me"", ""Odha""]","[""Wednesday""]"
Copmare the due point in my feild with Porbandar next month,DEW_POINT,COMPARE,"[""my feild"", ""Porbandar""]","[""next month""]"
warn me about the upcoming weather by 12:05 pm,FORECAST,ALERT,[],"[""12:05 pm""]"
Set an alert dew pint,DEW_POINT,ALERT,[],[]
Notify me if the wind direction shfits in Mogolpana around 7 PM,WIND_DIRECTION,ALERT,"[""Mogolpana""]","[""7 PM""]"
put the lowest temperature today near by against sssiswa tola jai ray by 10 pm,TEMPERATURE_MIN,COMPARE,"[""near by"", ""sssiswa tola jai ray""]","[""10 pm""]"
Notify me about the field moisture yesterday,SOIL_MOISTURE,ALERT,[],"[""yesterday""]"
remindre for dew digit purwa tomorrow night,DEW_POINT,ALERT,"[""digit purwa""]","[""tomorrow night""]"
Wat is max temperature tomorow,TEMPERATURE_MAX,GET,[],"[""tomorow""]"
How much wind directiin in our villlage day after tomorow asap,WIND_DIRECTION,GET,"[""our villlage""]","[""day after tomorow""]"
Warrn me about weekly weather in Dediya nxt week,FORECAST,ALERT,"[""Dediya""]","[""nxt week""]"
By 3 pm barish figures for Painada Modarpur,RAIN,GET,"[""Painada Modarpur""]","[""3 pm""]"
Is thre any min temprature warning for Yellanur on Saturday,TEMPERATURE_MIN,ALERT,"[""Yellanur""]","[""Saturday""]"
"bajrai vs iowa, united states eexnded forecast",FORECAST,COMPARE,"[""bajrai"", ""iowa, united states""]",[]
Is there any sun waring for Banegaon by 10 PM?,SUNSHINE,ALERT,"[""Banegaon""]","[""10 PM""]"
Ping me abut the wind bearing on Monday?,WIND_DIRECTION,ALERT,[],"[""Monday""]"
Put the direction wind in my vlilage against Gourdih this morning,WIND_DIRECTION,COMPARE,"[""my vlilage"", ""Gourdih""]","[""this morning""]"
i need the wether reading in next 12 hours,CURRENT_CONDITIONS,GET,[],"[""next 12 hours""]"
I need the temprature reading for Kadgawan on Monday,TEMPERATURE,GET,"[""Kadgawan""]","[""Monday""]"
Which way the wind blows at my location from 4:15 am to 3:30 pm pls,WIND_DIRECTION,GET,"[""my location""]","[""4:15 am to 3:30 pm""]"
"Compair the due point between Chinchali Belagavi Karnataka and Cahlkusha, Jharkhand on Tuesday",DEW_POINT,COMPARE,"[""Chinchali Belagavi Karnataka"", ""Cahlkusha, Jharkhand""]","[""Tuesday""]"
"Tell diffeence feeld moisture Pogalur Maina Bhagar, Gorakhpur last week",SOIL_MOISTURE,COMPARE,"[""Pogalur"", ""Maina Bhagar, Gorakhpur""]","[""last week""]"
"contrasst the soil moisture 40cm in khabalu f v, north lakhimpur with maharaja, jagdishpur tonight..",SOIL_MOISTURE,COMPARE,"[""khabalu f v, north lakhimpur"", ""maharaja, jagdishpur""]","[""tonight""]"
"Is any wnd speed advisory issued for Angara Kalan, Chatra, Jharkhand tonight",WIND_SPEED,ALERT,"[""Angara Kalan, Chatra, Jharkhand""]","[""tonight""]"
How the huimd in my farm compare with Bulaki Tola on Tuesday?,HUMIDITY,COMPARE,"[""my farm"", ""Bulaki Tola""]","[""Tuesday""]"
"Solar exposuer gap between Togo and Kampaniguma, Kariar next month",SUNSHINE,COMPARE,"[""Togo"", ""Kampaniguma, Kariar""]","[""next month""]"
notify me about the due poinnt in parbahal,DEW_POINT,ALERT,"[""parbahal""]",[]
Rian Nannurupadu vs Mogaliupram during the sowing week,RAIN,COMPARE,"[""Nannurupadu"", ""Mogaliupram""]","[""sowing week""]"
is any daytime temperature advisory issued kholda?,TEMPERATURE_MAX,ALERT,"[""kholda""]",[]
Sky candition details for Assam day after tomorrow,CLOUD_COVER,GET,"[""Assam""]","[""day after tomorrow""]"
How duz the will it rain in Maina Bhagar compere with Shamjot at 1:09 AM?,RAIN,COMPARE,"[""Maina Bhagar"", ""Shamjot""]","[""1:09 AM""]"
Diffrence in hawa ki disha between Algeria and Cttack next month,WIND_DIRECTION,COMPARE,"[""Algeria"", ""Cttack""]","[""next month""]"
"Reminder maximmu Pisad, Bharuch this week",TEMPERATURE_MAX,ALERT,"[""Pisad, Bharuch""]","[""this week""]"
"Diffrence in min temprature between Dwarikapur, Cuttack, Odisha and Maslandapur by midnight",TEMPERATURE_MIN,COMPARE,"[""Dwarikapur, Cuttack, Odisha"", ""Maslandapur""]","[""midnight""]"
How does the dew level in Rudraprayag Tuesday copmare to next 7 days?,DEW_POINT,COMPARE,"[""Rudraprayag""]","[""Tuesday"", ""next 7 days""]"
Put a remnder for sun in Khatauli Rural on Saturday,SUNSHINE,ALERT,"[""Khatauli Rural""]","[""Saturday""]"
Set an aart for daily forecast Maslandapur next week,FORECAST,ALERT,"[""Maslandapur""]","[""next week""]"
"2day, what is the wind flow drection in Bindipur, Puri?",WIND_DIRECTION,GET,"[""Bindipur, Puri""]","[""2day""]"
"Is there any downpour warning for Angara Kalan, Chatra, Jharkhand last week..",RAIN,ALERT,"[""Angara Kalan, Chatra, Jharkhand""]","[""last week""]"
Wat is what temperature from 5:16 AM to 9 pm,TEMPERATURE,GET,[],"[""5:16 AM to 9 pm""]"
"Is any daytime high advisory isued for Budhel, Gujaaat for the next 7 days?",TEMPERATURE_MAX,ALERT,"[""Budhel, Gujaaat""]","[""next 7 days""]"
Is there any overcast warning in my farm yesterday?,CLOUD_COVER,ALERT,"[""my farm""]","[""yesterday""]"
"Inform me if which way the wind blows bad Babhulkheda, Kannad, Aurangabad on Friday",WIND_DIRECTION,ALERT,"[""Babhulkheda, Kannad, Aurangabad""]","[""Friday""]"
what is the dewpiont temperature in our village last week?,DEW_POINT,GET,"[""our village""]","[""last week""]"
Notify me about the weather now in Dhepua on Monday??,CURRENT_CONDITIONS,ALERT,"[""Dhepua""]","[""Monday""]"
Any warnings about weather status in Rudain Urf Manjhgawa next weekend?,CURRENT_CONDITIONS,ALERT,"[""Rudain Urf Manjhgawa""]","[""next weekend""]"
Flag the wether around here during the sowing week,CURRENT_CONDITIONS,ALERT,"[""here""]","[""sowing week""]"
Difference air temperature betwween Karori and R.venkempeta this afternoon,TEMPERATURE,COMPARE,"[""Karori"", ""R.venkempeta""]","[""this afternoon""]"
wich has more soil heat level chaura madhya pradesh or inglish timapur khagaria by 10:30 pm,SOIL_TEMPERATURE,COMPARE,"[""chaura madhya pradesh"", ""inglish timapur khagaria""]","[""10:30 pm""]"
compair the weter between singadevanahalli karnataia and mahulani next month,CURRENT_CONDITIONS,COMPARE,"[""singadevanahalli karnataia"", ""mahulani""]","[""next month""]"
"Plz alrt gust Dhand, Amer around 9:54 AM",WIND_SPEED,ALERT,"[""Dhand, Amer""]","[""9:54 AM""]"
Lad Bharol or Dwarikaper better wind blows from from 9:43 am to 1 PM?,WIND_DIRECTION,COMPARE,"[""Lad Bharol"", ""Dwarikaper""]","[""9:43 am to 1 PM""]"
"where is the rain chance greater, badhiadih jarmundi dumka or gothani, bikramganj, rohtas by 10 am?",RAIN,COMPARE,"[""badhiadih jarmundi dumka"", ""gothani, bikramganj, rohtas""]","[""10 am""]"
Wat is the os bindu in Chhapra on Tuesday?,DEW_POINT,GET,"[""Chhapra""]","[""Tuesday""]"
How much upoming weather in Chakarapalle 2day?,FORECAST,GET,"[""Chakarapalle""]","[""2day""]"
Is there any field moisture warning in my vilaeg this week?,SOIL_MOISTURE,ALERT,"[""my vilaeg""]","[""this week""]"
