name,level,parents,lat,lng,in_india,split,codes,misspellings
Aanwali,village,Gohana | Sonipat | Haryana,29.0008,76.7484,1,eval,,Aannwali|Aaanwali|Aanwaai|Aanwai
Abdalpur Pipra,village,Masaurhi | Patna | Bihar,25.4633,85.0696,1,train,,Abdalpur Piipra|Adbalpur Pipra|Abdalpur Pira|Abdalur Pipra|Abdalpur Pipea|Abialpur Pipra
Abhayakuti,village,Chapar Circle | Kokrajhar | Assam,26.3002,90.3337,1,train,,Abhaykuti|Abhayakti|Abhayakutti|Abhaakuti|Abbhayakuti|Abhyaakuti
Abhirampur,village,Alipur | South Twenty-Four Parganas | West Bengal,22.3378,88.2191,1,train,,Abhiraampur|Abirampur|Abuirampur|Abhiampur|Ahbirampur
Abidjan,city,Ivory Coast,5.35444,-4.00167,0,train,ABJ,Abijdan|Abidjna|Abidajn|Abdjan|Abidjn|Abijan|Abidan
Abuja,city,Nigeria,9.05785,7.49508,0,eval,ABV,Abuuja|Abbuja|Abja
Achharaund,village,Banda | Banda | Uttarpradesh,25.5339,80.2591,1,train,,Achhraund|Achharaudn|Achharauund|Achhaaund|Achhaoaund
Acre,state,Brazil,-9.1268,-70.6945,0,train,,Accre|Arce|Are|Aere|Acie|Aire|Ace
Adalpur Ryt,village,Harda | Harda | Madhya Pradesh,22.4088,76.9480,1,train,,Addalpur Ryt|Aoalpur Ryt|Adapur Ryt|Adallpur Ryt|Adalpuur Ryt|Aadlpur Ryt|Adalour Ryt|Adaplur Ryt
Adampur,village,Mirzapur | Mirzapur | Uttarpradesh,25.2236,82.3755,1,train,,Adampru|Adampuur|Adampr|Adapur|Adamiur|Addampur|Admpur|Adamppur
Adanbeda,village,Keshkal | Kondagaon | Chhatisgarh,19.9656,81.6284,1,eval,,Adanbea|Aadnbeda|Adaneda|Adaanbeda|Adaibeda|Adanbeeda
Addis Ababa,city,Ethiopia,9.02497,38.74689,0,train,ADD,Addis Abba|Adddis Ababa|Addsi Ababa|Addis Abbaa|Addis Aaaba|Addis Auaba
Adduruvalasa,village,Parvatipuram | Vizianagaram | Andhra Pradesh,18.7939,83.3764,1,train,,Addurualasa|Adduruvalaa|Adduruvaalsa|Addurruvalasa
Adihalli,village,Arasikere | Hassan | Karnataka,13.1659,76.2559,1,train,,Adiahlli|Adialli|Adhalli|Adihlali|Adiholli
Adusumalle,village,Paruchuru | Prakasam | Andhra Pradesh,16.0116,80.3137,1,train,,Adusumale|Adusumlle|Adusualle|Aduusmalle|Adusmalle|Adusuoalle|Adusumlale|Adusuaalle
Afzalpur,block,Kalaburagi | Karnataka,17.2149,76.4142,1,eval,,Afzapur|Afzaalpur|Aozalpur
Agaram,village,Kurinjipadi | Cuddalore | Tamil Nadu,11.6152,79.6966,1,train,,Aaram|Agraam|Agaraam|Agarma|Agarram|Agarm|Agaaram
Ahesha,village,Purwa | Unnao | Uttarpradesh,26.4053,80.9342,1,train,,Aheuha|Ahesea|Ahseha
Ajireddigudem,block,Suryapet | Telangana,17.3352,79.5418,1,train,,Ajireddgudem|Ajireddigudme|Ajireddgiudem|Ajireddiugdem|Ajrieddigudem|Aijreddigudem|Ajirdedigudem
Akauna Khurd,village,Unchahra | Satna | Madhya Pradesh,24.5703,80.6684,1,train,,Aauna Khurd|Akauna Khrud|Akauna Kiurd|Akauan Khurd|Akauna Khuid
Akhara,village,Thalisain | Pauri Garhwal | Uttarakhand,30.1230,78.9991,1,eval,,Akhaa|Ahara|Akhra|Akhera
Akkarapakkam,village,Uthukottai | Tiruvallur | Tamil Nadu,13.2916,80.0941,1,train,,Akkarappakkam|Akakrapakkam|Akkarapakkma|Akkaiapakkam|Akkarapakam
Akuanala,village,Paschim Medinipur Sadar | Paschim Medinipur | West Bengal,22.4959,87.1218,1,train,,Akaanala|Akuaala|Akuanaia|Akunala|Akunaala|Akanala|Akuanaa
Alabama,state,United States,32.6136,-86.7332,0,train,,Alabma|Alibama|Alabaa
Alabur,village,Hagaribommanahalli | Ballari | Karnataka,14.9030,76.1298,1,train,,Alabuur|Aalbur|Alabir|Aoabur|Allabur|Alibur|Alabr
Alagdiha,village,Chalkusha | Hazaribagh | Jharkhand,24.2778,85.7821,1,eval,,Algdiha|Alagdiiha|Aladiha|Alagidha
Alasana.,village,Shegaon | Buldhana | Maharashtra,20.8064,76.6540,1,train,,Alauana.|Alsana.|Alaasna.|Aasana.|Allasana.|Alaasana.|Aiasana.|Alaiana.
Alexandria,city,Egypt,31.20176,29.91582,0,train,ALY,Alxeandria|Alexandeia|Alexadnria|Aelxandria|Alexendria|Allexandria|Alexnadria
Algeria,country,,28.0626,0.6024,0,train,,Algera|Algerria|Algria|Algeeria|Algeira
Algiers,city,Algeria,36.73225,3.08746,0,train,ALG,Algires|Algirs|Algieers|Agliers|Algeirs|Algiesr|Algies|Aligers
Aliha,village,Baberu | Banda | Uttarpradesh,25.5055,80.5297,1,eval,,Alia|Aiha|Aliiha|Alhia
Alinjikuppam,village,Pernambut | Vellore | Tamil Nadu,12.8351,78.7661,1,train,,Alinjikupam|Alinjiikuppam|Alinjikpupam|Alijikuppam|Alinjkiuppam|Alnjikuppam
Ama Tola,village,Ambagarh Chowki | Raj Nandgaon | Chhatisgarh,20.8355,80.6702,1,train,,Ama Toola|Ama Toa|Ama Tolla|Ama Tloa|Ama Tla
Amaja,village,Kalol | Gandhinagar | Gujarat,23.3529,72.6162,1,train,,Amjaa|Aamja|Aaaja|Auaja
Ambaduvi,village,Samakhunta | Mayurbhanj | Odisha,21.9527,86.6810,1,train,,Ambaudvi|Ambduvi|Ambadvui|Ambadvi
Ambalur,village,Natrampalli | Tiruppattur | Tamil Nadu,12.6464,78.5765,1,eval,,Amalur|Ambelur|Amblaur|Aobalur|Ambaulr|Abalur
Ambeneri,village,Chimur | Chandrapur | Maharashtra,20.5785,79.4302,1,train,,Ameneri|Ambeeri|Ambenari|Ambenei|Ambeneir|Abeneri|Ambeoeri
Ambheta,village,Hansot | Bharuch | Gujarat,21.5483,72.7935,1,train,,Amhbeta|Ambhtea|Ambheat|Ammbheta
Anandpur,village,Jalalabad | Shahjahanpur | Uttarpradesh,27.8434,79.4053,1,train,,Anandpru|Anandppur|Ananapur|Aeandpur
Ananthapur,district,Andhra Pradesh,14.5555,77.3770,1,train,,Annanthapur|Ananthpur|Ananthaapur|Ananthaur
Anantpur,village,Chunar | Mirzapur | Uttarpradesh,25.0275,82.7631,1,eval,,Anantpr|Anantppur|Aanntpur|Anntpur|Anantiur|Anaotpur|Annatpur
Andole,block,Sangareddy | Telangana,17.8367,78.0241,1,train,,Anodle|Andle|Anddole|Adnole|Anndole|Andoe|Anole|Andloe
Angara Kalan,village,Pathalgama | Chatra | Jharkhand,24.1272,85.0410,1,train,,Angara Kaalan|Angraa Kalan|Anggara Kalan|Angara Kaan|Angara Klaan|Angara Kallan|Angara Kaln|Angra Kalan
Angara Khurd,village,Pathalgama | Chatra | Jharkhand,24.1290,85.0485,1,train,,Aogara Khurd|Angara Kuhrd|Angaara Khurd|Anara Khurd|Anggara Khurd
Angola,country,,-11.9092,18.8768,0,train,,Anola|Angolla|Angla
Anjantad,village,Gandhwani | Dhar | Madhya Pradesh,22.3155,74.9293,1,eval,,Anjanttad|Anjanatd|Anjantd
Ankara,city,Turkey,39.91987,32.85427,0,train,ANK,Ankaa|Ankaar|Annkara|Aknara|Ankraa|Aukara
Antari,village,Sohagpur | Shahdol | Madhya Pradesh,23.2241,81.3466,1,train,,Anatri|Antri|Anari|Antrai|Antai
Anteshwar,village,Loha | Nanded | Maharashtra,19.0973,77.0914,1,train,,Ateshwar|Anteswhar|Anteswar|Antehwar|Antesuwar|Anteohwar
Araji Maphi Soana,village,Jakhania | Gazipur | Uttarpradesh,25.8008,83.3633,1,train,,Araji Maaphi Soana|Araji Maphi Sana|Araji Mpahi Soana|Arji Maphi Soana
Argentina,country,,-37.0905,-63.9699,0,eval,,Argentia|Argenina|Agrentina|Arentina|Argetina|Agentina|Argeetina
Arunachal Pradesh,state,India,28.0583,94.9979,1,train,,Arunahcal Pradesh|Arunachaal Pradesh|Arunachal Praedsh|Arunachal Pradeeh|Arunacahl Pradesh|Arunnachal Pradesh
Arwal,block,Arwal | Bihar,25.1816,84.6605,1,train,,Arwwal|Arwaal|Arawl|Aawal
Assam,state,India,26.0511,90.7654,1,train,AS,Asiam|Asssam|Assm|Assma|Asasm
Athri,village,Sitamarhi | Sitamarhi | Bihar,26.4178,85.4704,1,train,,Ahtri|Athhri|Athir|Ahri
Auranga Bad,village,Jalalabad | Shahjahanpur | Uttarpradesh,27.6515,79.6203,1,eval,,Auragna Bad|Auronga Bad|Aurunga Bad|Aruanga Bad
Ausa,block,Latur | Maharashtra,18.1906,76.4648,1,train,,Aussa|Aua|Auusa
Australia,country,,-24.9104,133.0823,0,train,,Austarlia|Autsralia|Austealia
Awadah Khas,village,Lalganj | Azamgarh | Uttarpradesh,25.8118,82.9396,1,train,,Awdaah Khas|Awadh Khas|Awadah Khs|Awaadh Khas|Aadah Khas|Awadah Kahs|Awadoh Khas
Awhane Bk.,village,Shevgaon | Ahamadnagar | Maharashtra,19.2905,75.1418,1,train,,Awhaae Bk.|Awahne Bk.|Awwhane Bk.|Awane Bk.|Awhanne Bk.
Ayanavaram,block,Chennai | Tamil Nadu,13.1281,80.2206,1,eval,,Ayaanavaram|Aaynavaram|Ayanavraam|Ayanavaarm|Auanavaram|Ayyanavaram|Ayanavaraam|Ayanavarma
Ayazpur,village,Raichur | Raichur | Karnataka,16.1395,77.4563,1,train,,Auazpur|Ayapzur|Ayzapur
B Koduru,block,Y S R Kadapa | Andhra Pradesh,14.8560,79.0062,1,train,,B Kodurru|B Kduru|B Kiduru|B Kouru|B Koduu
Baba Hardo,village,Salempur | Deoria | Uttarpradesh,26.2158,83.9112,1,train,,Baba Hadro|Baab Hardo|Baba Haro|Baba Hrdo|Baaba Hardo
Babhanaul,village,Bikramganj | Rohtas | Bihar,25.3221,84.2146,1,train,,Babhonaul|Bbahanaul|Babhnaaul|Babhaanaul|Bahanaul|Babhanalu|Babhanaal|Babhanual
Babhulkheda,village,Kannad | Aurangabad | Maharashtra,20.1367,75.0622,1,eval,,Babhulkehda|Bahbulkheda|Bbhulkheda
Bachahalli,village,Krishnaraja Nagar | Mysuru | Karnataka,12.4840,76.3391,1,train,,Bachahali|Bechahalli|Bcahahalli|Bchahalli
Bachi Newar,village,Lalkuwa | Nainital | Uttarakhand,29.0947,79.5251,1,train,,Bahci Newar|Bochi Newar|Bachi Newer|Baehi Newar
Badadunguripali,village,Balangir | Bolangir (Balangir) | Odisha,20.5491,83.4695,1,train,,Badaudnguripali|Badaunguripali|Baddunguripali|Badadunguriapli
Badahinso,village,Anugul | Anugul | Odisha,20.7104,85.0415,1,train,,Badahinos|Badahinsso|Badahino|Badahnso|Bdahinso|Badohinso|Baadhinso|Badhinso
Badarikilo,village,Nimapada | Puri | Odisha,20.0415,86.0225,1,eval,,Badariklio|Baadrikilo|Badarikelo|Badraikilo|Badarikiao
Badarzamin,village,Siwan | Siwan | Bihar,26.3353,84.3921,1,train,,Badarzaamin|Bedarzamin|Badarzamni
Badehar Alias Dehlan,village,Una | Una | Himachal Pradesh,31.4216,76.3120,1,train,,Bdehar Alias Dehlan|Badehr Alias Dehlan|Badhar Alias Dehlan|Badehar Alias Dhlan|Badehar Alias Delhan|Badehar Aliias Dehlan|Badehar Alias Dehlaan|Badehra Alias Dehlan
Badhaiya,village,Hanumana | Rewa | Madhya Pradesh,24.7433,82.0586,1,train,,Badhhaiya|Badhiaya|Badhaya
Badhiadih,village,Jarmundi | Dumka | Jharkhand,24.4561,87.0164,1,train,,Badhiaidh|Bdhiadih|Badhiaih|Bahiadih|Badhiadah|Bdahiadih
Badpal,village,Sambalpur | Sambalpur | Odisha,21.2625,84.0823,1,eval,,Baupal|Bdpal|Badal|Badpl|Bapdal|Badapl
Bagaijan Para,village,Barpeta Circle | Barpeta | Assam,26.4063,90.9913,1,train,,Bagaijan Paar|Bagiajan Para|Bagaijan Parra|Bagaijan Pra|Bagijan Para|Bagaijan Paea
Bagankheda,village,Kannod | Dewas | Madhya Pradesh,22.7027,76.6993,1,train,,Baganaheda|Bagaknheda|Bagankeeda|Bagankhead|Bagankhda
Bagbahra,block,Mahasamund | Chhatisgarh,20.9908,82.3810,1,train,,Bgabahra|Bagbohra|Begbahra|Bagbahhra|Bgbahra
Bageshwar,block,Bageshwar | Uttarakhand,29.8449,79.7870,1,train,BGS,Bageshawr|Bageshar|Bagsehwar|Baegshwar|Bagehwar|Bageeshwar|Bageshwr
Baggamdhoravalasa,village,Sitanagaram | Vizianagaram | Andhra Pradesh,18.6696,83.3419,1,eval,,Baggadhoravalasa|Baggamddhoravalasa|Baaggamdhoravalasa|Baggaamdhoravalasa|Baggamdhoravlasa|Baggamdhoravalsa|Baggamdhoravallasa
Baghdad,city,Iraq,33.34058,44.40088,0,train,BGW,Bahdad|Baghdaad|Bagdhad|Baghad|Bgahdad|Baghdda|Baghoad|Baaghdad
Bagheda,village,Chorhat | Sidhi | Madhya Pradesh,24.4831,81.7900,1,train,,Bgheda|Bagoeda|Bageda
Baghuapalli,village,Bhapur | Nayagarh | Odisha,20.2367,85.2192,1,train,,Baghuuapalli|Baghuaapalli|Baghuaplli|Baghuapaloi
Baglan,block,Nashik | Maharashtra,20.6911,74.1293,1,train,,Balgan|Baglna|Baaglan|Bglan|Bagllan|Bagan
Bagoni,village,Khaga | Lalitpur | Uttarpradesh,24.4928,78.6005,1,eval,,Bagnoi|Bgoni|Bagni
Bahanga,village,Isagarh | Ashoknagar | Madhya Pradesh,24.6673,77.6583,1,train,,Bahana|Bahaaga|Bhaanga|Bahnga|Baoanga
Bahoraki,village,Dig | Bharatpur | Rajasthan,27.4894,77.1886,1,train,,Bhoraki|Bhaoraki|Baahoraki
Bahuara,village,Dumraon | Buxar | Bihar,25.3699,84.1935,1,train,,Bauuara|Bahaura|Bahuarra|Bahhuara
Bahunagar Urf Sirsa,village,Baheri | Bareilly | Uttarpradesh,28.8602,79.5577,1,train,,Bahuiagar Urf Sirsa|Bahunagar Urf Sisra|Bauhnagar Urf Sirsa|Bahunaagr Urf Sirsa
Bajampur,village,Mawana | Meerut | Uttarpradesh,29.0956,78.0759,1,eval,,Bajamour|Bajampru|Bajammpur|Bajmpur|Bajampuur|Bajamupr|Bajamur|Bajmapur
Bajari,village,Durgapur | Paschim Barddhaman | West Bengal,23.6978,87.2158,1,train,,Bajjari|Bajri|Bajrai
Bajraha,village,Gaya | Gaya | Bihar,24.6963,84.9195,1,train,,Bajraah|Bjraha|Bajrahha|Bajrraha|Bajraa|Bjaraha|Bajrhaa
Bakaina,village,Amroha | Amroha | Uttarpradesh,29.0511,78.5102,1,train,,Bakana|Baakina|Bakina|Bkaaina|Bakiana
Bakarkol,village,Burhanpur | Azamgarh | Uttarpradesh,26.1716,82.9183,1,train,,Bakarrkol|Bakaokol|Baakrkol|Bakakrol|Bakakol
Bakkeshwar,village,Hugli | Hugli | West Bengal,23.0106,88.1961,1,eval,,Bakkkeshwar|Bkakeshwar|Bakkeshwra|Bakksehwar|Bakkeswhar|Bakkeuhwar|Bakkeshwur|Bkkeshwar
Baku,city,Azerbaijan,40.37767,49.89201,0,train,BAK,Bku|Bakku|Bkau|Bauk|Bau|Baaku
Bakud,village,Betul | Betul | Madhya Pradesh,22.0675,78.2021,1,train,,Bkaud|Bakd|Baukd
Balachaur,block,Shahid Bhagat Singh Nagar | Punjab,31.1018,76.3307,1,train,,Balcahaur|Balaciaur|Balachhaur|Balchaur|Balacaur|Belachaur|Balaohaur|Balachuar
Baleshwar Sadar,block,Balasore (Baleshwar) | Odisha,21.4983,86.9922,1,train,,Baleshar Sadar|Buleshwar Sadar|Baleshwar Saddar|Baleshwar Saadar
Balewal,village,Balachaur | Shahid Bhagat Singh Nagar | Punjab,31.0506,76.3936,1,eval,,Balewl|Blewal|Baliwal|Baalewal|Baewal|Blaewal
Bamako,city,Mali,12.60915,-7.97522,0,train,BKO,Bamko|Bmako|Bamaok|Bimako|Bmaako|Baamako
Bamanpura,village,Patiali | Kasganj | Uttarpradesh,27.8372,78.9187,1,train,,Bamapura|Bamapnura|Bamanupra|Baanpura
Bamari,village,Teonthar | Rewa | Madhya Pradesh,24.9963,81.4738,1,train,,Bamri|Bamaari|Bamrai|Baamari|Bammari|Baamri|Bamai|Bamarri
Bambulia,village,Matanhale | Jhajjar | Haryana,28.5601,76.5090,1,train,,Bambuila|Bmbulia|Bammbulia|Bmabulia|Bambluia|Bambuliia|Bambula|Bambuia
Bamorth,village,Thalisain | Pauri Garhwal | Uttarakhand,30.1852,79.0573,1,eval,,Baorth|Bamarth|Baomrth
Bandar Jhula,village,Kishanganj | Kishanganj | Bihar,26.3762,87.9521,1,train,,Bandar Jula|Baudar Jhula|Bandar Jhua|Bandr Jhula|Bnadar Jhula|Bandar Jhlua|Bandar Jhhula
Bandarchuan,village,Pathalgama | Chatra | Jharkhand,24.1361,85.0693,1,train,,Bandarrchuan|Baandarchuan|Bandachuan|Bandrchuan|Bandarchan|Bandarcuhan|Banddarchuan|Badnarchuan
Bandhdih,village,Jarmundi | Dumka | Jharkhand,24.4455,87.0500,1,train,,Badnhdih|Bandhdiih|Bandhdh
Bandhogarh,block,Umaria | Madhya Pradesh,23.4782,80.7202,1,train,,Bandhhogarh|Bandhograh|Badnhogarh|Bandhogauh|Bandhoagrh|Bandogarh|Baadhogarh
Bandliguda,village,Bariguma | Koraput | Odisha,19.1716,82.6015,1,eval,,Bandlliguda|Baadliguda|Bandiguda|Bandligda|Bandliguad
Bandung,city,Indonesia,-6.92222,107.60694,0,train,BDO,Badung|Baadung|Bandugn|Bandng|Bandunng|Badnung
Banegaon,village,Ausa | Latur | Maharashtra,18.0923,76.5314,1,train,,Bangeaon|Baneguon|Baneggaon|Banegaaon|Baneaon|Baegaon
Bangada,village,Baliguda | Kandhamal | Odisha,19.7008,83.8627,1,train,,Bangaad|Bangadda|Bnagada|Banggada|Banaada|Bangoda
Bangaliyou,village,Thalisain | Pauri Garhwal | Uttarakhand,30.1599,79.0436,1,train,,Banagliyou|Bagaliyou|Bangaliiyou
Bangkok,city,Thailand,13.75398,100.50144,0,eval,BKK,Bankgok|Bagkok|Banokok|Bangokk
Baniya Bandh,village,Shhganj | Jaunpur | Uttarpradesh,26.0893,82.6132,1,train,,Bniya Bandh|Baniya Bnadh|Baniya Banah|Baniya Badnh
Baniyala,village,Taranagar | Churu | Rajasthan,28.8100,74.8379,1,train,,Bainyala|Baniyaa|Baoiyala
Bankandi,village,Kotdwar | Pauri Garhwal | Uttarakhand,29.8744,78.5993,1,train,,Bnkandi|Bankadi|Baankandi|Bankanndi|Banknadi|Bankaudi
Baramula,district,Jammu And Kashmir,34.1839,74.2577,1,train,BRM,Barmula|Baraula|Baamula|Barmaula
Barangabari,village,Udalguri Circle | Udalguri | Assam,26.6218,92.0361,1,eval,,Baragnabari|Barangaari|Brangabari|Barangabrai|Baragabari|Baangabari|Baarangabari|Barangabri
Barasingi,village,Parlakhemundi | Gajapati | Odisha,18.9375,84.2113,1,train,,Barasengi|Barsaingi|Barrasingi|Brasingi|Barasiugi
Barauta,village,Rajauli | Nawada | Bihar,24.8010,85.4349,1,train,,Barata|Baraua|Baiauta|Barauat|Baaruta|Barautta|Baoauta|Barauuta
Barbados,country,,13.1909,-59.5610,0,train,,Babrados|Barbadso|Barbaados|Barabdos|Brbados
Bareti Kalan,village,Teonthar | Rewa | Madhya Pradesh,25.0163,81.4534,1,train,,Bareit Kalan|Bareti Kaln|Baretti Kalan
Bargaon,village,Subarnapur | Subarnapur | Odisha,20.8019,83.6057,1,eval,,Bragaon|Bargaaon|Baragon
Bargdwa,village,Domariyaganj | Siddharthnagar | Uttarpradesh,27.1607,82.7821,1,train,,Bardgwa|Bargwda|Brgdwa|Baargdwa|Bagrdwa|Bargwa|Bargdwwa
Barhaita,village,Rajgir | Nalanda | Bihar,25.0441,85.5462,1,train,,Barhaiita|Barhiata|Barhaaita|Barhita|Barhaota|Barhata|Baarhaita|Baraita
Bari,village,Ramgarh Shekhawati | Sikar | Rajasthan,27.9899,74.9009,1,train,,Bai|Baari|Bair
Barkhedi,village,Piploda | Ratlam | Madhya Pradesh,23.7861,75.0822,1,train,,Bakrhedi|Barkkhedi|Barhedi|Barkheid|Brakhedi
Baroun,village,Farrukhabad | Farrukhabad | Uttarpradesh,27.3979,79.4980,1,eval,,Barooun|Baruon|Baaroun|Baoun|Braoun|Baronu|Barouun|Baron
Barreh Gurudayalram,village,Amarpatan | Satna | Madhya Pradesh,24.3432,81.0098,1,train,,Barreh Gurodayalram|Barreh Guruudayalram|Barreh Gurudyaalram|Berreh Gurudayalram|Barreh Gurudayalrm
Bartiar,village,Ara Sadar | Bhojpur | Bihar,25.3821,84.6858,1,train,,Barrtiar|Batiar|Bariar|Bareiar|Bartira|Bratiar|Brtiar|Batriar
Baruttar Hingli,village,Haldia | Purba Medinipur | West Bengal,22.1272,88.0156,1,train,,Baruttr Hingli|Baruttar Hingii|Bauuttar Hingli|Baruttar Hngli|Baruttar Hinlgi|Baruttar Hnigli|Baruttar Hinggli
Barwala,block,Botad | Gujarat,22.1866,71.9243,1,train,,Barwwala|Burwala|Barwaala|Barala
Bastar,district,Chhatisgarh,19.1204,81.8292,1,eval,BAS,Bastr|Basiar|Batar|Bastra|Batsar|Basstar|Bsatar
Bastla Ghayana,village,Sarkaghat | Mandi | Himachal Pradesh,31.6684,76.7439,1,train,,Bastla Ghaayna|Bastlla Ghayana|Basta Ghayana|Bastla Ghayaana|Bastla Ghaynaa|Bastla Ghaana|Bastla Gahyana|Bastla Ghyana
Baunli,block,Sawai Madhopur | Rajasthan,26.3349,76.2478,1,train,,Baunnli|Baulni|Bauli|Bauni|Baunlli|Banli
Bausi,village,Araria | Araria | Bihar,25.9926,87.3581,1,train,,Basi|Buasi|Bauei|Bauis|Busi|Baui
Bedarshirgur,village,Haliyal | Uttara Kannada | Karnataka,15.2930,74.6408,1,train,,Beedarshirgur|Bedarshorgur|Bedarsirgur|Bedarshirggur|Bdarshirgur|Bedirshirgur
Bedchit,village,Vyara | Tapi | Gujarat,20.9576,73.3496,1,eval,,Bdechit|Bedcchit|Bedhit|Bdchit
Bedham,village,Dig | Bharatpur | Rajasthan,27.4609,77.2030,1,train,BEDM,Bedhaam|Bdham|Beaham|Bedhma|Bedahm|Bedam|Beham|Behdam
Beerakanahalli,village,Alur | Hassan | Karnataka,13.0311,75.9272,1,train,,Beerakenahalli|Berakanahalli|Beeakanahalli|Beerakaoahalli
Begti Kalan,village,Phalodi | Jodhpur | Rajasthan,27.1355,72.1950,1,train,,Bgeti Kalan|Bigti Kalan|Begti Kalna|Begai Kalan|Bgti Kalan|Begti Klaan
Beijing,city,China,39.9075,116.39723,0,train,BJS,Beojing|Beijnig|Beiijng|Beijign|Bijing|Beijinng|Beiijing|Biijing
Bejangiwada,village,Motu | Malkangiri | Odisha,18.0545,81.9344,1,eval,,Bjeangiwada|Bejnagiwada|Bejangiiwada|Beiangiwada
Bekasi,city,Indonesia,-6.2349,106.9896,0,train,,Beasi|Bkasi|Beaksi|Bkeasi
Belgachhia,village,Hugli | Hugli | West Bengal,23.0021,88.0856,1,train,,Belgchhia|Beelgachhia|Belgachha|Belgachia|Belgaachhia|Belgahchia|Belagchhia|Beglachhia
Belia,village,Kandi | Murshidabad | West Bengal,23.9292,87.8631,1,train,,Bela|Bleia|Bellia|Beia
Belo Horizonte,city,Brazil,-19.92083,-43.93778,0,train,BH|BHZ,Belo Horizote|Beelo Horizonte|Beo Horizonte
Belsauna,village,Lambhua | Sultanpur | Uttarpradesh,26.1012,82.0975,1,eval,,Beslauna|Besauna|Belsuana|Belauna
Beni Nagar,village,Domariyaganj | Siddharthnagar | Uttarpradesh,27.2402,82.6603,1,train,,Beeni Nagar|Bei Nagar|Beni Nagra|Beni Nagr|Beni Ngar|Benni Nagar|Bnei Nagar
Bentalpur,village,Chandabali | Bhadrak | Odisha,20.7664,86.7872,1,train,,Bentalupr|Bentalpr|Bentapur|Bentalpuur|Benntalpur|Benalpur|Betalpur|Bentlpur
Beradangi,village,Chanchal | Maldah | West Bengal,25.3266,88.0509,1,train,,Beardangi|Berdaangi|Beadangi|Beradngi|Breadangi|Beradnagi|Beraadngi|Beraangi
Bereda,village,Gop | Puri | Odisha,19.8991,85.9625,1,train,,Breeda|Beruda|Beerda|Berreda|Berdea
Berlin,city,Germany,52.52437,13.41053,0,eval,BER,Brelin|Berliin|Berlun|Belin|Brlin|Borlin|Belrin|Berin
Betjharan,village,Kuchinda | Sambalpur | Odisha,21.9325,84.4985,1,train,,Btejharan|Bethjaran|Bejharan|Betjhaan|Betjahran|Betjaran|Bejtharan|Beajharan
Betul,district,Madhya Pradesh,21.8792,77.8764,1,train,BTL,Beiul|Beutl|Betl|Bteul|Beetul|Betuul|Betlu|Bettul
Bhadvan,village,Deola | Nashik | Maharashtra,20.5261,74.0951,1,train,,Bhavdan|Bahdvan|Buadvan|Bhdvan|Bhadoan
Bhaliadiha,village,Betanati | Mayurbhanj | Odisha,21.6933,86.9081,1,train,,Bhaliaadiha|Bhiliadiha|Bhalliadiha|Bhaliadihha|Bhaloadiha
Bhalua Danga,village,Helem Circle | Biswanath | Assam,26.8976,93.4317,1,eval,,Bealua Danga|Bhallua Danga|Bhlaua Danga
Bhaluhi,village,Mohania | Kaimur | Bihar,25.2348,83.6931,1,train,,Bahluhi|Bhaluhhi|Bhaiuhi|Bhhaluhi|Bhaulhi|Bhluhi|Bhalui
Bhaluk Mari Gaon,village,Chariduar Circle | Sonitpur | Assam,26.9094,92.7889,1,train,,Bhaluk Mrai Gaon|Bhaluk Mari Goan|Bahluk Mari Gaon|Bhaluk Mari Gaaon|Bhluk Mari Gaon|Bhaluk Mri Gaon|Bhaluk Mari Gon
Bhamni Kalan,village,Sohagpur | Shahdol | Madhya Pradesh,23.1552,81.4380,1,train,,Bhamui Kalan|Bhamni Kaaln|Bhmani Kalan|Bamni Kalan
Bharmal Jattan,village,Pathankot | Pathankot | Punjab,32.2181,75.3675,1,train,,Bharal Jattan|Bharaml Jattan|Bhramal Jattan|Bharmmal Jattan|Bahrmal Jattan|Bharmal Jatttan|Bharmal Jatan|Bharmal Jattaan
Bhatwara,village,Sarara | Udaipur | Rajasthan,24.2907,73.9795,1,eval,,Bhatawra|Bhatwaara|Bhawtara
Bhawani Khera,village,Ratia | Fatehabad | Haryana,29.7041,75.6268,1,train,,Bhawai Khera|Bhawani Khea|Bhawani Khira|Bhawani Kehra|Bhawaani Khera|Bhuwani Khera
Bhawanpur,village,Kunda | Pratapgarh | Uttarpradesh,25.8558,81.7463,1,train,,Bhawnapur|Bhawanpr|Bhawapur|Bhawinpur|Bawanpur|Bhawanur
Bhelagachhi,village,Kishanganj | Kishanganj | Bihar,26.4060,88.1927,1,train,,Bhelagaachhi|Bielagachhi|Bheagachhi|Bhelagachi|Bhelaggachhi
Bhelagurhi,village,Kishanganj | Kishanganj | Bihar,26.3651,87.7410,1,train,,Bhelgurhi|Bhelaurhi|Bhelaguihi
Bheroowas,village,Lalsot | Dausa | Rajasthan,26.5324,76.3889,1,eval,,Bherooas|Bherooowas|Bueroowas|Bherowas
Bhijapara,village,Bilasipara Circle | Dhubri | Assam,26.2555,90.1696,1,train,,Bijapara|Bhijaapara|Bhjapara|Bhejapara
Bhikhnadih,village,Chalkusha | Hazaribagh | Jharkhand,24.2838,85.7066,1,train,,Bhikhnaoih|Bhkihnadih|Bhikhnaih|Bhikhnaadih|Bhkhnadih
Bhimadolu,block,West Godavari | Andhra Pradesh,16.7500,81.2908,1,train,BMD,Bhimaodlu|Bhimadoul|Bhimadlu|Bhimadoolu|Bhimadelu|Bhimdolu
Bhitaha Gopalpur,village,Belthara Road | Ballia | Uttarpradesh,26.0623,83.7527,1,train,,Bhitaha Gopalpru|Bihtaha Gopalpur|Bhitaa Gopalpur|Bhiaaha Gopalpur|Bhtaha Gopalpur|Bhitaha Goopalpur|Bhitaha Gopalpuur
Bhitarkhilwa,village,Narayanpatana | Koraput | Odisha,18.9085,83.1978,1,eval,,Bhitrkhilwa|Bhiarkhilwa|Bhitarkhiwla|Bhitarhilwa|Bhhitarkhilwa
Bhod Bk.,village,Dharangao | Jalgaon | Maharashtra,21.0053,75.3619,1,train,,Bod Bk.|Bhood Bk.|Bhhod Bk.|Bhd Bk.
Bhodua,village,Jaleswar | Balasore (Baleshwar) | Odisha,21.8799,87.1790,1,train,,Bhdua|Bhdoua|Bhhodua|Bhoua|Bhoddua|Bhoodua|Bhodau
Bhojpur,village,Nagar-Untari | Garhwa | Jharkhand,24.2945,83.5362,1,train,,Bhopur|Bohjpur|Bhoipur|Bhojpr|Bhojpuur|Bhjpur
Bhokraha,village,Darbhanga | Darbhanga | Bihar,26.2301,85.8936,1,train,,Bhoraha|Bhokraa|Bohkraha|Bhorkaha|Bhkoraha|Bhekraha|Bhokraaa|Bokraha
Bhoorh Khitora,village,Sahaswan | Budaun | Uttarpradesh,28.1530,78.7953,1,eval,,Bhoorh Khiotra|Bhoorh Khitoora|Bhoorh Khitorra
Bhorwahi,village,Baihar | Balaghat | Madhya Pradesh,22.1798,80.3413,1,train,,Bhorahi|Bhorwaii|Bhrwahi|Bhorwhai|Bhorwohi|Bhorwahhi
Bhundimuhan,village,Balangir | Bolangir (Balangir) | Odisha,20.7549,83.2794,1,train,,Bhundimahan|Bhundamuhan|Bhunidmuhan
Bhurkhed,village,Jalgaon | Buldhana | Maharashtra,20.9975,76.4371,1,train,,Bhurked|Burkhed|Bhurkhde|Bhurhked
Bhuteshwar,village,Bhavnagar | Bhavnagar | Gujarat,21.6815,72.2183,1,train,,Buhteshwar|Bhtueshwar|Bhuteshwra|Bhutishwar
Bihar,state,India,25.9018,86.1247,1,eval,,Bhar|Bihra|Biaar|Biahr|Bioar|Biar|Biihar
Bijaynagar,block,Ajmer | Rajasthan,25.9754,74.6051,1,train,,Bijaynnagar|Bijayngaar|Bjaynagar|Bijayangar|Bijanyagar|Bijaynaggar|Bijynagar|Bijaynagaar
Bikaner,block,Bikaner | Rajasthan,28.0994,73.3217,1,train,,Bikaer|Bikanr|Bianer|Biakner
Bilak,village,Siwan | Siwan | Bihar,26.0964,84.1119,1,train,,Bliak|Bilka|Blak
Bilarua,village,Bhatpar Rani | Deoria | Uttarpradesh,26.4408,83.9958,1,train,,Blarua|Bilaura|Bilarau|Bilrua|Bilara|Balarua|Bilraua
Bilgona,village,Korwai | Vidisha | Madhya Pradesh,24.0308,78.2621,1,eval,,Bilgoan|Bilgna|Bilggona|Bilguna|Bligona|Bilogna|Bileona
Bindipur,village,Kanas | Puri | Odisha,19.9423,85.5456,1,train,,Binipur|Bindiur|Bnidipur|Biedipur|Bindiipur
Binodpur,village,Mohania | Kaimur | Bihar,25.2388,83.7354,1,train,,Bindopur|Bnodpur|Bioodpur|Biondpur
Biralgaon Talla,village,Salt | Almora | Uttarakhand,29.7285,79.1632,1,train,,Birralgaon Talla|Bralgaon Talla|Bioalgaon Talla|Biralgon Talla|Biralgaon Tala
Birshapur,village,Kharagpur | Paschim Medinipur | West Bengal,22.3472,87.5915,1,train,,Birhsapur|Birshapr|Birsshapur|Birshhapur|Birshapar|Birsapur|Bishapur
Bishunpur Korlahi Chak,village,Madhepura | Madhepura | Bihar,25.9444,86.9252,1,eval,,Bishupnur Korlahi Chak|Bishunpur Koreahi Chak|Bishunpur Korlahhi Chak|Bishunpur Korlahi Cak|Bishunpur Korlahi Chok
Bisrampur,village,Bettiah | Pashchimi Champaran | Bihar,26.9144,84.3602,1,train,,Bisramur|Bisampur|Birampur|Bisrammpur|Bisrrampur|Bisramupr|Birsampur|Bisrmpur
Bogole,block,Potti Sriramulu Nellore | Andhra Pradesh,14.7840,80.0112,1,train,,Bgole|Bogoole|Boole
Boocha Gara,village,Safipur | Unnao | Uttarpradesh,26.7775,80.2563,1,train,,Bocha Gara|Boocha Gaea|Bocoha Gara|Boocha Graa|Booocha Gara
Borkhede,village,Muktainag | Jalgaon | Maharashtra,21.0307,76.2989,1,train,,Brkhede|Borhede|Borkhde|Borkhee|Borkhhede|Bokrhede
Boron,village,Narayangarh | Ambala | Haryana,30.4318,76.9187,1,eval,,Bron|Booron|Boroon|Boon
Botad,district,Gujarat,22.0459,71.6757,1,train,,Botaad|Bottad|Botd
Brahamgani,village,Dhamdaha | Purnia | Bihar,25.6015,87.1606,1,train,,Braamgani|Brahamganni|Brahagani|Brahagmani|Brhaamgani|Brhamgani|Brahamani
Brahmaur,block,Chamba | Himachal Pradesh,32.4237,76.6033,1,train,,Bramaur|Bramhaur|Brahmaaur|Brahmauur|Brahmmaur|Barhmaur|Braahmaur
Bramhapuri,block,Chandrapur | Maharashtra,20.5150,79.8673,1,train,,Bamhapuri|Bramhappuri|Bramhapuuri
Brazil,country,,-14.2786,-49.6982,0,eval,,Brzail|Braizl|Brazl|Bazil
Brisbane,city,Australia,-27.46794,153.02809,0,train,BNE,Briisbane|Brisabne|Brisbaane|Brisbae|Brisbaee|Bisbane
Brooklyn,city,United States,40.6501,-73.94958,0,train,BK,Broooklyn|Booklyn|Braoklyn|Brrooklyn|Breoklyn|Broolyn|Brookyn|Brooklny
Budhakhamana,village,Baliguda | Kandhamal | Odisha,20.3942,83.7082,1,train,,Budhakhamanna|Budhaakhamana|Budhakhamaa
Budhana,block,Muzaffarnagar | Uttarpradesh,29.3157,77.4624,1,train,,Budhna|Budana|Budhanna|Buddhana|Buhana|Budhnaa
Budhanwada,village,Udaipura | Raisen | Madhya Pradesh,23.1345,78.6615,1,eval,,Budhanwwada|Buddhanwada|Buehanwada|Budhawnada|Budaanwada|Bdhanwada|Budoanwada|Budhanwaada
Budhel,village,Bhavnagar | Bhavnagar | Gujarat,21.6887,72.1586,1,train,,Budiel|Budhl|Budehl|Budel
Buenos Aires,city,Argentina,-34.61315,-58.37723,0,train,BUE,Buenos Airs|Buenos Aries|Boenos Aires|Bunos Aires
Bujunoor,village,Jammikunta | Karimnagar | Telangana,18.3338,79.5612,1,train,,Bujunoro|Bjuunoor|Buunoor|Bujunor|Bujuunoor|Buujnoor
Bulaki Tola,village,Chakia | Purbi Champaran | Bihar,26.3196,85.2183,1,train,,Bulki Tola|Bualki Tola|Buloki Tola|Bullaki Tola|Bulakki Tola|Bulaki Tolla
Bulgaria,country,,42.7339,25.4858,0,eval,,Bulgarea|Bulagria|Bulgaira|Buulgaria|Bulgara|Bulgria|Bulgaaria
Buradapadu,village,Gantyada | Vizianagaram | Andhra Pradesh,18.1482,83.2544,1,train,,Buraadapadu|Buraadpadu|Buradapaud|Bruadapadu|Buardapadu
Burhanpur,district,Madhya Pradesh,21.3394,76.3720,1,train,BRH,Bruhanpur|Burhanur|Burhapnur
Burhawal,village,Bikramganj | Rohtas | Bihar,25.1207,84.3333,1,train,,Burhwal|Burhaawl|Brhawal|Bruhawal|Burrhawal|Burawal|Burhwaal
Burkina Faso,country,,12.2379,-1.1900,0,train,,Burkina Fsao|Burkena Faso|Buruina Faso
Bursa,city,Turkey,40.19559,29.06013,0,eval,YEI,Busra|Buursa|Bura|Borsa|Buras|Burrsa|Brsa
Burundi,country,,-3.3761,29.9318,0,train,,Buruni|Buurundi|Bruundi|Burunui|Buurndi|Burunid|Burunddi
Busan,city,South Korea,35.10168,129.03004,0,train,PUS,Bussan|Busna|Buan|Buean|Basan|Bsan
Buthpur,block,Mahabubnagar | Telangana,16.6747,78.0540,1,train,,Butthpur|Butphur|Buthpir
Buwana,village,Julana | Jind | Haryana,29.1794,76.3203,1,train,,Buana|Buwuna|Bwana|Buwanna|Buwaaa|Buwaana|Buwnaa
Buxar,district,Bihar,25.5029,84.1104,1,eval,BUX,Buxxar|Buxr|Buaxr|Bxuar|Boxar|Buar|Buuxar|Buaar
Cairo,city,Egypt,30.06263,31.24967,0,train,CAI,Cairro|Caiiro|Ciro|Caiao|Ciiro|Caio|Caro
Cali,city,Colombia,3.43054,-76.5199,0,train,CLO,Calli|Caii|Cli|Cili|Cail|Caai|Coli
Cambodia,country,,12.5657,104.9910,0,train,,Cabodia|Camboia|Caambodia|Cambdia|Camboeia|Camodia|Cambdoia|Camboda
Cameroon,country,,7.3644,13.6186,0,train,,Camroon|Caemroon|Camerooon|Cameron|Cmeroon
Canada,country,,56.1304,-106.3468,0,eval,,Cannada|Caada|Candaa|Canaad|Caanada|Canda|Conada|Cnada
Cape Town,city,South Africa,-33.92584,18.42322,0,train,CPT,Cappe Town|Cape Toin|Cape Twon
Caracas,city,Venezuela,10.48801,-66.87919,0,train,CCS,Carcaas|Caraccas|Caracaas
Casablanca,city,Morocco,33.58831,-7.61138,0,train,CMN,Casabalnca|Casablnca|Casabanca|Casablanac
Catamarca,state,Argentina,-27.6493,-67.5118,0,train,,Ctaamarca|Ctamarca|Catamrca
Chak Bismillah,village,Mau | Mau | Uttarpradesh,25.9527,83.5547,1,eval,,Chka Bismillah|Chak Biomillah|Cahk Bismillah|Cak Bismillah|Chaak Bismillah|Chuk Bismillah|Chak Bsmillah
Chak Daulat,village,Alipur | South Twenty-Four Parganas | West Bengal,22.3948,88.1862,1,train,,Chk Daulat|Chak Daulta|Cak Daulat|Chak Dauuat|Chaak Daulat|Chak Daelat
Chak Maricha,village,Baruipur | South Twenty-Four Parganas | West Bengal,22.5103,88.5883,1,train,,Cak Maricha|Chak Marihca|Chk Maricha|Chak Marcha
Chak Murarpura,village,Chaksu | Jaipur | Rajasthan,26.6089,75.8833,1,train,,Chaak Murarpura|Cak Murarpura|Chak Muarrpura|Cahk Murarpura|Chk Murarpura|Chak Mrarpura|Chak Muraarpura|Chak Murapura
Chak Rangapara,village,Baharampur | Murshidabad | West Bengal,23.8191,88.1972,1,train,,Chak Rangappara|Chhak Rangapara|Chk Rangapara|Chak Rangapaar|Chak Ranagpara
Chakamunda,village,Athagarh | Cuttack | Odisha,20.5417,84.9888,1,eval,,Chakamunea|Chakmunda|Ceakamunda|Cahkamunda|Chkamunda|Chakkamunda|Chakamuna|Chakmaunda
Chakarajuvemula,village,Dornipadu | Kurnool | Andhra Pradesh,15.2303,78.4282,1,train,,Chaoarajuvemula|Chakarajuvemla|Chakaarjuvemula|Chakrajuvemula|Chakarajuvvemula|Chakarjuvemula
Chakarapalle,village,Balijipeta | Vizianagaram | Andhra Pradesh,18.6635,83.5228,1,train,,Ceakarapalle|Cahkarapalle|Chakaraapalle|Chakrapalle|Chaarapalle|Chakaarpalle|Chhakarapalle|Chakaaapalle
Chakrehee,village,Baberu | Banda | Uttarpradesh,25.4267,80.8620,1,train,,Chakerhee|Charkehee|Chekrehee|Cahkrehee|Chaakrehee|Charehee|Chakrhee|Chakrehe
Chalkusha,block,Hazaribagh | Jharkhand,24.2520,85.7557,1,train,,Chalkusa|Chaalkusha|Chakusha|Chaklusha|Calkusha|Chalusha|Chalksha|Challkusha
Chandabali,block,Bhadrak | Odisha,20.8522,86.8101,1,eval,,Chaudabali|Chnadabali|Chadabali|Chanadbali|Channdabali|Chandabai
Chandarpur,village,Hata | Kushinagar | Uttarpradesh,26.9098,83.7889,1,train,,Channdarpur|Chaniarpur|Chanarpur|Chadarpur|Chandaprur|Chanadrpur
Chandigarh,state,India,30.7302,76.7805,1,train,,Chandigaarh|Chaneigarh|Chandigarrh|Chandiagrh|Chnadigarh|Chadnigarh|Channdigarh|Chandigah
Chandsora,village,Khairigarh | Agra | Uttarpradesh,26.8880,77.7202,1,train,,Chndsora|Chadnsora|Chandora|Chaandsora
Charadih,village,Erki | Khunti | Jharkhand,22.9572,85.4239,1,train,,Chradih|Chaardih|Charaih|Chaadih|Chaaadih|Charaddih|Chaeadih
Charaidand,village,Duldula | Jashpur | Chhatisgarh,22.7739,84.0849,1,eval,,Charaaidand|Cahraidand|Chiraidand|Chraaidand|Caraidand|Charadand
Charama,block,Uttar Bastar Kanker | Chhatisgarh,20.4397,81.3620,1,train,,Charma|Chaarma|Charmaa|Charaama
Charbhata,village,Keshkal | Kondagaon | Chhatisgarh,19.9502,81.5819,1,train,,Chrbhata|Charbhatta|Charbhtaa|Charhata|Charbiata|Cuarbhata|Charbhaaa|Churbhata
Chatarala,village,Bariguma | Koraput | Odisha,19.1459,82.4775,1,train,,Chatarlaa|Chataraia|Chtarala
Chattogram,city,Bangladesh,22.3384,91.83168,0,train,CGP,Chatogram|Chattugram|Chattograam|Chtatogram|Chattoram
Chaura,village,Jhabua | Jhabua | Madhya Pradesh,22.7582,74.5081,1,eval,,Cahura|Chhaura|Chiura|Chaua|Chauia|Chauar|Chara|Chaaura
Chausar Hardopatti Must.,village,Bisalpur | Pilibhit | Uttarpradesh,28.3341,79.7248,1,train,,Chausar Haropatti Must.|Chuasar Hardopatti Must.|Causar Hardopatti Must.|Chausar Hardoptati Must.|Chausar Hardopatti Muust.
Chawa,village,Sherghati | Gaya | Bihar,24.5263,85.0912,1,train,,Chwaa|Chaoa|Chwa|Chhawa|Cahwa|Chaaw|Coawa
Chegunta,block,Medak | Telangana,17.9760,78.4924,1,train,,Chegueta|Chegunat|Chgunta|Chegunnta|Chhegunta|Chegnta
Chengalpattu,district,Tamil Nadu,12.6339,80.0380,1,train,,Chengalapttu|Cheigalpattu|Chngalpattu|Chengalpatu|Chengalpatau|Cengalpattu|Chengalpatttu|Cehngalpattu
Chewarpurab,village,Lalganj | Azamgarh | Uttarpradesh,25.7176,82.9968,1,eval,,Chewarpurba|Cheawrpurab|Cheewarpurab|Chewarpuab
Chhahazari Tikaitpur,village,Gopiballabhpur | Jhargram | West Bengal,22.1777,86.8137,1,train,,Chhahzari Tikaitpur|Chhahazari Tikaitpuur|Chhahazari Tikitpur|Chhahazari Tikatpur
Chhailai Jagir,village,Isagarh | Ashoknagar | Madhya Pradesh,24.9281,77.5703,1,train,,Chhailai Jagr|Chhailai Jaagir|Chhhailai Jagir|Chhailai Jaggir|Chhailai Jair|Chhailai Jgir|Chhailai Jaoir
Chhanchina,village,Dasarathpur | Jajapur | Odisha,20.8424,86.4758,1,train,,Chhancuina|Chhancina|Chhanchian|Chanchina|Chhanchna|Chhanchia|Chhanchhina|Chhacnhina
Chhapia Khas,village,Bhanpur | Basti | Uttarpradesh,27.0724,82.6325,1,train,,Chhapia Khis|Chhaia Khas|Chhapia Khsa|Chhapia Kas
Chhapra,block,Saran | Bihar,25.8892,84.6317,1,eval,CPR,Chhapar|Chhaapra|Chhapaa
Chhati Dih,village,Kirakat | Jaunpur | Uttarpradesh,25.5928,82.8365,1,train,,Chhai Dih|Chhhati Dih|Cihati Dih
Chhatisgarh,state,India,20.9497,81.5091,1,train,,Chhatiugarh|Chhatisgrah|Chhatisgahr
Chhibarra,village,Saraipali | Mahasamund | Chhatisgarh,21.1771,83.1273,1,train,,Chhibara|Chhiabrra|Chibarra|Chhibrara
Chhirhati,village,Sohagpur | Shahdol | Madhya Pradesh,23.0920,81.5321,1,train,,Chhirrhati|Chhirati|Chairhati
Chhulha,village,Anuppur | Anuppur | Madhya Pradesh,23.0946,81.7542,1,eval,CLF,Chhulhha|Chhluha|Chhuhla|Chhhulha|Chhula|Chhuha|Chuhlha|Chhlha
Chicago,city,United States,41.85003,-87.65005,0,train,CHI,Chicao|Chicugo|Chicaog|Chicgo|Chhicago|Chiago|Cihcago
Chichirda,village,Takhatpur | Bilapur | Chhatisgarh,22.0502,82.0746,1,train,,Chiichirda|Chichiirda|Chicchirda
Chick-angrolli,village,Khanapur | Belagavi | Karnataka,15.5981,74.6662,1,train,,Chick-angrollli|Chick-angrrolli|Chicck-angrolli|Chcik-angrolli
Chikabari,village,Kishanganj | Kishanganj | Bihar,26.2699,87.9172,1,train,,Chikabri|Chiabari|Chikkabari|Chikabrai|Chikabair|Chkiabari
Chikhli,village,Kurai | Seoni | Madhya Pradesh,21.9784,79.4889,1,eval,,Chikhlli|Chihli|Chiklhi|Cikhli|Chikli
Chile,country,,-35.7046,-71.4838,0,train,,Chiile|Chlie|Cihle|Chle|Cile|Chie|Chille
Chillakur,village,Pellakur | Potti Sriramulu Nellore | Andhra Pradesh,13.8413,79.8252,1,train,,Chillakru|Chiillakur|Chillakr
Chiluveru,village,Midjil | Mahabubnagar | Telangana,16.7400,78.2636,1,train,,Chiluveu|Chluveru|Chiuveru
Chinchali,village,Raybag | Belagavi | Karnataka,16.5620,74.8407,1,train,,Cinchali|Chinchai|Chinchail|Cihnchali|Chinhali|Chincaali|Chincali|Chinchalli
Chinnaramannagaripalle,village,Tanakal | Ananthapur | Andhra Pradesh,13.9351,78.1498,1,eval,,Chinnaramannagaipalle|Chinnaramannnagaripalle|Chinnaraannagaripalle|Chinnaramannagraipalle|Chinnaramannagaaripalle|Chnnaramannagaripalle|Ceinnaramannagaripalle
Chirakuta Pt.ii,village,Chapar Circle | Dhubri | Assam,26.2234,90.2943,1,train,,Cirakuta Pt.ii|Chiuakuta Pt.ii|Chhirakuta Pt.ii|Chiirakuta Pt.ii|Chiarkuta Pt.ii|Chirakuua Pt.ii|Chiakuta Pt.ii
Chitragi,village,Kumta | Uttara Kannada | Karnataka,14.4378,74.4006,1,train,,Chitrgai|Chatragi|Citragi|Chiitragi|Chitrgi
Chopara,village,Rudraprayag | Rudraprayag | Uttarakhand,30.4246,78.9324,1,train,,Chpara|Choppara|Choopara|Copara|Chouara|Choapra|Chpoara
Coimbatore,district,Tamil Nadu,10.8147,77.0735,1,train,CMT,Coimbaatore|Ciombatore|Coimbatorre|Coimbatre
Colorado,state,United States,38.9965,-105.5493,0,eval,,Colrado|Colordao|Coloraado|Colroado|Coloorado|Cilorado
Comoros,country,,-12.2226,44.4072,0,train,,Cooros|Comors|Coeoros|Commoros|Coomoros|Coomros
Cordillera,state,Paraguay,-25.2554,-56.9957,0,train,,Cordlilera|Cordillerra|Cordillea
Cuttack,district,Odisha,20.3710,85.4719,1,train,CTT,Cutack|Cttack|Ctutack
D.p.f.chilamgad,village,Thunag | Mandi | Himachal Pradesh,31.5049,77.1951,1,train,,D.p.f.chillamgad|D.p.f.cilamgad|D.p.f.chialmgad|D.p.f.chilmagad|D.p.f.chiamgad
Dabari,village,Chhipa Barod | Baran | Rajasthan,24.5302,76.8086,1,eval,,Dabbari|Daabari|Dbaari|Dabai|Dabaoi|Dabaari|Daberi|Dabrai
Dadari,village,Badlapur | Jaunpur | Uttarpradesh,25.9691,82.4693,1,train,,Dadair|Daari|Dadrai|Ddaari|Daddari|Ddari|Dadaui
Daegu,city,South Korea,35.87028,128.59111,0,train,TAE,Daeggu|Dagu|Daeug|Daeu
Dagadarti,block,Potti Sriramulu Nellore | Andhra Pradesh,14.6746,79.9185,1,train,,Dagaddarti|Daggadarti|Dagaadrti|Dagadari
Dakar,city,Senegal,14.6937,-17.44406,0,train,DKR,Dakkar|Dakra|Daoar
Dakshin Panialguri,village,Alipur Duar | Alipur Duar | West Bengal,26.5255,89.5679,1,eval,,Dakihin Panialguri|Dakshin Pnialguri|Dakshun Panialguri|Dashin Panialguri
Dalapachan Khasmahal,village,Kalimpong - II | Kalimpong | West Bengal,27.0908,88.5454,1,train,,Dalopachan Khasmahal|Dalapahan Khasmahal|Dalapachan Khsamahal|Daalpachan Khasmahal|Dalapachan Kahsmahal
Dalelpura,village,Nainwa | Bundi | Rajasthan,25.7359,75.8965,1,train,,Dallepura|Dalelpuar|Dlaelpura|Daellpura|Daleplura|Dalelpurra|Dalelppura
Damodarpur,village,Nayagarh | Nayagarh | Odisha,20.3260,84.9258,1,train,,Demodarpur|Damodarpuur|Damodrapur|Daamodarpur|Damdoarpur|Damodarur|Daomdarpur
Dandaidih,village,Sarangarh | Raigarh | Chhatisgarh,21.6750,83.0974,1,train,,Dandaiidh|Daandaidih|Dandadih|Danuaidih|Dandaioih
Danout,village,Itkhori | Chatra | Jharkhand,24.3234,85.1115,1,eval,,Danut|Danotu|Daonut|Dnout|Danouut|Danot
Dar es Salaam,city,Tanzania,-6.82349,39.26951,0,train,DAR,Dar es Salaim|Dar es Salaaam|Dar es Salama|Dar es Salam|Dar es Slaaam
Daramli,village,Idar | Sabar Kantha | Gujarat,23.7680,72.9923,1,train,,Daamli|Daraoli|Daaramli|Daramil
Darola,village,Ghurmwin | Bilaspur | Himachal Pradesh,31.4883,76.7755,1,train,,Darla|Drola|Daroa|Draola|Daroal|Daarola|Daorla|Dauola
Daru,block,Hazaribagh | Jharkhand,24.0095,85.5453,1,train,,Dru|Daou|Drau
Darur,village,Athni | Belagavi | Karnataka,16.6219,75.0098,1,eval,,Daror|Daur|Dauur|Daruur
Daryapur,block,Amaravati | Maharashtra,20.9683,77.3431,1,train,,Dareapur|Drayapur|Darapur|Daryaper|Deryapur
Dayara Timbi,village,Mendarda | Junagadh | Gujarat,21.1997,70.6563,1,train,,Dayara Timmbi|Dayara Timi|Dayarra Timbi|Dayaa Timbi|Dayara Tmbi|Dyara Timbi
Dediya,village,Khanpur | Jhalawar | Rajasthan,24.6794,76.4122,1,train,,Ddiya|Deaiya|Dedya|Deediya|Ddeiya|Dediiya|Dedaya
Dehgam,block,Gandhinagar | Gujarat,23.1605,72.8896,1,train,,Dehagm|Dehggam|Degham|Dehhgam|Dehgaam|Dehgma
Dehuridih,village,Jamui | Jamui | Bihar,24.7720,86.3190,1,eval,,Dehridih|Dehuredih|Dehurridih|Deeuridih|Dehuridiih|Dehuidih
Delhi,state,India,28.6434,77.1258,1,train,DEL,Delii|Delei|Dlhi|Delih|Dellhi|Deli|Delhhi
Demra,village,Hugli | Hugli | West Bengal,23.0073,88.3856,1,train,,Demar|Demrra|Dmera|Derma|Deemra
Deoghar,block,Deoghar | Jharkhand,24.4741,86.6054,1,train,,Deohar|Daoghar|Doghar|Deogar|Doeghar|Duoghar|Deogahr|Deohgar
Deopada,village,Dindori | Nashik | Maharashtra,20.4059,73.7277,1,train,,Depada|Deopaa|Deopaad
Devanampalayam,village,Kinathukadavu | Coimbatore | Tamil Nadu,10.7532,77.0699,1,eval,,Devunampalayam|Devauampalayam|Devanapmalayam|Devanammpalayam|Devanamaplayam|Deanampalayam
Devapar,village,Ghanghata | Santkabirnagar | Uttarpradesh,26.6528,83.1018,1,train,,Devapra|Devapaar|Devapr|Devaar
Dhaka,city,Bangladesh,23.7104,90.40744,0,train,DAC,Dhaak|Dhakka|Daka|Dhkaa|Dhka|Dhaia|Dhaaka
Dhamni,village,Pen | Raygad | Maharashtra,18.7011,73.2179,1,train,,Dhhamni|Dhaamni|Duamni|Dhmani|Dhani
Dhand,village,Amer | Jaipur | Rajasthan,27.0946,75.9523,1,train,,Dand|Dhnd|Dhnad|Dhannd|Duand|Dhadn|Dahnd
Dharampur,village,Shahabad | Hardoi | Uttarpradesh,27.6281,80.0250,1,eval,,Dhaampur|Dharmpur|Dhaarmpur|Dharampr
Dhauha,village,Chorhat | Sidhi | Madhya Pradesh,24.5382,81.9115,1,train,,Dhuha|Dahuha|Dhaha|Dhauah
Dhaunramal,village,Bhawanipatna | Kalahandi | Odisha,20.1884,83.4184,1,train,,Dhaaunramal|Dhaunarmal|Dhauneamal
Dhemdhema Pt.i,village,Bilasipara Circle | Dhubri | Assam,26.2747,90.1560,1,train,,Dhhemdhema Pt.i|Dhemdhmea Pt.i|Dhedhema Pt.i|Dhemdhemma Pt.i|Demdhema Pt.i|Dhemmdhema Pt.i|Dhimdhema Pt.i
Dhepua,village,Paschim Medinipur Sadar | Paschim Medinipur | West Bengal,22.7203,87.2331,1,train,,Dheuua|Depua|Dhpeua|Dhopua|Dhepau|Dehpua|Dheupa|Daepua
Dhobahi,village,Chunar | Mirzapur | Uttarpradesh,25.1075,83.0678,1,eval,,Dhobehi|Dhobaii|Dhboahi|Dhooahi|Dhbahi
Dhod,block,Sikar | Rajasthan,27.5796,74.9895,1,train,,Duod|Dohd|Dhhod|Dod|Dhood
Dibrugarh,district,Assam,27.3950,95.0008,1,train,DBR,Diburgarh|Dibruugarh|Dibrugahr|Dirbugarh|Dibruagrh|Dibrrugarh
Digit Purwa,village,Bahraich | Bahraich | Uttarpradesh,27.3262,81.8017,1,train,,Digit Puewa|Digit Purwwa|Digti Purwa|Diuit Purwa|Digit Puwra|Digit Puraw|Dgit Purwa|Digit Pura
Dihri,village,Aurangabad | Aurangabad | Bihar,24.8366,84.3673,1,train,,Diri|Dirhi|Dihir|Dahri|Dhiri|Dihai|Dihi|Dihrri
Dindigul East,block,Dindigul | Tamil Nadu,10.2784,78.0704,1,eval,,Dindigl East|Dindugul East|Dindigul Easst|Dindigul Est|Dindigul Eest|Didigul East|Dindigul Eats|Dindigul Eaast
Dodapar,village,Gola | Gorakhpur | Uttarpradesh,26.4584,83.3226,1,train,,Dodpaar|Dodupar|Dodapr|Dodapra|Doeapar|Dodaar|Ddapar|Doadpar
Doddahejjaji,village,Doddaballapur | Bengaluru Rural | Karnataka,13.2621,77.4097,1,train,,Doddahjjaji|Doddhejjaji|Doddahhejjaji
Dominica,country,,15.4235,-61.3460,0,train,,Dominiica|Domincia|Domniica|Dominca|Dmoinica|Domnica|Domiinca
Dubai,city,United Arab Emirates,25.07725,55.30927,0,train,DXB,Dubi|Dubia|Dbai|Duubai|Duabi|Duuai|Duai|Dabai
Duggha,village,Baroh | Kangra | Himachal Pradesh,31.9989,76.3611,1,eval,,Dugha|Duegha|Dggha|Duguha
Duldula,block,Jashpur | Chhatisgarh,22.7050,84.0874,1,train,,Duldua|Dulduea|Duldla|Duludla|Duuldula|Dulduia
Duli Gund,village,Rafiabad | Baramula | Jammu And Kashmir,34.2886,74.3888,1,train,,Duli Guud|Duli Gnud|Dli Gund|Dui Gund|Duli Gnd
Duliakhal Karaib,village,Karimganj | Karimganj | Assam,24.7490,92.3083,1,train,,Duliakhal Karraib|Duliahal Karaib|Dulikahal Karaib
Dulidih,village,Madhupur | Deoghar | Jharkhand,24.3197,86.6779,1,train,,Dluidih|Duliidih|Dulidah|Duldih|Duidih|Dulidiih|Duildih
Dumalpakhal,village,Kantamal | Baudh (Bauda) | Odisha,20.5957,83.8131,1,eval,,Dummalpakhal|Dumalpakhhal|Dumalpakhil|Dmalpakhal|Duumalpakhal|Dumalapkhal|Dumaalpakhal|Dumallpakhal
Dumurdiha,village,Potka | East Singhbhum | Jharkhand,22.5836,86.2185,1,train,,Dumurdia|Dumrdiha|Dumurrdiha|Dumurdiah|Dumurdihha|Dumuridha|Dmuurdiha|Dumureiha
Durban,city,South Africa,-29.8579,31.0292,0,train,DUR,Duran|Durbna|Duraan|Duban|Durbban|Dueban
Durgapur,village,Hugli | Hugli | West Bengal,23.0070,88.1524,1,train,,Durgaapur|Durapur|Dergapur|Durgapr|Durgappur
Duvvada,village,Gajuvaka | Vishakhapatnam | Andhra Pradesh,17.6838,83.1600,1,train,,Duvvvada|Duvvaad|Duvvdaa|Duvvaada|Duvvaa|Duvvda|Dvvada
Dwarahat,block,Almora | Uttarakhand,29.7583,79.4179,1,eval,,Dwarhat|Dwaraht|Dwarahaat|Dwarihat|Dwarrahat|Darahat|Dwrahat|Dwarahta
Dwarikapur,village,Athagarh | Cuttack | Odisha,20.5030,85.6528,1,train,,Dwaikapur|Dwarkapur|Dwarikpur|Dwarrikapur|Dwarikaupr
Dwitikrishnapur,village,Pala Laharha | Anugul | Odisha,21.2118,85.2217,1,train,,Dwitirishnapur|Dwitikrisheapur|Dwitiarishnapur|Dwitikrishnappur
East Godavari,district,Andhra Pradesh,17.1571,82.0450,1,train,EGI,East Gdoavari|East Godavair|Est Godavari|East Goavari|East Goodavari|East Goddavari|East Godavuri|Esat Godavari
East Khasi Hills,district,Meghalaya,25.3991,91.8227,1,train,EKH,Eat Khasi Hills|East Khasi Hils|East Kasi Hills|East Khasi Hilus
Ecuador,country,,-1.8024,-78.2727,0,eval,,Ecuadir|Ecuaador|Ecuaor|Eccuador|Eceador|Ecuadoor
Edabara,village,Kotdwar | Pauri Garhwal | Uttarakhand,29.8047,78.4678,1,train,,Edabaara|Edabarra|Edaabra
Faisalabad,city,Pakistan,31.41554,73.08969,0,train,LYP,Faiaslabad|Faisalbad|Faisalaaad
Farhalouki,village,Belthara Road | Ballia | Uttarpradesh,26.0105,83.7759,1,train,,Farhaloukki|Farhalokui|Fahalouki|Farhaluoki|Farrhalouki|Furhalouki
Fata,village,Sankheda | Chhota Udepur | Gujarat,22.2663,73.5802,1,train,,Faea|Fatta|Faat|Fta|Faa|Ftaa|Fota|Faata
Fatehabad,block,Fatehabad | Haryana,29.4691,75.5178,1,eval,,Fatehbaad|Faeehabad|Fatehabd|Fateahbad
Fatehgarh Sahib,block,Fatehgarh Sahib | Punjab,30.5740,76.4308,1,train,FTG,Fatehgerh Sahib|Fatehgarh Sahb|Fatehgarh Shib|Fatehgarh Sahhib
Fattepur,village,Shahabad | Hardoi | Uttarpradesh,27.5160,79.9321,1,train,,Fatetpur|Fattpeur|Faattepur|Fatttepur|Fatteepur|Fatepur|Fatteur
Fatterpur,village,Ner | Yavatmal | Maharashtra,20.4958,77.8400,1,train,,Fatterpru|Ftterpur|Fatterur|Fatteprur|Fattepur|Fatteraur|Fattrepur|Fatterpr
Fattewala,village,Zira | Firozpur | Punjab,31.1123,74.8220,1,train,,Fattewla|Fattewaa|Fatetwala|Fatewala|Fatteawla
Fazalnagar,village,Jasrana | Firozabad | Uttarpradesh,27.1920,78.6458,1,eval,,Fazalnnagar|Fazlanagar|Fazaanagar|Fazalnagr|Fazalnagra|Fazalnaagr|Fazanlagar
Fiji,country,,-17.7855,177.9745,0,train,,Fiiji|Fii|Fiij
Firozpur,village,Baghpat | Baghpat | Uttarpradesh,28.8321,77.3119,1,train,,Firoozpur|Fiozpur|Friozpur
Fortaleza,city,Brazil,-3.71722,-38.54306,0,train,FOR,Foraleza|Fortaueza|Frtaleza|Fortleza|Fotaleza|Frotaleza|Fortaleeza|Fortaleoa
France,country,,46.2276,2.2137,0,train,,Frnce|Fracne|Fraance|Franec|Frence|Fance
Gadapala,village,Bhawanipatna | Kalahandi | Odisha,20.1938,83.6880,1,eval,,Gadpala|Gadapalla|Gadaala|Gadapaala
Gadbadia,village,Sheikhpura | Sheikhpura | Bihar,25.2201,85.9266,1,train,,Gadbaida|Gadabdia|Gadbaia|Gabdadia
Gahlian,village,Tira Sujanpur | Hamirpur | Himachal Pradesh,31.8115,76.4799,1,train,,Gahlina|Gahlan|Ghalian|Gahilan
Gali Bhimavaram,village,Sabbavaram | Vishakhapatnam | Andhra Pradesh,17.7721,83.0890,1,train,,Gai Bhimavaram|Gali Bhimvaaram|Gali Bhmavaram
Ganderi,village,Chikhli | Dungarpur | Rajasthan,23.4527,73.9060,1,train,,Gandeeri|Gandei|Gaanderi|Gadneri|Gandderi|Gandeir
Gandharap,village,Kathikund | Dumka | Jharkhand,24.3914,87.4427,1,eval,,Gandarap|Gandhaarp|Gadharap|Ganharap|Gandhrap|Gandharpa|Ganduarap|Gandhharap
Gandhinagar,district,Gujarat,23.2804,72.6673,1,train,GNR,Gadnhinagar|Gandhinagr|Gandhingaar|Gandhinaar|Gandhinagra|Gadhinagar
Ganga Param,village,Samastipur | Samastipur | Bihar,26.0392,85.7194,1,train,,Ganga Paaam|Ganga Praam|Gangga Param|Ganga Parm|Gagna Param|Gaoga Param
Gangada Buzurg,village,Agar | Agar Malwa | Madhya Pradesh,23.6112,76.0481,1,train,,Gangada Buzrg|Gangda Buzurg|Gaangada Buzurg
Ganganagar,village,Kamalpur | Dhalai | Tripura,24.2138,91.8121,1,train,,Ganganaagr|Ganganagr|Gannganagar|Gangangaar|Gaanganagar
Gangrar,block,Chittaurgarh | Rajasthan,25.0707,74.6147,1,eval,,Gangrra|Ganrgar|Gangarr|Gangar|Gagnrar|Ganrar|Gangraar
Ganguwa,village,Khurai | Sagar | Madhya Pradesh,24.1485,78.4965,1,train,,Gagnuwa|Gangwua|Gangguwa|Gangua|Gnguwa
Gantuli Chhote,village,Sarangarh | Raigarh | Chhatisgarh,21.6744,83.0706,1,train,,Ganutli Chhote|Gantuli Chote|Gantlui Chhote|Ganuli Chhote|Gantulli Chhote|Gantuli Cuhote|Gantli Chhote
Gara,village,Bankura | Bankura | West Bengal,23.2339,86.8418,1,train,,Gaar|Gaa|Gaua|Gaara|Graa|Garra|Gra
Garudagaon,village,Cuttack | Cuttack | Odisha,20.6165,85.9458,1,train,,Garudgaaon|Gaeudagaon|Gaurdagaon|Garudagano|Gardagaon|Grudagaon|Gaudagaon|Garudaggaon
Gauhany,village,Sandila | Hardoi | Uttarpradesh,27.1086,80.3352,1,eval,,Gauhanny|Gauhayn|Gauany|Gauiany|Gauahny
Gaura,village,Darbhanga | Darbhanga | Bihar,26.1785,85.7810,1,train,,Gara|Garua|Gaurra|Gaua|Guara|Geura|Gauura|Gura
Gautambudhnagar,district,Uttarpradesh,28.3700,77.5963,1,train,,Gauatmbudhnagar|Gautambudhnaagr|Gauaambudhnagar|Gautambudnagar|Gautambdhnagar|Gatambudhnagar|Gautambudhnagr
Gazipur,city,Bangladesh,23.99844,90.42234,0,train,,Gaiipur|Gazipr|Gazpur|Gaziur|Gazpiur|Gazapur|Gaizpur|Gazipru
Gerai Ki Guwari,village,Karauli | Karauli | Rajasthan,26.3411,76.8810,1,train,,Gerai Ki Guwaari|Gerai Ki Guwwari|Geri Ki Guwari|Greai Ki Guwari|Geerai Ki Guwari|Gerai Ki Guwai
Ghagrapar  Circle,block,Nalbari | Assam,26.4881,91.5251,1,eval,,Ghagrapar  Cicle|Ghagrapar  Crcle|Ghagrapar  Circcle|Ghgarapar  Circle|Ghagrapar  Cirle|Ghagrapar  Cicrle|Ghagrapar  Cricle|Ghagrpaar  Circle
Ghandiyali,village,Thalisain | Pauri Garhwal | Uttarakhand,30.1690,79.0151,1,train,,Ghhandiyali|Ghanndiyali|Ghandayali|Ghandiyli|Guandiyali|Ghandiali|Ghandiayli|Ghanddiyali
Ghatchora,village,Kathikund | Dumka | Jharkhand,24.3995,87.4338,1,train,,Ghtchora|Ghatchroa|Ghatcchora|Ghatcora
Ghichna,village,Theog | Shimla | Himachal Pradesh,31.0245,77.5306,1,train,,Ghchna|Ghiichna|Ghicnha|Ghicchna
Ghiwari,village,Gondia | Gondia | Maharashtra,21.5363,80.1883,1,train,,Ghiawri|Ghiari|Ghwari|Ghiwai
Ghupti -,village,Bhawanipatna | Kalahandi | Odisha,20.0145,83.2536,1,eval,,Guhpti -|Goupti -|Ghuptti -
Ghurakar,village,Karauli | Karauli | Rajasthan,26.3543,76.9205,1,train,,Ghurkar|Gurakar|Ghurakr
Ghusrum,village,Teonthar | Rewa | Madhya Pradesh,25.0521,81.5449,1,train,,Ghsurum|Ghsrum|Ghusurm|Ghursum
Ginigera,village,Koppal | Koppal | Karnataka,15.3527,76.2526,1,train,,Giniegra|Ginugera|Ginigerra|Gnigera|Gniigera|Giigera
Giza,city,Egypt,30.00944,31.20861,0,train,SPX,Gia|Gza|Gzia|Giaz|Gizza|Gioa|Gaza
Gobrapota,village,Krishnanagar | Nadia | West Bengal,23.4198,88.5470,1,eval,,Gobraiota|Gbrapota|Gobrpaota|Gobbrapota|Gobapota|Gobraota
Gokalyawala,village,Virat Nagar | Jaipur | Rajasthan,27.2763,76.0857,1,train,,Gokalyawlaa|Gokalyawla|Gokayawala|Goalyawala|Gokalyawaaa|Gkoalyawala|Gokalaywala|Gokalywaala
Golmuri,block,East Singhbhum | Jharkhand,22.7555,86.2978,1,train,,Golmurri|Golmri|Golmui|Golmuuri|Gomluri
Gommu Koyagudem,village,Bhadrachalam | East Godavari | Andhra Pradesh,17.6115,81.0339,1,train,,Gommu Koyagudme|Gommu Koyaudem|Gammu Koyagudem|Gommu Koagudem
Gomundi,village,Samakhunta | Mayurbhanj | Odisha,21.9282,86.6934,1,train,,Gomudni|Gomuundi|Gomuidi|Gmoundi|Gomnudi|Gomuni|Gomunid
Gondur,village,Dhule | Dhule | Maharashtra,20.9317,74.7290,1,eval,,Gonddur|Goondur|Gondru
Gorasa,village,Keonjhar (Kendujhar) | Keonjhar (Kendujhar) | Odisha,21.6972,86.0402,1,train,,Groasa|Gorusa|Goraas|Goarsa|Gorrasa|Goasa|Goraasa
Gosaindih,village,Hunterganj | Chatra | Jharkhand,24.4692,84.8318,1,train,,Gosindih|Gosaindh|Gosaiodih|Gosaindhi|Gosaidih|Gsaindih|Gosanidih
Gospurnatara,village,Hasanganj | Unnao | Uttarpradesh,26.7810,80.5150,1,train,,Gospurnataea|Gospurnataar|Gospurnataa|Gospuanatara|Gosprnatara|Gospurnatraa|Goospurnatara|Goseurnatara
Got Gerya,village,Kharagpur | Paschim Medinipur | West Bengal,22.3732,87.6296,1,train,,Got Geroa|Got Gera|Got Greya|Got Geyra|Got Grya|Got Geryya|Got Geerya
Gotameshwar,village,Arnod | Pratapgarh | Rajasthan,23.8965,74.7815,1,eval,,Gotmaeshwar|Gotamshwar|Gotaeeshwar
Gothani,village,Bikramganj | Rohtas | Bihar,25.2737,84.2258,1,train,,Gohtani|Gothni|Gothaani|Goothani|Gthani|Gotahni|Gothnai
Gotia,village,Nainital | Nainital | Uttarakhand,29.4096,79.3270,1,train,,Gutia|Gtia|Gota
Goudia Bahali,village,Thakurmunda | Mayurbhanj | Odisha,21.4307,86.2015,1,train,,Goudia Baahli|Gouia Bahali|Goudiia Bahali
Gourdih,village,Puruliya | Puruliya | West Bengal,23.0037,86.4329,1,train,,Gourdiih|Gourih|Goudih|Gourduh|Goourdih|Gouridh|Gorudih
Govana,village,Lalpur | Jamnagar | Gujarat,22.1624,69.8696,1,eval,,Govaan|Govnaa|Gvoana|Gvana|Govna|Goovana
Gowdanahalli,village,Tumakuru | Tumakuru | Karnataka,13.3661,77.0120,1,train,,Godanahalli|Goodanahalli|Gowdanahulli
Guangzhou,city,China,23.11667,113.25,0,train,CAN,Guanzghou|Gangzhou|Gaungzhou|Guangzhuo|Guaangzhou|Guangzzhou|Guangzohu|Guagzhou
Guayaquil,city,Ecuador,-2.19616,-79.88621,0,train,GYE,Guayaquiil|Guayaqquil|Guayauqil|Guayaquli|Guayaouil|Guiyaquil|Guaaquil|Guuyaquil
Guhain Pather,village,Tingkhong Circle | Dibrugarh | Assam,27.2763,95.0882,1,train,,Guhain Pater|Guhhain Pather|Guhani Pather|Guhin Pather
Guhalipada,village,Basta | Balasore (Baleshwar) | Odisha,21.6675,87.1809,1,eval,,Guhaipada|Guhlipada|Guhalipaa|Guhlaipada|Guhalioada|Guhaliapda|Guhailpada|Guhalippada
Guinea-Bissau,country,,11.8043,-14.3662,0,train,,Guina-Bissau|Guinea-Bissaau|Guinea-Biasau|Ginea-Bissau|Guinua-Bissau|Giunea-Bissau|Guinnea-Bissau|Guinea-Bissu
Gujarat,state,India,22.4151,72.0376,1,train,,Gjuarat|Guoarat|Gujarta|Gujaart|Gujrat|Gujarrat|Gujaat|Gjarat
Gulalwali,village,Najibabad | Bijnor | Uttarpradesh,29.6713,78.3169,1,train,,Galalwali|Gulalwlai|Gulawali
Gulmadaga,village,Kuntala | Nirmal | Telangana,19.1898,78.1681,1,train,,Gulmmadaga|Gulmadga|Glmadaga|Gumladaga|Gulmadaag|Gulmadaaga
Gumdi,village,Makri | Kondagaon | Chhatisgarh,19.6694,81.9924,1,eval,,Gumai|Guadi|Gumddi|Gummdi|Gudmi|Gumid
Gumma,village,Kurupam | Vizianagaram | Andhra Pradesh,18.9648,83.6567,1,train,,Gummma|Gmma|Guma
Gundaram,village,Tadwai | Kamareddy | Telangana,18.1702,78.2478,1,train,,Gunaram|Gundaarm|Gudnaram|Gundaaram|Gundarma|Gunddaram
Gundlakarthi,village,Mogullapalli | Jayashankar Bhupalapally | Telangana,18.2805,79.5938,1,train,,Gundlakrthi|Gundaakarthi|Gundlakarhi|Gundalkarthi
Gunduribadi,village,Gania | Nayagarh | Odisha,20.4050,85.0290,1,train,,Gnduribadi|Gunduriabdi|Gunduribudi|Gunduribaid|Gudnuribadi|Gunduribai|Gunduribbadi
Gurrampalli,village,Chintamani | Chik Ballapur | Karnataka,13.5376,78.0394,1,eval,,Gurrampaili|Gurrapalli|Gurrampalil|Gurramalli|Gurraopalli|Grurampalli|Gurrmpalli
Gurudayalpur F.v.,village,Silchar | Cachar | Assam,24.5735,92.8179,1,train,,Gurudayaepur F.v.|Gurudaylpur F.v.|Gurudaylapur F.v.|Grudayalpur F.v.|Gurudayaleur F.v.|Gurudayalur F.v.
Habaspur,village,Danapur | Patna | Bihar,25.6768,85.0192,1,train,,Hauaspur|Habasour|Habasupr|Habaseur
Habrubari,village,Kokrajhar Circle | Kokrajhar | Assam,26.4075,90.2865,1,train,,Habrbari|Habrbuari|Habruari|Habrubai|Harbubari|Habbrubari|Haabrubari|Hbarubari
Haiphong,city,Vietnam,20.86481,106.68345,0,train,HPH,Hiphong|Haihong|Haiphoong|Haiphhong|Haiphogn|Haihpong|Haphong|Haiphonng
Hakedag,village,Silli | Ranchi | Jharkhand,23.4410,85.7846,1,eval,,Hkedag|Hakedig|Hakeadg|Hakdag|Haedag
Hakimganj,village,Tanda | Rampur | Uttarpradesh,28.9804,78.9842,1,train,,Hakiimganj|Hakimgannj|Hakimgajn|Hakkimganj|Hakimgnaj|Hakimgnj|Hakimmganj
Hallaornagara,village,Basti | Basti | Uttarpradesh,26.7759,82.9098,1,train,,Hallaoragara|Halloarnagara|Hallaornaara|Hallaornagarra
Hanoi,city,Vietnam,21.0245,105.84117,0,train,HAN,Hanio|Hani|Hinoi
Haragarahalli,village,Sakaleshpur | Hassan | Karnataka,12.8636,75.7618,1,train,,Haragarahlali|Haragarahalil|Haragaraalli|Haragarahali|Haraagrahalli|Haragraahalli
Hardwa Ka Khera,village,Asind | Bhilwara | Rajasthan,25.6420,74.4317,1,eval,,Hardwa Ka Khrea|Hardwa Ka Khea|Harddwa Ka Khera|Hardwa Ka Kiera
Haryana,state,India,29.2897,76.0529,1,train,HAR,Harayna|Haryaa|Haryanna|Hryana
Hasanyarpurtihara Kalan,village,Sonipat | Sonipat | Haryana,28.9839,76.9106,1,train,,Hasanyarpurtihara Kaalan|Hasanyarpurtihara Kallan|Hasanyarpurtihara Kalun
Hasenpur,village,Lalbag | Murshidabad | West Bengal,24.1738,88.4024,1,train,,Hasnpur|Hsaenpur|Hassenpur|Haseipur|Hasepur
Hastnapur,village,Guna | Guna | Madhya Pradesh,24.8575,77.2256,1,train,,Hasnapur|Hasttnapur|Hastanpur
Hatale,village,Chalisgao | Jalgaon | Maharashtra,20.4346,75.1089,1,eval,,Haatle|Haeale|Hattale|Htale|Hatalle|Hataae|Hatael
Hathnauri Ryt,village,Khirkiya | Harda | Madhya Pradesh,22.1181,76.8940,1,train,,Hathnuari Ryt|Hathnaauri Ryt|Hathanuri Ryt|Hathnauuri Ryt|Hatnhauri Ryt|Hahtnauri Ryt|Hithnauri Ryt
Hatikali,village,Doboka Circle | Hojai | Assam,26.1071,92.9483,1,train,,Htikali|Hatikkali|Htaikali|Haitkali
Hatimunda,village,Bhawanipatna | Kalahandi | Odisha,19.9129,83.3101,1,train,,Hatimundda|Haitmunda|Hatimuna|Htaimunda
Hengerajhar,village,Mangaldai | Darrang | Assam,26.4764,92.0372,1,train,,Hengerahar|Hengerajhaar|Hengeraajhar|Heengerajhar|Hengerrajhar|Henggerajhar|Hegnerajhar|Hengerjahar
Hetavane,village,Pen | Raygad | Maharashtra,18.7050,73.2016,1,eval,,Htavane|Hetavne|Hetvaane|Hetvane
Hichhopal,village,Narkatiaganj | Pashchimi Champaran | Bihar,27.0363,84.5061,1,train,,Hicheopal|Hchhopal|Hichopal|Hichhhopal|Hichaopal|Hihchopal
Himachal Pradesh,state,India,31.8181,77.3357,1,train,,Himachal Praddesh|Himachal Praedsh|Himachal Praesh
Hinauti,village,Chakia | Chandauli | Uttarpradesh,25.0353,83.3051,1,train,,Hinati|Hinatui|Hioauti
Hingangaon,village,Dhamangaon | Amaravati | Maharashtra,20.7785,78.1757,1,train,,Hingagnaon|Hinganggaon|Hinganngaon|Hinganoaon
Hiramandalam,block,Srikakulam | Andhra Pradesh,18.6674,83.9387,1,eval,,Hiraandalam|Hirmaandalam|Hiramandallam|Hiramandalma
Hiresobati,village,Hagaribommanahalli | Ballari | Karnataka,15.0992,76.1475,1,train,,Hiresobtai|Hiresboati|Hiesobati|Hiresbati
Hisale,village,Shirpur | Dhule | Maharashtra,21.2714,75.0907,1,train,,Hsiale|Hsale|Hiasle|Hieale|Hisae
Hiwara,village,Chimur | Chandrapur | Maharashtra,20.6923,79.4962,1,train,,Hiara|Hwara|Hawara
Ho Chi Minh City,city,Vietnam,10.82302,106.62965,0,train,HCMC|HCMV|SGN|TPHCM,Ho Chi Minnh City|Ho Chi Minh Cety|Ho Chi Minh Citty|Ho Chi Minh Ciyt|Ho Chi Minh Ciy
Holpur,village,Machhali Sahar | Jaunpur | Uttarpradesh,25.6922,82.2453,1,eval,,Hoplur|Holur|Hlpur|Holupr|Hollpur|Holpr
Hong Kong,city,Hong Kong,22.27832,114.17469,0,train,HK|HKG,Honng Kong|Hong Kog|Hogn Kong|Hoong Kong|Hong Keng|Hog Kong
Hosahalli,village,Arasikere | Hassan | Karnataka,13.4887,76.3603,1,train,,Hoahalli|Hsoahalli|Hosaahlli|Hosahali|Hosaalli|Hosaahalli
Hyderabad,block,Hyderabad | Telangana,17.3783,78.4551,1,train,HYD,Hyderaead|Hyerabad|Hyderrabad|Hyderbad|Hyderaabd
Ibadan,city,Nigeria,7.37756,3.90591,0,train,IBA,Ibbadan|Ibaadan|Ibaddan|Ibdan|Ibdaan|Ibadun|Ibadna
Ichcheri,village,Tindivanam | Villupuram | Tamil Nadu,12.2486,79.7111,1,eval,,Ichcheeri|Ichchei|Ihcheri|Ichcehri|Ichhceri|Ichcieri
Ichhapur,village,Subarnapur | Subarnapur | Odisha,21.0430,83.4757,1,train,,Ihchapur|Iehhapur|Ichapur|Ichhaupr|Iuhhapur|Ichuapur
Idappadi,block,Salem | Tamil Nadu,11.6350,77.8502,1,train,,Idapadi|Iadppadi|Idapppadi|Idappidi|Iappadi|Idappaadi|Idpapadi
Imaliya Swaroop,village,Berasia | Bhopal | Madhya Pradesh,23.6409,77.4014,1,train,,Imliya Swaroop|Imaliua Swaroop|Imaliya Swaoop|Imaliya Siaroop
Incheon,city,South Korea,37.45646,126.70515,0,train,JCN,Inchon|Incheeon|Inhceon
Indapur,block,Pune | Maharashtra,18.1111,74.9238,1,eval,,Indaur|Indpaur|Inddapur|Iudapur|Indipur|Indapr
Indloor,village,Tipparti | Nalgonda | Telangana,17.0660,79.4213,1,train,,Indoor|Indolor|Indlooor|Inaloor|Idnloor|Indloro|Inldoor
Indonesia,country,,0.1147,113.3215,0,train,,Indonseia|Indonesea|Indoensia
Inglish Timapur,village,Gogari | Khagaria | Bihar,25.2903,86.7673,1,train,,Inglish Timmapur|Inglissh Timapur|Iiglish Timapur|Inglish Timaur|Inglish Tamapur|Ingish Timapur
Iowa,state,United States,41.9395,-93.1514,0,train,,Iwa|Ioowa|Iowwa|Iwoa|Iiwa|Iuwa
Iragavaram,block,West Godavari | Andhra Pradesh,16.6828,81.7179,1,eval,,Iragavaaram|Iragavaarm|Iraagvaram|Iraiavaram|Iragaaaram|Iragavaam
Iran,country,,32.4279,53.6880,0,train,,Irin|Ian|Irran|Irn|Iraan
Ireland,country,,53.4149,-7.9688,0,train,,Irland|Irealnd|Irleand|Ierland|Irreland
Irumbedu,village,Sriperumbudur | Kanchipuram | Tamil Nadu,12.9314,79.9893,1,train,,Irumbdeu|Iruumbedu|Irumbeu|Irumbeeu|Iumbedu|Irumbeau|Irumedu|Irrumbedu
Islampur,village,Mankapur | Gonda | Uttarpradesh,27.1095,82.4869,1,train,,Islamupr|Islamiur|Ilampur|Islampru|Isslampur|Islapmur|Islamur
Ismail Pur,village,Dasarathpur | Jajapur | Odisha,20.8373,86.5139,1,eval,,Isamil Pur|Isail Pur|Iamail Pur|Ismaiil Pur
Israel,country,,31.3831,34.6324,0,train,,Israle|Irsael|Isoael|Irael|Isarel|Iseael|Israeel|Isral
Israjpalle,village,Gollapaali | Jagtial | Telangana,18.8261,79.0507,1,train,,Isrjpalle|Israjpallle|Israjpale
Istanbul,city,Turkey,41.01384,28.94966,0,train,IST,Istanblu|Istanbol|Istaanbul|Istanbuul|Istanul|Isanbul|Isstanbul|Istabnul
Italy,country,,41.8719,12.5674,0,train,,Iealy|Iualy|Itly|Itally
Itapua,state,Paraguay,-26.8421,-55.8789,0,eval,,Itpua|Itapa|Itaua|Iapua
Jada,village,R Udayagiri | Gajapati | Odisha,19.2546,84.3818,1,train,,Jda|Jdaa|Jaada|Jeda|Jadda|Jaua|Jaad|Jaa
Jagara,village,Bijawar | Chhatarpur | Madhya Pradesh,24.3564,79.3381,1,train,,Jgara|Jagaa|Jagraa|Jagra|Jagaar|Jaagara|Jagora
Jagtial,block,Jagtial | Telangana,18.8182,78.9135,1,train,,Jagital|Jagtila|Jagtiial|Jagttial|Jagtiaal
Jaisalmer,district,Rajasthan,27.0292,70.7591,1,train,JSL,Jaislamer|Jaiaslmer|Jisalmer
Jaitapur,village,Sandila | Hardoi | Uttarpradesh,27.2404,80.6033,1,eval,,Jaaitapur|Jatapur|Jaiapur|Jaitaur|Jaitopur
Jaitpur,village,Daudnagar | Aurangabad | Bihar,25.0199,84.5683,1,train,,Jatipur|Jaipur|Jitpur
Jakarta,city,Indonesia,-6.21462,106.84513,0,train,JKT,Jakrata|Jakata|Jaakrta|Jaarta|Jakarrta|Jkaarta|Jokarta|Jakaarta
Jakhoda,village,Aron | Guna | Madhya Pradesh,24.3967,77.4875,1,train,,Jokhoda|Jakohda|Jkahoda
Jamaica,country,,18.1146,-77.1610,0,train,,Jmaica|Jamaca|Jamaicca|Jaamaica|Jamica|Jamaioa|Jamacia
Jamdahara,village,Paschim Medinipur Sadar | Paschim Medinipur | West Bengal,22.4848,87.1585,1,eval,,Jamdahhara|Jaamdahara|Jamdhaara|Jadmahara
Jammu And Kashmir,state,India,33.5067,75.2466,1,train,,Jammu And Kasshmir|Jammu And Kasamir|Jammmu And Kashmir|Jammu And Kasmir|Jaammu And Kashmir|Jamu And Kashmir|Jammu And Kashimr|Jammu And Kashoir
Jamnapur,village,Bilaspur | Rampur | Uttarpradesh,28.8378,79.3373,1,train,,Jamnaour|Jamnpur|Jamnapru|Jmnapur|Janapur
Jamui,village,Hanumana | Rewa | Madhya Pradesh,24.7196,81.9578,1,train,,Jamiu|Jmaui|Jaui|Jaumi|Jami
Jamwa Ramgarh,block,Jaipur | Rajasthan,27.0795,76.1153,1,train,,Jaiwa Ramgarh|Jamwa Ramgrah|Jaowa Ramgarh|Jamwa Rammgarh|Jamaa Ramgarh|Jawma Ramgarh|Jmwa Ramgarh
Janegaon,village,Kej | Bid | Maharashtra,18.7403,76.1193,1,eval,,Jangaon|Janegano|Janegon|Jnegaon|Jnaegaon|Jaengaon|Jannegaon
Jangal Thanal,village,Kupvi | Shimla | Himachal Pradesh,30.7912,77.5747,1,train,,Jangal Thannal|Jangal Thanaal|Jangal Thanla|Jngal Thanal|Jnagal Thanal
Japan,country,,36.2048,138.2529,0,train,,Japna|Jaapn|Jpan
Jategaon Kh,village,Trimbakeshwar | Nashik | Maharashtra,20.1038,73.5134,1,train,,Jattegaon Kh|Jateagon Kh|Jategoan Kh|Jaetgaon Kh|Jaegaon Kh|Jaategaon Kh
Jatha,village,Kaligari | Bageshwar | Uttarakhand,29.7350,79.7454,1,train,,Jaha|Jtha|Jetha|Jahta|Jaoha
Jeddah,city,Saudi Arabia,21.49012,39.18624,0,eval,JED,Jeedah|Jedddah|Jedah
Jetpura,village,Agar | Agar Malwa | Madhya Pradesh,23.6062,76.0362,1,train,,Jtepura|Jtpura|Jetprua|Jettpura
Jhagar Pur,village,Bighapur | Unnao | Uttarpradesh,26.2507,80.6561,1,train,,Jhagra Pur|Jhaar Pur|Jhgaar Pur|Jhagaar Pur|Jhgar Pur|Jagar Pur|Jhaagr Pur|Jhagr Pur
Jhajha,village,Jamui | Jamui | Bihar,24.7764,86.3793,1,train,,Jhajjha|Juajha|Jhejha|Jhaha|Jhajah
Jhalon Ki Madar,village,Khamnor | Raj Samand | Rajasthan,25.0093,73.6696,1,train,,Jhalon Ki Maadar|Jhalon Ki Madr|Jhaon Ki Madar|Jhhalon Ki Madar
Jhanjdapal,village,Koliana | Mayurbhanj | Odisha,22.0003,86.7299,1,eval,,Jhajdapal|Jhanjdpaal|Jhanjdapl|Jhannjdapal|Janjdapal|Jhaanjdapal|Jhanjadpal
Jhargaon,village,Mangaldai | Darrang | Assam,26.4790,91.9618,1,train,,Jhargoan|Jhagaon|Jharaon|Jharagon|Jhhargaon|Jhargaoon|Jhagraon|Jhargano
Jharkhand,state,India,23.6590,85.1707,1,train,,Jhurkhand|Jharkkhand|Jharkhaand
Jhela Amda Shakargarh,village,Pathankot | Pathankot | Punjab,32.2204,75.4755,1,train,,Jhela Amea Shakargarh|Jhela Amda Shakrgarh|Jhela Amda Shakargah|Jheal Amda Shakargarh
Jhikni,village,Khurai | Sagar | Madhya Pradesh,24.0739,78.6104,1,train,,Jhakni|Jhieni|Jihkni|Jhikkni
Jhunjhunun,block,Jhunjhunun | Rajasthan,28.1091,75.3529,1,eval,,Juhnjhunun|Jhujhunun|Jhunjhuunun|Jhuajhunun|Jhnjhunun|Jhanjhunun|Jhunjunun
Jhuratarai,village,Nagari | Dhamtari | Chhatisgarh,20.6275,81.7361,1,train,,Jhurattarai|Jhratarai|Jhuratari
Jigsana Tal,village,Taranagar | Churu | Rajasthan,28.6541,75.1240,1,train,,Jigsaan Tal|Jiggsana Tal|Jisgana Tal|Jigana Tal|Jigsanna Tal
Jinnawaram,block,Sangareddy | Telangana,17.6515,78.3552,1,train,,Jinawaram|Jinnaaram|Jinnaaaram|Jinnawraam|Jiinawaram
Jitamal Kita,village,Meherma | Godda | Jharkhand,25.2043,87.3812,1,train,,Jitamal Kota|Jiatmal Kita|Jtamal Kita|Jiaamal Kita|Jittamal Kita|Jitamal Kiita|Jitamal Kia
Jobla Busudih,village,Erki | Khunti | Jharkhand,23.0102,85.6399,1,eval,,Jobla Buuudih|Jobla Busdih|Jolba Busudih|Jubla Busudih|Jbola Busudih
Jogidhipa,village,Hemagiri | Sundargarh | Odisha,21.8298,83.6415,1,train,,Jogidhpa|Jugidhipa|Joidhipa|Joigdhipa|Jogidhiap|Jogidhopa|Jgidhipa
Johannesburg,city,South Africa,-26.20227,28.04363,0,train,JNB,Johannseburg|Johnnesburg|Joohannesburg
Joharapur,village,Shevgaon | Ahamadnagar | Maharashtra,19.3633,75.1696,1,train,,Jharapur|Joahrapur|Johaapur|Johaarpur
Joypur,village,Kokrajhar Circle | Kokrajhar | Assam,26.3899,90.2549,1,train,,Joyur|Joyiur|Joyupr|Joyppur|Jopur
Juda Jatan,village,Jagadhri | Yamunanagar | Haryana,30.2696,77.2501,1,eval,,Judda Jatan|Juda Jaan|Juda Jtan|Juda Jtaan|Jdua Jatan|Jada Jatan|Juda Jaatan
Jujuy,state,Argentina,-23.1934,-66.0513,0,train,,Jujyu|Juujuy|Juuy
Jukhia,village,Kanthi | Purba Medinipur | West Bengal,21.9817,87.7652,1,train,,Jukha|Jukiha|Jukia|Jkhia|Juhkia|Juhia|Jukoia|Jekhia
Jummahal Pt Ii,village,Karimganj | Karimganj | Assam,24.6781,92.4872,1,train,,Jummhal Pt Ii|Jummaahal Pt Ii|Jmumahal Pt Ii|Jummahhal Pt Ii|Jummahl Pt Ii|Jumuahal Pt Ii|Jumahal Pt Ii|Jummmahal Pt Ii
Jurabahal,village,Kuchinda | Sambalpur | Odisha,21.9092,84.4758,1,train,,Jurabhal|Jurabahhal|Juabahal|Jurabaahal|Jrabahal|Juraahal
Kabul,city,Afghanistan,34.52813,69.17233,0,eval,KBL,Kbaul|Kbul|Kaaul|Kaubl
Kabul Khedi,village,Piploda | Ratlam | Madhya Pradesh,23.6697,74.9712,1,train,,Kbul Khedi|Kabul Kuedi|Kbaul Khedi|Kabul Kiedi|Kabul Khei|Kabul Khhedi|Kabul Kedi|Kabul Kheddi
Kachnoda,village,Khurai | Sagar | Madhya Pradesh,23.8726,78.3651,1,train,,Kacnhoda|Kachnoad|Kachhnoda|Kachnada|Kachndoa|Kachnoa
Kadgawan,village,Purnia | Purnia | Bihar,25.8925,87.4209,1,train,,Kadgaan|Kadgwan|Kadgawna|Kdgawan|Kadagwan|Kadgawwan|Kagawan
Kadime,village,Kumta | Uttara Kannada | Karnataka,14.5691,74.3380,1,train,,Kadme|Kadimme|Kademe|Kaddime|Kaoime|Kadiime|Kadioe
Kagal,block,Kolhapur | Maharashtra,16.4351,74.2411,1,eval,,Kagaal|Kagla|Kagl|Kaaal|Kgaal|Kaggal|Kaual
Kahar Para,village,Bajali Circle | Barpeta | Assam,26.4781,91.1443,1,train,,Kahar Paa|Kahar Paar|Kahar Paua|Kahar Parra|Khaar Para|Kahra Para|Kahar Pra
Kailashpura,village,Dhaulpur | Dhaulpur | Rajasthan,26.8611,78.0059,1,train,,Kailahpura|Kailashhpura|Kaialshpura|Kailashpuar|Kaillashpura|Kailshpura|Kailashpurra|Kailaspura
Kajla,village,Badnapur | Jalna | Maharashtra,19.7574,75.8056,1,train,,Kajlla|Kijla|Kalja
Kakaimohan,village,Lakhanpur | Jharsuguda | Odisha,21.6898,83.4255,1,train,,Kakaiohan|Kakiamohan|Kakaiimohan|Kakaimoan
Kalamb,block,Usmanabad | Maharashtra,18.4794,76.0806,1,eval,,Kaalmb|Kallamb|Kalab|Klaamb
Kalayarkovil,block,Sivaganga | Tamil Nadu,9.8029,78.6209,1,train,,Kaayarkovil|Kalayaarkovil|Kalayarokvil|Kaalyarkovil|Kalayarkkovil|Kalayarkvil|Kalayyarkovil|Kalayarkovvil
Kalibel,village,Vaghai | Dangs | Gujarat,20.9260,73.5824,1,train,,Klibel|Kaliel|Kalibbel
Kaligari,block,Bageshwar | Uttarakhand,29.7585,79.7638,1,train,,Kaliaari|Kaligrai|Kalioari|Kaliari|Kaaligari
Kallahalli,village,Hagaribommanahalli | Ballari | Karnataka,14.9471,76.2750,1,train,,Kalllahalli|Kalahalli|Kallahali|Kallahalil
Kalni,village,Riyanbaddi | Nagaur | Rajasthan,26.4783,74.3589,1,eval,,Kalai|Kali|Kani|Klni|Kaalni|Kauni|Kanli
Kalyan,block,Thane | Maharashtra,19.2997,73.2248,1,train,,Kaylan|Kalan|Kalyyan|Kelyan|Kalyaan|Kallyan|Klyan|Kayan
Kamdiha,village,Mohanpur | Deoghar | Jharkhand,24.5531,86.8495,1,train,,Kadiha|Kamdiah|Kamddiha|Kamdha|Kumdiha|Kaamdiha|Kmadiha
Kampaniguma,village,Khariar | Nuaparha | Odisha,20.1655,82.8130,1,train,,Kampanguma|Kampanigguma|Kampanigua
Kamtha,village,Khairagarh | Raj Nandgaon | Chhatisgarh,21.4201,81.0935,1,train,,Kaotha|Kamttha|Kamthha|Kamtoa|Kammtha
Kanakend,village,Kundahit | Jamtara | Jharkhand,23.9816,87.1935,1,eval,,Kanakedn|Kaakend|Kanakennd
Kanda Lostu,village,Dev Prayag | Tehri Garhwal | Uttarakhand,30.3249,78.8222,1,train,,Kanda Losu|Knda Lostu|Kanda Lsotu|Kada Lostu
Kandari Kh.,village,Badnapur | Jalna | Maharashtra,19.9799,75.7167,1,train,,Kandair Kh.|Kanddari Kh.|Kandai Kh.
Kanisail Pt Ii,village,Karimganj | Karimganj | Assam,24.8423,92.3628,1,train,,Kaniiail Pt Ii|Kanioail Pt Ii|Kaanisail Pt Ii|Kanisial Pt Ii|Kansail Pt Ii|Kanissail Pt Ii
Kannur,district,Kerala,11.9881,75.5637,1,train,KNU,Kannuur|Kannr|Kanunr|Kaonur|Kanur
Kano,city,Nigeria,12.00012,8.51672,0,eval,KAN,Kaano|Kao|Kaon|Kno|Knao|Kanno
Kantamegha,village,Anugul | Anugul | Odisha,20.6758,85.0233,1,train,,Katnamegha|Kaantamegha|Kantomegha|Kntamegha|Kantamehga|Kanoamegha
Kanwariyat,village,Riyanbaddi | Nagaur | Rajasthan,26.5954,74.2004,1,train,,Knawariyat|Kanwaariyat|Kanaariyat|Kanwaiyat
Kaohsiung,city,Taiwan,22.61626,120.31333,0,train,KHH,Kohsiung|Kaoshiung|Kaohsuing|Kaaohsiung|Kaohsung|Kahsiung|Kaohsiug|Kaohisung
Karachi,city,Pakistan,24.8608,67.0104,0,train,KHI,Karcahi|Kaarchi|Kaachi|Krachi|Karchi
Karan Patti,village,Mariahu | Jaunpur | Uttarpradesh,25.6550,82.5828,1,eval,,Kaian Patti|Karan Ptati|Karan Patui|Karran Patti|Karan Potti|Kraan Patti|Karan Paoti|Kaan Patti
Kare Rampur,village,Rasulabad | Kanpur Dehat | Uttarpradesh,26.7353,79.7253,1,train,,Krae Rampur|Kare Rampru|Kare Rompur
Karhal,block,Mainpuri | Uttarpradesh,27.0457,78.9732,1,train,,Kahal|Kurhal|Karal|Karhhal|Karahl|Karhaal|Krahal
Karivane,village,Kudal | Sindhudurg | Maharashtra,16.0795,73.7429,1,train,,Karivaen|Kaivane|Kariane|Kariavne
Karnataka,state,India,15.0219,75.5381,1,train,,Karataka|Karnaataka|Karrnataka|Karnatkaa|Karnataak|Kranataka|Karantaka
Karori,village,Theog | Shimla | Himachal Pradesh,31.0463,77.4307,1,eval,,Kaori|Karrori|Kaorri|Krori|Karroi
Karsangadh,village,Muli | Surendranagar | Gujarat,22.8592,71.1505,1,train,,Karsnagadh|Karsanggadh|Karsagadh|Karangadh|Kasangadh|Karsangdah|Karsangaadh|Karssangadh
Karur,block,Karur | Tamil Nadu,10.8755,78.1092,1,train,KRR,Karuur|Karor|Kaarur|Karru|Kaur|Korur|Karr
Kasabanandgad,village,Khanapur | Belagavi | Karnataka,15.5836,74.5750,1,train,,Kasabanndgad|Kasabannadgad|Kasabaandgad|Kasabanangad|Kasabanangdad|Kaabanandgad|Kasaanandgad
Kasapeta,village,Sitanagaram | Vizianagaram | Andhra Pradesh,18.6336,83.3760,1,train,,Kaaspeta|Kasaepta|Kaspaeta|Kasaeta|Ksaapeta
Kasipet,block,Mancherial | Telangana,19.0852,79.3580,1,eval,,Kusipet|Kasipeet|Ksipet|Kasapet
Kasipur,village,Baliapala | Balasore (Baleshwar) | Odisha,21.5887,87.2694,1,train,,Kaspiur|Kaispur|Kaspur|Kasipru|Kasiur|Kasiipur
Kasoli,village,Karhal | Mainpuri | Uttarpradesh,27.0733,78.7891,1,train,,Kasli|Kasoi|Kaosli
Kathaira,village,Dadri | Gautambudhnagar | Uttarpradesh,28.5085,77.5501,1,train,,Kathaia|Kathira|Kathaura|Katthaira
Kathgariya,village,Baheri | Bareilly | Uttarpradesh,28.8647,79.6357,1,train,,Kathgaiya|Katugariya|Kaohgariya|Kathgariiya
Katral,village,Athni | Belagavi | Karnataka,16.6815,74.9643,1,eval,,Katal|Katrral|Ktral
Kattangudi,village,Aruppukkottai | Virudhunagar | Tamil Nadu,9.5678,78.1257,1,train,,Ktatangudi|Kattanguddi|Kattaneudi|Kattanugdi|Kattengudi|Kattagnudi|Kattanguudi
Kauadil,village,Bansgaon | Gorakhpur | Uttarpradesh,26.4435,83.4724,1,train,,Kauadli|Keuadil|Kauaddil|Kaudail
Kawad Kh.,village,Bhiwandi | Thane | Maharashtra,19.3222,73.0769,1,train,,Kawaad Kh.|Kaawad Kh.|Kawda Kh.
Kawadipalle,village,Hayathnagar | Rangareddy | Telangana,17.3374,78.7091,1,train,,Kawadpalle|Kawadpialle|Kawaddipalle|Kaawdipalle|Kawadiplle|Kwadipalle
Kawai,village,Darbhanga | Darbhanga | Bihar,26.1920,85.7505,1,eval,,Kawaai|Kawia|Kaawai|Kwai|Kawi|Kawwai
Kawalpura,village,Marhaura | Saran | Bihar,26.1377,84.8064,1,train,,Kaalpura|Kawaluura|Kawalura
Kazichak,village,Gogari | Khagaria | Bihar,25.4699,86.6327,1,train,,Kazzichak|Kazcihak|Kazichk|Kzaichak|Kazichhak|Kaiichak|Kzichak
Kazigaon Part Iii,village,Dhubri Circle (Part) | Kokrajhar | Assam,26.2005,90.0143,1,train,,Kazgaon Part Iii|Kaizgaon Part Iii|Kazigon Part Iii|Kzigaon Part Iii|Kazigaon Pat Iii|Kazigaon Paart Iii
Kedru Pur,village,Alapur | Ambedkarnagar | Uttarpradesh,26.3940,83.0277,1,train,,Kedur Pur|Kodru Pur|Kedrru Pur
Kendua,village,Kanthi | Purba Medinipur | West Bengal,21.9211,87.6794,1,eval,,Knedua|Kenda|Kundua|Kenndua|Keendua|Kenddua
Kerala,state,India,10.5453,76.4457,1,train,,Krala|Kerla|Kerrala|Kerola|Kreala|Kurala|Keala|Keraal
Kesaibahal,village,Kuchinda | Sambalpur | Odisha,21.9202,84.4061,1,train,,Kesaibaal|Keoaibahal|Kesaiabhal
Kesaripur,village,Jaspur | Udham Singh Nagar | Uttarakhand,29.2579,78.9097,1,train,,Ksearipur|Kesaipur|Kesripur
Khabalu F V,village,North Lakhimpur | Lakhimpur | Assam,27.0486,94.1007,1,train,,Khabbalu F V|Khablu F V|Khhabalu F V|Kahbalu F V|Kabalu F V|Khabaalu F V|Khaabalu F V
Khadakohol,village,Trimbakeshwar | Nashik | Maharashtra,20.1537,73.3031,1,eval,,Khaakohol|Kahdakohol|Khadauohol|Khadakool|Kiadakohol|Khadaohol|Khaadkohol
Khadikapada,village,Betanati | Mayurbhanj | Odisha,21.6792,86.9680,1,train,,Khaidkapada|Khadikappada|Khadikaapda|Kadikapada|Khadikaada
Khakhla,village,Sahara | Bhilwara | Rajasthan,25.1523,74.1656,1,train,,Kakhla|Khaklha|Kahkhla|Khhakhla
Khakhsar,village,Tarapur | Anand | Gujarat,22.4358,72.5066,1,train,,Kakhsar|Khakhsaar|Khakshar|Khaksar|Kahkhsar|Khakhasr|Khauhsar
Khalina,village,Jaleswar | Balasore (Baleshwar) | Odisha,21.7320,87.3027,1,train,,Kahlina|Khalnia|Khaliea|Khaina|Khlaina
Khamani,village,Muktainag | Jalgaon | Maharashtra,21.0675,76.1668,1,eval,,Khamni|Khmani|Kaamani|Khammani
Khamarpara,village,Krishnanagar | Nadia | West Bengal,23.4326,88.5569,1,train,,Khamarpra|Khmaarpara|Kahmarpara|Khamarpaara
Khamawada,village,Khanpur | Jhalawar | Rajasthan,24.7807,76.3109,1,train,,Khamaawada|Khamawaua|Khhamawada|Khaawada|Khamaawda|Khammawada|Khamawwada
Khandanali,village,Anugul | Anugul | Odisha,20.7078,85.1782,1,train,,Khandanalli|Khananali|Kandanali|Khadnanali|Kaandanali|Khadanali|Khandanail
Khani Upperli,village,Nurpur | Kangra | Himachal Pradesh,32.3273,75.8175,1,train,,Keani Upperli|Khani Uppelri|Khai Upperli|Khani Uppperli|Khani Upeprli
Khanuwai,village,Shhganj | Jaunpur | Uttarpradesh,26.0913,82.6477,1,eval,,Khaeuwai|Khhanuwai|Khnuwai|Khanuai
Khapa,village,Saoner | Nagpur | Maharashtra,21.2842,79.0835,1,train,,Khaap|Kahpa|Khaa|Khappa|Khhapa|Khpaa
Khark Lizer,village,Purnagiri | Champawat | Uttarakhand,29.1911,80.1430,1,train,,Khark Liizer|Khark Lier|Khark Lizre|Kark Lizer
Kharwa,village,Tarapur | Munger | Bihar,25.1665,86.6309,1,train,,Khawra|Karwa|Khrawa|Khrwa|Khara|Kharrwa
Khatauli Rural,village,Khatoli | Muzaffarnagar | Uttarpradesh,29.2788,77.7391,1,train,,Khataui Rural|Khtaauli Rural|Khatauli Rral|Khatauli Ruarl|Khatauli Rurla|Khaauli Rural|Kahtauli Rural|Khatauli Rurul
Kherli Chandrawat,village,Lachhmangarh | Alwar | Rajasthan,27.4279,76.8960,1,eval,,Kheuli Chandrawat|Khelri Chandrawat|Khherli Chandrawat|Kherli Chadrawat
Kheruwa,village,Damoh | Damoh | Madhya Pradesh,23.9243,79.4254,1,train,,Kheouwa|Kheruwwa|Kheuwa
Khilmapur,village,Jalgaon | Buldhana | Maharashtra,21.1860,76.5078,1,train,,Khillmapur|Khhilmapur|Kihlmapur|Khiilmapur
Khokartale,village,Peint | Nashik | Maharashtra,20.2593,73.4803,1,train,,Khokartlae|Khokatale|Khokarale|Khhokartale|Khokrtale|Khokartae|Khoartale
Kholda,village,Wadasa | Gadchiroli | Maharashtra,20.7072,80.0690,1,train,,Kolda|Khlda|Khollda|Khelda|Khholda
Kholpur,village,Ara Sadar | Bhojpur | Bihar,25.4738,84.7228,1,eval,,Khopur|Kohlpur|Kholpr|Kolpur|Khlpur|Kholpuur|Kholur
Khonhanpur,village,Burhanpur | Azamgarh | Uttarpradesh,26.2899,82.9720,1,train,,Khonhnpur|Keonhanpur|Khonhanpru|Khonhonpur|Khoonhanpur|Kohnhanpur|Khonhanpr
Khonkar,village,Guna | Guna | Madhya Pradesh,24.8103,77.4972,1,train,,Khnokar|Khonkr|Khonkaar
Khori,village,Dev Prayag | Tehri Garhwal | Uttarakhand,30.3249,78.8159,1,train,,Khroi|Khoi|Koori|Kori|Kohri|Khoir|Khhori
Khrauli,village,Lalganj | Azamgarh | Uttarpradesh,25.8638,82.8799,1,train,,Khhrauli|Khruli|Khrauil|Krauli|Khruali|Khraulli
Khubpura,village,Sironj | Vidisha | Madhya Pradesh,24.2415,77.8963,1,eval,,Khubprua|Khubbpura|Khubpra|Khubura
Khudra Dingdingi,village,Barbhag Circle | Nalbari | Assam,26.3679,91.4861,1,train,,Khuda Dingdingi|Khura Dingdingi|Khudra Diingdingi|Khudra Dngdingi
Khumtai Circle,block,Golaghat | Assam,26.6579,93.8627,1,train,,Khemtai Circle|Khumtai Cicle|Khmtai Circle
Kihuni Kala,village,Meza | Prayagraj | Uttarpradesh,25.0591,81.9267,1,train,,Kihuni Kalla|Kihuni Klaa|Kihni Kala|Kihuni Kla|Kihuni Kaa
Kilsevur R.f.,village,Tindivanam | Villupuram | Tamil Nadu,12.2331,79.7342,1,train,,Kisevur R.f.|Kilseuvr R.f.|Kilsevr R.f.|Kilsovur R.f.|Kilsvur R.f.|Kilevur R.f.|Kislevur R.f.|Kilseeur R.f.
Kinaidih,village,Raghunathpur | Puruliya | West Bengal,23.5892,86.7914,1,eval,,Kiaidih|Kinaiidih|Kinaidh|Kinoidih|Knaidih|Kinaidhi|Kinaiih|Kiniadih
Kinshasa,city,Democratic Republic of the Congo,-4.32758,15.31357,0,train,FIH,Kinsahsa|Kinshaas|Kinehasa
Kiribera,village,Puruliya | Puruliya | West Bengal,23.4276,85.9228,1,train,,Kiiribera|Kirbera|Kiribeera|Kiribea|Kiribbera|Kiibera|Kiribear
Kiritbandha,village,Kawardha | Kabirdham | Chhatisgarh,21.9746,81.4576,1,train,,Kirtbandha|Kiribandha|Kiritbanha|Kirtibandha|Kiritandha
Kishunpur Kashinath,village,Nizamabad | Azamgarh | Uttarpradesh,25.9856,83.0417,1,train,,Kishunpur Kashinaath|Ksihunpur Kashinath|Kishunpur Kashhinath|Kishunpur Kasshinath|Kishunpru Kashinath|Kishunpur Kashiath|Kishunpur Kashinth
Kmarkuchi,village,Barbhag Circle | Nalbari | Assam,26.3648,91.4933,1,eval,,Kmarkechi|Kmarkcuhi|Kmarkucchi|Kmarkuhci|Kearkuchi|Kmarkuuhi|Kmrkuchi
Koara,village,Shimla | Shimla | Himachal Pradesh,31.0637,77.2286,1,train,,Koarra|Koaara|Koaar
Kohima,district,Nagaland,25.7699,94.1211,1,train,KHM,Koohima|Khoima|Koihma|Kohmia|Kohiima|Kohia
Kolhapur,district,Maharashtra,16.4616,74.0898,1,train,KLP,Klhapur|Klohapur|Kolhaiur
Kolinaickampatti,village,Uttangarai | Krishnagiri | Tamil Nadu,12.2307,78.4188,1,train,,Koliaickampatti|Kolinaickampati|Kolinaickmpatti|Koinaickampatti|Koilnaickampatti|Kolianickampatti|Koliinaickampatti
Kollur,village,Banswada | Kamareddy | Telangana,18.4061,77.8477,1,eval,,Klolur|Kollr|Kollor|Kolulr|Kollru|Kolur|Kolluur
Konardihi,village,Durgapur | Paschim Barddhaman | West Bengal,23.6723,87.2670,1,train,,Konradihi|Konadrihi|Konardiih|Konardihhi|Konardiii|Konaridhi
Konijerla,block,Khammam | Telangana,17.2287,80.3076,1,train,,Koniijerla|Konierla|Konijrla|Konijeola|Konijelra|Koinjerla|Konijela|Konjerla
Kopaganj,village,Mau | Mau | Uttarpradesh,26.0070,83.5883,1,train,,Kopagannj|Kopaagnj|Kopauanj|Kopagajn|Kopganj|Koopaganj|Kpaganj
Kotda,village,Khilchipur | Rajgarh | Madhya Pradesh,24.0747,76.5729,1,train,,Kotdda|Kota|Ktoda
Kothur,village,Natrampalli | Tiruppattur | Tamil Nadu,12.6035,78.4455,1,eval,,Ktohur|Kothru|Kotur|Kotthur|Kothr|Kthur
Kotpad,block,Koraput | Odisha,19.0686,82.3409,1,train,,Ktopad|Kotppad|Kootpad|Koptad
Kotputli,block,Jaipur | Rajasthan,27.6739,76.1215,1,train,,Kotpuli|Ktoputli|Kotputil|Koptutli
Kouthalam,block,Kurnool | Andhra Pradesh,15.8055,77.1301,1,train,,Kouthaaam|Kiuthalam|Kouthaalm
Kowthavari Agraharam,village,Jaggayyapeta | Krishna | Andhra Pradesh,16.8639,80.0951,1,train,,Kowthavari Agrraharam|Kowthaavari Agraharam|Kowthavai Agraharam|Kowthavari Agraaharam|Kowthvari Agraharam|Kowthavari Aaraharam
Kubai Kata Gaon,village,Dhing Circle | Nagaon | Assam,26.3878,92.5243,1,eval,,Kubai Ktaa Gaon|Kubai Kata Gano|Kubai Kata Gaaon|Kubai Kata Gon|Kuoai Kata Gaon|Kbai Kata Gaon
Kuchaura Gangbarar,village,Gazipur | Gazipur | Uttarpradesh,25.4465,83.4616,1,train,,Kuchaura Gungbarar|Kucchaura Gangbarar|Kuchauar Gangbarar|Kuhcaura Gangbarar|Kuchara Gangbarar|Kuchaua Gangbarar
Kukda,village,Muli | Surendranagar | Gujarat,22.6717,71.5178,1,train,,Kukea|Kukua|Kkda|Kuka|Kkuda|Kukkda
Kulattur,village,Arantangi | Pudukkottai | Tamil Nadu,10.1791,78.9528,1,train,,Kilattur|Kulattru|Kulattuur|Kulattr|Kulatutr|Kultatur
Kuldiha,village,Bahalda | Mayurbhanj | Odisha,22.4666,86.1674,1,train,,Kudliha|Kuldiua|Kludiha|Kudiha|Kuldhia|Kldiha|Kuldiiha|Kuldha
Kulerbahali,village,Balangir | Bolangir (Balangir) | Odisha,20.7644,83.5409,1,eval,,Kulerbhaali|Kulrbahali|Kulerbhali|Kulerbahail|Klerbahali|Kuleerbahali
Kulgarhi,village,Unchahra | Satna | Madhya Pradesh,24.5352,80.7109,1,train,,Kulgarhhi|Kulgerhi|Kulgurhi|Kuulgarhi|Klugarhi|Kugarhi
Kumarpur,village,Kakdwip | South Twenty-Four Parganas | West Bengal,21.8516,88.4097,1,train,,Kumrpur|Kuumarpur|Kumrapur
Kumasi,city,Ghana,6.68848,-1.62443,0,train,KMS,Kuasi|Kumai|Kumassi|Kumaasi|Kuuasi|Kmuasi|Kumesi
Kumbhara,village,Botad | Botad | Gujarat,22.2314,71.5197,1,train,,Kumbharra|Kumbhaar|Kumbhra|Kumbhaa|Kubhara
Kummakkadu,village,Arantangi | Pudukkottai | Tamil Nadu,10.1829,79.0369,1,eval,,Kuemakkadu|Kummaakkadu|Kummakakdu|Kumakkadu|Kummakadu
Kundra,village,Hemagiri | Sundargarh | Odisha,22.0387,83.8330,1,train,,Kudra|Kunra|Kudnra|Kunndra|Kunda|Kunrda|Kundar|Kuundra
Kungayi,village,Domariyaganj | Siddharthnagar | Uttarpradesh,27.2469,82.6806,1,train,,Kungyai|Kuugayi|Kungaiy
Kuraljoria,village,Nala | Jamtara | Jharkhand,23.8927,87.0891,1,train,,Krualjoria|Kurraljoria|Kurajloria
Kurod,village,Deogarh | Deogarh | Odisha,21.5163,84.6957,1,train,,Kurrod|Kruod|Krod|Kuod|Kurdo|Kurd|Kuiod
Kurumberi,village,Thiruvarur | Thiruvarur | Tamil Nadu,10.8263,79.7241,1,eval,,Kruumberi|Krumberi|Kurumbri|Kurmuberi|Kuruberi|Kurumbrei
Kuttadi,village,Ulundurpettai | Kallakkurichi | Tamil Nadu,11.7060,79.3882,1,train,,Kttadi|Kutatdi|Kutttadi|Kuttaai|Kutaadi|Kutadi|Kuttdi
Kuwait,country,,29.3117,47.4818,0,train,,Kuwaet|Kuwat|Kuwaait|Kuawit|Kuwaiit|Kwuait|Kuwit
Kyiv,city,Ukraine,50.45466,30.5238,0,train,IEV,Koiv|Kyyiv|Kiyv|Kiv
Lachhmangarh,block,Sikar | Rajasthan,27.7233,74.8812,1,train,,Lachhmangrah|Lcahhmangarh|Lachhmangah|Lahhmangarh|Lachhmagnarh|Lachhmanaarh|Lachhmmangarh
Lad Bharol,block,Mandi | Himachal Pradesh,31.9515,76.7311,1,eval,,Lad Bharl|Lad Bhaorl|Lad Barol
Ladakh,state,India,34.7109,77.3633,1,train,LA,Laakh|Ladkah|Ldakh|Ladah|Ldaakh|Ladahk
Ladi Angan,village,Rafiabad | Baramula | Jammu And Kashmir,34.2286,74.2796,1,train,,Laddi Angan|Ladi Anagn|Ldai Angan
Lagos,city,Nigeria,6.45407,3.39467,0,train,LOS,Lags|Laos|Lagso|Lgos
Lahore,city,Pakistan,31.558,74.35071,0,train,LHE,Lahoie|Lahre|Lhore|Lahorre|Lahroe|Lahoae
Lakhnadon,block,Seoni | Madhya Pradesh,22.6092,79.5792,1,eval,,Lakhnauon|Laihnadon|Lakhndon|Likhnadon
Lakshadweep,state,India,10.0738,73.6414,1,train,LKS|LWP,Lakshaadweep|Lakhadweep|Lakshadweeep|Lkshadweep|Lakshawdeep
Lalpura,village,Barh | Patna | Bihar,25.3177,85.7793,1,train,,Lalura|Laalpura|Laloura|Lapura|Lalpuar|Lalpra
Lalukita Kishunpur Pipra,village,Kahalgaon | Bhagalpur | Bihar,25.2694,87.3080,1,train,,Lalukita Kishunpur Pipua|Lalukita Kishunpur Ppra|Lalukita Kisuhnpur Pipra|Llaukita Kishunpur Pipra|Lalukita Kishunpur Pippra|Laluktia Kishunpur Pipra
Laram Jangi Pora,village,Kulgam | Kulgam | Jammu And Kashmir,33.7276,75.1039,1,train,,Larm Jangi Pora|Laram Janngi Pora|Laram Jangi Porra|Laram Jagni Pora|Laram Jani Pora|Laram Jngi Pora
Laro,village,Pulwama | Pulwama | Jammu And Kashmir,33.9504,74.9106,1,eval,,Lro|Laor|Luro
Lasoodlya Pata,village,Narsinghgarh | Rajgarh | Madhya Pradesh,23.6504,76.9660,1,train,,Lasoodlya Pta|Lasoodlya Paea|Lasoodlya Paua|Lasaodlya Pata|Lasoodlya Patta|Lasoodya Pata|Lasoodlya Paat
Lauhra,village,Karauli | Karauli | Rajasthan,26.2995,76.8878,1,train,,Laura|Luhra|Lahra|Lauhar|Lahura|Laurha|Laauhra
Lawngtlai,district,Mizoram,22.3677,92.7364,1,train,LWN,Lawngtali|Lawngtli|Lawngtai|Lawgtlai|Lawngtuai|Lawntglai|Lwangtlai
Lesligunj,block,Palamu | Jharkhand,24.0374,84.2179,1,train,,Losligunj|Lesliigunj|Leslignuj
Lima,city,Peru,-12.04318,-77.02824,0,eval,LIM,Lama|Lia|Lma|Liima|Liam|Lmia|Liua
Lodia English,village,Lakhisarai | Lakhisarai | Bihar,25.2148,86.1127,1,train,,Lodia Engilsh|Lidia English|Lodia Engish
Lonar,block,Buldhana | Maharashtra,19.9855,76.4964,1,train,,Lnoar|Linar|Lonra|Louar|Loanr|Lanar|Loonar|Lnar
Londa,village,Lakhnadon | Seoni | Madhya Pradesh,22.9275,79.6026,1,train,,Lonnda|Loda|Lnoda|Lona|Loonda|Lenda
London,city,United Kingdom,51.50853,-0.12574,0,train,LON,Loedon|Lonion|Londdon
Los Angeles,city,United States,34.05223,-118.24368,0,eval,LA|LAX,Los Angels|Los Angees|Los Aageles|Los Aogeles
Lowahi Pora,village,Khag | Badgam | Jammu And Kashmir,33.9702,74.4967,1,train,,Lwoahi Pora|Lwahi Pora|Lowahi Proa|Lowahi Poar|Lowahi Poa|Lowhi Pora
Luanda,city,Angola,-8.83682,13.23432,0,train,LAD,Luanad|Luadna|Lunada
Lunhera,village,Dhar | Dhar | Madhya Pradesh,22.4536,75.4217,1,train,,Lnuhera|Luhnera|Lunhra|Lunherra|Luneera|Luihera|Lnhera
Madani,village,Jamner | Jalgaon | Maharashtra,20.6522,75.8707,1,train,,Maadani|Madai|Maani|Madain|Mudani|Maadni
Madarpur,village,Laksar | Haridwar | Uttarakhand,29.6611,77.9932,1,eval,,Mdaarpur|Madapur|Madarppur|Maadrpur|Madareur
Madhaiganj,village,Durgapur | Paschim Barddhaman | West Bengal,23.6540,87.3410,1,train,,Mdahaiganj|Mauhaiganj|Madhaganj|Madhaigaaj|Modhaiganj|Madhaiagnj
Madhya Pradesh,state,India,23.9700,79.3963,1,train,MP,Madhya Pradessh|Madhya Prradesh|Madhay Pradesh|Madhya Praoesh
Madrid,city,Spain,40.4165,-3.70256,0,train,MAD,Madid|Maddrid|Madrdi
Madurai South,block,Madurai | Tamil Nadu,9.8373,78.1076,1,train,,Madurai Soutth|Madurai Souht|Maduari South|Madorai South|Madurai Sotuh|Maadurai South|Madurei South|Madrai South
Magur Jan Milik,village,Dhamdaha | Purnia | Bihar,25.8421,87.1661,1,eval,,Maguur Jan Milik|Magur Jan Miik|Magur Jan Mliik|Magur Jan Miilik|Maur Jan Milik|Mgaur Jan Milik
Magura,village,Hugli | Hugli | West Bengal,23.1184,88.2790,1,train,,Maugra|Magrua|Maguar
Mahadih,village,Narayanpur | Jamtara | Jharkhand,24.1003,86.5556,1,train,,Mahdih|Mhaadih|Mahaih|Mahedih|Mahaadih|Mahhadih|Mhadih
Mahadwadi,village,Chimur | Chandrapur | Maharashtra,20.4115,79.4903,1,train,,Mahadwdi|Mahhadwadi|Mahawadi|Mahadwai
Mahalmirya Dongar,village,Pen | Raygad | Maharashtra,18.6830,73.1501,1,train,,Mahalmirya Dnogar|Mahalmurya Dongar|Maualmirya Dongar|Mahalmrya Dongar|Maalmirya Dongar|Mahalmriya Dongar|Mahalmirya Donggar|Mahalmirya Donar
Mahamadpur Pt Ii,village,Karimganj | Karimganj | Assam,24.7328,92.5078,1,eval,,Mhaamadpur Pt Ii|Mahmadpur Pt Ii|Mahamadpr Pt Ii|Mahamdpur Pt Ii|Mahamdapur Pt Ii|Mahamadppur Pt Ii|Mahaamdpur Pt Ii
Maharaja,village,Jagdishpur | Bhojpur | Bihar,25.6156,84.3814,1,train,,Maharajja|Mhaaraja|Mahraja|Maharraja|Mahaaja|Maaraja|Mahharaja|Maharaa
Maharashtra,state,India,18.8192,75.4131,1,train,,Mhaarashtra|Mahrashtra|Mahharashtra|Maherashtra|Maharasthra|Maharasutra
Maheshliti,village,Pathargama | Godda | Jharkhand,24.9733,87.2341,1,train,,Maheshlliti|Maheshiti|Maheshhliti|Maehshliti|Mahehliti|Maheshlii|Maheshltii|Mahesheiti
Mahulani,village,Naugarh | Siddharthnagar | Uttarpradesh,27.2343,83.0824,1,train,,Mahulni|Mahulai|Mahulnai|Mahlani|Mahluani
Mahuva,block,Bhavnagar | Gujarat,21.2044,71.7735,1,eval,,Mahua|Mahova|Mauva|Maeuva|Maahuva
Mahuwan,village,Isagarh | Ashoknagar | Madhya Pradesh,24.9154,77.8698,1,train,,Maahuwan|Mahuwn|Mahiwan|Mahuwwan|Mahuwaan|Mauhwan|Mahuwna|Mahuan
Maina Bhagar,village,Gorakhpur | Gorakhpur | Uttarpradesh,26.8159,83.2730,1,train,,Maina Bagar|Maina Bhgar|Maian Bhagar|Mainna Bhagar
Mainpuri,block,Mainpuri | Uttarpradesh,27.2710,78.8774,1,train,MPR,Manipuri|Mainprui|Maiinpuri|Mainpri|Mainpuir|Mainuuri|Mainnpuri
Maira Dhaj,village,Dhing Circle | Nagaon | Assam,26.3819,92.4632,1,train,,Maira Daj|Maiira Dhaj|Maira Dhja|Maiua Dhaj|Maia Dhaj|Mara Dhaj|Maaira Dhaj
Mairi,village,Nichlaul | Maharajganj | Uttarpradesh,27.3614,83.7017,1,eval,,Mairri|Maiii|Maii|Maiir|Maairi|Miari|Mari|Miri
Majha Mahripur,village,Tanda | Ambedkarnagar | Uttarpradesh,26.5979,82.6105,1,train,,Majha Mahaipur|Majha Mahrpiur|Majha Marhipur|Majha Mahhripur|Majah Mahripur|Maha Mahripur|Mjha Mahripur
Majurnach,village,Kathikund | Dumka | Jharkhand,24.4468,87.3690,1,train,,Majurach|Majrunach|Majunach|Mjurnach|Majurrnach
Makhdumpur,village,Arwal | Arwal | Bihar,25.1009,84.8118,1,train,,Makhumpur|Mahdumpur|Makhdumpr
Malaysia,country,,3.9951,102.0618,0,train,,Maalysia|Mlaaysia|Malayuia|Malayysia|Malasyia|Malasia|Malayisa
Malegaon,block,Nashik | Maharashtra,20.5886,74.5614,1,eval,,Maegaon|Malgaon|Maleeaon|Maleegaon|Maleaon|Malegaaon
Malhawani,village,Pichhor | Shivpuri | Madhya Pradesh,25.1927,78.0645,1,train,,Malhaweni|Maalhawani|Malhawni|Malhwani|Malhawai|Malhawain|Malahwani
Malhipur,village,Saidpur | Gazipur | Uttarpradesh,25.5504,83.2167,1,train,,Malhiur|Malipur|Malhhipur|Malhiipur
Maliyanata,village,Golmuri | East Singhbhum | Jharkhand,22.7475,86.3186,1,train,,Maloyanata|Maliyaata|Mlaiyanata|Maliynaata|Malyanata|Maliyanta|Maliiyanata|Maliyanaa
Mamidipalle,village,Kottur | Rangareddy | Telangana,17.1505,78.1923,1,train,,Mammidipalle|Mamidipaalle|Mamidpalle|Mamidiualle|Mamdipalle|Mamidpialle|Mamiaipalle
Mamit,block,Mamit | Mizoram,23.9340,92.5222,1,eval,MMT,Mamti|Maamit|Mamet|Maimt|Mamt|Mmit
Mampur,village,Ramnagar | Barabanki | Uttarpradesh,27.1103,81.3192,1,train,,Mapur|Maampur|Mammpur|Mampru|Mmapur|Mumpur|Mmpur|Mampr
Mamsha Patti,village,Burhanpur | Azamgarh | Uttarpradesh,26.3305,82.9278,1,train,,Mmsha Patti|Mamsah Patti|Mamsha Pattti
Manaki,village,Kumta | Uttara Kannada | Karnataka,14.4340,74.4435,1,train,,Mnaki|Manoki|Manaik|Maanki|Menaki
Manchanahalli,village,Krishnaraja Nagar | Mysuru | Karnataka,12.5181,76.4063,1,train,,Manchhanahalli|Manhanahalli|Macnhanahalli|Manchanahalil|Manchanahhalli|Mnachanahalli|Manchnahalli
Mandaria,village,Paschim Medinipur Sadar | Paschim Medinipur | West Bengal,22.4730,87.4515,1,eval,,Maandaria|Mnadaria|Madnaria|Mandara|Mandria|Manearia|Mandarai
Manegaon,village,Garhakota | Sagar | Madhya Pradesh,23.6034,79.2904,1,train,,Manegano|Manegan|Mangaon|Minegaon
Mangalvedhe,block,Solapur | Maharashtra,17.4025,75.4596,1,train,,Mangalvidhe|Mangalvedeh|Managlvedhe|Maangalvedhe|Mangalvedhhe
Manhari,village,Mayur Hand | Chatra | Jharkhand,24.2784,85.3027,1,train,,Manhaei|Mannhari|Mahari
Manikpara,village,Raiganj | Uttar Dinajpur | West Bengal,25.7653,88.2445,1,train,,Menikpara|Manikara|Manikppara|Maaikpara|Manipara|Manikpra|Mankipara|Manipkara
Manikpura,village,Jamtara | Jamtara | Jharkhand,24.0240,86.8230,1,eval,,Maniupura|Manikpra|Maikpura|Munikpura|Maanikpura|Mankipura
Manipur,state,India,24.7565,93.8600,1,train,MN,Manipuur|Manpur|Manpiur|Manupur|Maniper
Mankapur,block,Gonda | Uttarpradesh,27.0316,82.3729,1,train,,Manapur|Mnakapur|Maneapur|Maekapur
Manki,village,Garot | Mandsaur | Madhya Pradesh,24.2700,75.6708,1,train,,Maki|Makni|Mani|Mankki|Maanki|Mnaki|Mnki
Manuddinpur,village,Phulpur | Azamgarh | Uttarpradesh,26.2233,82.7314,1,train,,Mauddinpur|Manuddinpuur|Mannuddinpur|Manudidnpur|Manudinpur|Manddinpur
Maqsudpur,village,Bholath | Kapurthala | Punjab,31.5879,75.4774,1,eval,,Maqsupur|Maqsdpur|Masudpur|Maqudpur|Maaqsudpur
Marhari,village,Campierganj | Gorakhpur | Uttarpradesh,27.0866,83.1727,1,train,,Mrhari|Maehari|Marari|Marhair
Mariahu,block,Jaunpur | Uttarpradesh,25.5559,82.5772,1,train,,Marihau|Mariau|Marahu
Marpalli,block,Vikarabad | Telangana,17.5430,77.7944,1,train,MRF,Marplali|Maralli|Mrapalli
Marshall Islands,state,United States,6.0361,171.9546,0,train,,Marshall Isalnds|Marshall Iolands|Masrhall Islands|Mashall Islands
Maryland,state,United States,38.8184,-76.7522,0,eval,,Maryand|Mayland|Marylnad|Marryland|Mrayland|Mryland
Mashaldaha,village,Chanchal | Maldah | West Bengal,25.3234,87.9272,1,train,,Mashaldhaa|Mashaaldaha|Mashladaha|Mashalduha|Mshaldaha|Mahsaldaha
Maslandapur,village,Chanchal | Maldah | West Bengal,25.3702,87.9571,1,train,,Maslndapur|Maslanndapur|Maslandappur|Maaslandapur|Masuandapur|Maslanddapur|Maslaandapur|Mslandapur
Matanhale,block,Jhajjar | Haryana,28.5323,76.4486,1,train,,Matnhale|Matanale|Maoanhale|Maatanhale|Matanahle
Matihania Khurd,village,Padrauna | Kushinagar | Uttarpradesh,26.8597,83.9801,1,train,,Matihania Khurrd|Matihania Khrud|Matihaania Khurd
Matka Viran,village,Jansath | Muzaffarnagar | Uttarpradesh,29.3440,77.8640,1,eval,,Matoa Viran|Mattka Viran|Matka Vioan|Matka Vrian|Matka Virn|Mata Viran
Maunath Bhanjan,village,Mau | Mau | Uttarpradesh,25.9367,83.5703,1,train,,Mauath Bhanjan|Manuath Bhanjan|Manath Bhanjan|Maunath Bhanjjan|Maunath Bhajan|Maunath Bhhanjan
Maurabandhi,village,Chakulia | East Singhbhum | Jharkhand,22.3977,86.8399,1,train,,Maurabanddhi|Maurabadhi|Mauurabandhi|Maurbandhi|Maurabanahi|Mauabandhi|Maurabandhhi|Maurabandi
Mauritius,country,,-20.2579,57.5824,0,train,,Mauritiius|Maauritius|Mauritis|Mauritus|Maurtiius|Maurituis
Mayur Vihar,block,East | Delhi,28.6145,77.3113,1,train,,Maur Vihar|Mauyr Vihar|Mayur Vihhar|Mayyur Vihar|Mayur Vihaar
Medakpalle,village,Talakondapalli | Rangareddy | Telangana,16.8290,78.4267,1,eval,,Medakppalle|Meedakpalle|Medakalle|Meakpalle|Medakpalie|Mdeakpalle|Medaapalle|Medakpolle
Medaveedu,village,Madugula | Vishakhapatnam | Andhra Pradesh,17.8908,82.6895,1,train,,Medaevedu|Medaviedu|Medaeedu|Meddaveedu|Meedaveedu|Mdeaveedu
Meghalaya,state,India,25.5639,91.2419,1,train,ML,Meihalaya|Meghallaya|Megahlaya
Melbourne,city,Australia,-37.814,144.96332,0,train,MEL,Mlebourne|Melboure|Melourne|Melbuorne|Melbuurne|Melburne
Mendoza,state,Argentina,-34.7544,-68.4720,0,train,,Menndoza|Mendoa|Mednoza|Meendoza|Mendoaz|Mendoia|Mendooza
Meod Begamwali,village,Tohana | Fatehabad | Haryana,29.7370,75.7545,1,eval,,Meod Begamali|Med Begamwali|Mod Begamwali|Meood Begamwali|Meod Bgamwali
Merakamudidam,block,Vizianagaram | Andhra Pradesh,18.3828,83.4771,1,train,,Merakamudiadm|Merakkamudidam|Merakamuddam|Merakimudidam|Merakamudidaam|Merakamduidam
Mexico City,city,Mexico,19.42847,-99.12766,0,train,MEX,Mexico Cty|Mexcio City|Mexico Ctiy|Mexco City
Mighaul,village,Jalalabad | Shahjahanpur | Uttarpradesh,27.4912,79.7240,1,train,,Mighal|Mighul|Migahul|Migghaul
Minache Kh.,village,Bhudargad | Kolhapur | Maharashtra,16.3392,74.1236,1,train,,Miache Kh.|Minahce Kh.|Minnache Kh.|Minahe Kh.|Mincahe Kh.|Mianche Kh.|Minaceh Kh.|Mnache Kh.
Mirma Chak,village,Naugachhia | Bhagalpur | Bihar,25.4565,86.9216,1,eval,,Mirmma Chak|Mirma Cak|Mirma Chaak|Mirrma Chak|Mrma Chak|Murma Chak
Mississippi,state,United States,32.5852,-89.7088,0,train,,Mississpipi|Misssisippi|Misisssippi|Miseissippi|Mississppi|Msisissippi|Missisippi|Missiseippi
Missouri,state,United States,38.3083,-92.4923,0,train,,Missouir|Msisouri|Misouri|Misseuri|Missuri|Missoui|Mssouri
Mithwal Buzurg,village,Bansi | Siddharthnagar | Uttarpradesh,27.1482,82.8544,1,train,,Mithwal Buurg|Mithal Buzurg|Mithhwal Buzurg|Mithwal Buuzrg|Mithwal Bzuurg|Mithwal Buuzurg|Mithwal Buzug|Mtihwal Buzurg
Mizoram,state,India,23.2306,92.8680,1,train,MZ,Mzoram|Mizorma|Mizram|Miizoram|Mizoraam|Mizoarm|Mioram
Moddar,village,Kutiyana | Porbandar | Gujarat,21.5526,69.9839,1,eval,,Mdodar|Moddra|Meddar|Modar|Mddar|Modddar
Mogadishu,city,Somalia,2.03711,45.34375,0,train,MGQ,Mogadushu|Mogadshu|Mogadishhu|Moadishu|Mogadihu|Mogaidshu
Mogalipuram,village,Sabbavaram | Vishakhapatnam | Andhra Pradesh,17.8278,83.1502,1,train,,Mogalipuuram|Mogalipurram|Mogalipram|Mogallipuram
Mogolpatna,village,Cuttack | Cuttack | Odisha,20.5934,86.2019,1,train,,Megolpatna|Mogolpataa|Mogolppatna|Moogolpatna|Mogolpata|Mooglpatna|Mogolpana|Mogolatna
Moh Gaon,village,Purwa | Unnao | Uttarpradesh,26.4130,80.9801,1,train,,Moh Gion|Moh Gon|Moh Gan|Moh Gano|Moh Guon|Moh Gaan|Moh Goan|Moh Goon
Mohamad Urf Jhinwarheri,village,Haridwar | Haridwar | Uttarakhand,29.8150,78.0086,1,eval,,Mohamad Urf Jhinwarhrei|Mohaad Urf Jhinwarheri|Mohamd Urf Jhinwarheri|Mohamad Urf Jhenwarheri|Mohaead Urf Jhinwarheri|Mohamad Urf Juinwarheri
Mohmmadpur Rajapur,village,Jaspur | Udham Singh Nagar | Uttarakhand,29.3001,78.7239,1,train,,Mohmmaddpur Rajapur|Mohmmdpur Rajapur|Mohmmadpur Rajpur
Mohni Khurd,village,Sitamarhi | Sitamarhi | Bihar,26.6745,85.3950,1,train,,Moni Khurd|Mohni Kurd|Mohni Khud|Mohin Khurd
Mokha Ka Tonk,village,Arnod | Pratapgarh | Rajasthan,23.7757,74.7784,1,train,,Mokha Ka Tok|Mokhha Ka Tonk|Mookha Ka Tonk|Mohka Ka Tonk|Moka Ka Tonk
Moltha,village,Pauri | Pauri Garhwal | Uttarakhand,30.1068,78.8749,1,train,,Mlotha|Molthha|Molltha|Mltha|Motha|Molha|Moltah
Moolathara,village,Chittur | Palakkad | Kerala,10.6533,76.8501,1,eval,,Moolathaa|Mooltahara|Miolathara|Moolthara|Moolathra|Moolathaar|Mooathara
Morasapalli,village,Pernambut | Vellore | Tamil Nadu,12.9500,78.7899,1,train,,Morasapali|Morsapalli|Morassapalli|Morasapaalli|Morasaplali|Mroasapalli|Morasepalli
Mordana R.f.,village,Pernambut | Vellore | Tamil Nadu,13.0290,78.7363,1,train,,Morddana R.f.|Moodana R.f.|Mordna R.f.|Mordaa R.f.
Morocco,country,,28.4326,-10.0222,0,train,,Moroccco|Moorcco|Moroocco
Moscow,city,Russia,55.75204,37.61781,0,train,MOW,Mosoow|Moscwo|Mocow|Mscow|Mosocw
Motlapalle,village,Mogullapalli | Jayashankar Bhupalapally | Telangana,18.2916,79.5753,1,eval,,Motapalle|Motalpalle|Motllapalle|Motlapale|Moltapalle|Mottlapalle|Motlpaalle|Mtolapalle
Muhali Buzurg,village,Khurai | Sagar | Madhya Pradesh,24.0666,78.3351,1,train,,Muhali Buzrg|Muhlai Buzurg|Muhail Buzurg
Mulle,village,Antagarh | Uttar Bastar Kanker | Chhatisgarh,19.8696,81.3724,1,train,,Muulle|Mule|Mullle|Malle|Mlule|Mlle|Mulee|Mulel
Mundakata,village,Kuchinda | Sambalpur | Odisha,21.9257,84.4703,1,train,,Mnudakata|Mindakata|Mundakta|Mudnakata|Mudakata|Mundaktaa|Mundkata|Munndakata
Mundla Chawal,village,Begamganj | Raisen | Madhya Pradesh,23.5617,78.2783,1,train,,Mondla Chawal|Mundla Chuwal|Mundla Chwal|Munla Chawal|Mundla Chaawal|Munlda Chawal|Mundla Chawwal|Mundal Chawal
Mungaha,village,Chorhat | Sidhi | Madhya Pradesh,24.4995,81.9431,1,eval,,Munngaha|Mungaoa|Munagha|Mungaia
Murkudoh,village,Salekasa | Gondia | Maharashtra,21.3188,80.6579,1,train,,Murkuddoh|Murkudh|Mrukudoh|Merkudoh|Murrkudoh|Mukudoh|Muurkudoh
Muzaffarpur,district,Bihar,26.1484,85.3312,1,train,MUZ,Muzafarpur|Muzaffrapur|Muazffarpur|Muzaaffarpur
Nabha,block,Patiala | Punjab,30.4294,76.1836,1,train,,Nbaha|Nabbha|Nahba|Nabah|Naba|Naabha
Nadri,village,Kalol | Gandhinagar | Gujarat,23.3606,72.6044,1,train,,Nardi|Ndari|Naddri|Nadi|Naari|Nari
Nagaland,state,India,26.1155,94.5545,1,eval,,Naaland|Naagland|Nagalad
Nagapattinam,block,Nagapattinam | Tamil Nadu,10.8074,79.8245,1,train,NPM,Nagapautinam|Nagapatinam|Nagapattinm|Nagapattiam|Nigapattinam|Nagapattinnam
Nagla Badripur,village,Dig | Bharatpur | Rajasthan,27.5299,77.3291,1,train,,Nagla Baddripur|Nagla Badripru|Ngala Badripur|Ngla Badripur|Negla Badripur|Nalga Badripur|Nagua Badripur
Nagla Bohra,village,Mathura | Mathura | Uttarpradesh,27.4810,77.6255,1,train,,Nagla Bora|Naga Bohra|Nagla Bohar|Ngala Bohra|Nagla Boha|Nagla Bohua|Nalga Bohra
Nagla Harsukha,village,Dig | Bharatpur | Rajasthan,27.5764,77.3325,1,train,,Nagla Harsuhka|Nalga Harsukha|Nagla Haruskha|Naagla Harsukha|Nagla Harsuha|Nagla Harskha|Nagal Harsukha
Nagoya,city,Japan,35.18147,136.90641,0,eval,NGO,Ngoya|Naggoya|Nagyoa|Nagaya|Nagya|Ngaoya
Naharwal,village,Ramnagar | Barabanki | Uttarpradesh,27.0980,81.3185,1,train,,Naahrwal|Nahorwal|Nahurwal|Naarwal
Nairobi,city,Kenya,-1.28333,36.81667,0,train,NBO,Naiorbi|Niirobi|Nariobi
Nalajhar,village,Makri | Kondagaon | Chhatisgarh,19.8111,81.6904,1,train,,Nalajar|Naaljhar|Nlajhar|Nalahar|Nlaajhar|Nalajahr
Nandalur,block,Y S R Kadapa | Andhra Pradesh,14.3315,79.2109,1,train,,Nanalur|Nanddalur|Nandalar|Nndalur|Nnadalur|Nandilur|Nandalru
Nandor,village,Sagwara | Dungarpur | Rajasthan,23.6751,73.9609,1,eval,,Nandr|Naandor|Nandoor|Nanor|Nnador|Nadnor
Nangla,village,Bankura | Bankura | West Bengal,23.3704,86.9888,1,train,,Nngla|Naangla|Nanola
Nannurupadu,village,Addanki | Prakasam | Andhra Pradesh,15.7450,79.9331,1,train,,Nannuupadu|Nannnurupadu|Nannuurupadu|Nanurupadu
Nao Para,village,Chandannagar | Hugli | West Bengal,22.8144,88.0444,1,train,,Nao Parra|Nao Praa|Nao Pra
Naraina,village,Chalkusha | Hazaribagh | Jharkhand,24.2818,85.7883,1,train,,Nraaina|Naraia|Naiaina|Nariana|Naaina|Naraona|Narina|Naraiaa
Naran Khera,village,Raipur | Bhilwara | Rajasthan,25.3593,74.2813,1,eval,,Naran Kehra|Naran Kuera|Narna Khera|Naran Khra|Naran Khea|Nran Khera
Naranda,village,Jhabua | Jhabua | Madhya Pradesh,22.8944,74.7278,1,train,,Nraanda|Naarnda|Naranad|Narnda|Narnada|Naaranda
Narsinghpura,village,Digod | Kota | Rajasthan,25.4657,76.2647,1,train,,Narsighpura|Narsiughpura|Narsinhpura|Naruinghpura
Nauli,village,Basti | Basti | Uttarpradesh,26.6707,82.6899,1,train,,Nuali|Naui|Nauil|Nalui|Nuli|Nauuli
Nauna,village,Kosiyakutoli | Nainital | Uttarakhand,29.4949,79.4721,1,train,,Nauaa|Nana|Naua|Nuna|Nuana|Naauna
Navapur,block,Nandurbar | Maharashtra,21.1798,73.9465,1,eval,,Navpaur|Nvapur|Naavapur|Navipur
Navsari,district,Gujarat,20.8271,73.0334,1,train,NVS,Navsai|Naavsari|Navsrai
Nayanagar,village,Begamganj | Raisen | Madhya Pradesh,23.6297,78.4914,1,train,,Nayangaar|Nayanagaar|Nayangar|Nayannagar|Nayaagar|Nayaaagar|Naaynagar|Nayanagr
Naysatra,village,Srijangram Circle | Bongaigaon | Assam,26.3090,90.6929,1,train,,Nyasatra|Nayssatra|Nysatra|Naysata|Naystra
Neapur,village,Aurangabad | Aurangabad | Bihar,24.6829,84.4140,1,train,,Napur|Neapr|Neapuur|Neeapur|Neaur|Neapru
Nebraska,state,United States,41.5012,-100.0275,0,eval,,Nebrasska|Nebraksa|Nbraska|Nberaska|Nerbaska
Neelgarh Mal,village,Harda | Harda | Madhya Pradesh,22.3519,76.9944,1,train,,Neelarh Mal|Nelegarh Mal|Neelgahr Mal|Neeelgarh Mal|Neelgrah Mal|Neelgrh Mal|Neegarh Mal|Nelgarh Mal
Neemba,village,Jaisalmer | Jaisalmer | Rajasthan,26.7289,70.5703,1,train,,Neembba|Neeemba|Nemba|Neeba|Neemua|Neeuba
Nekkundhi,village,Nallampalli | Dharmapuri | Tamil Nadu,12.0773,78.0080,1,train,,Nekkundoi|Nekkundih|Nekkkundhi|Nekkunehi|Nekkunhi|Nekundhi
Nellurkembraje,village,Sulya | Dakshina Kannada | Karnataka,12.5793,75.4693,1,train,,Nellurkebmraje|Nellukrembraje|Nellurkembaje|Nellurkembbraje|Nellurkeabraje
Neora,village,Mal | Jalpaiguri | West Bengal,26.7423,88.7384,1,eval,,Noera|Nera|Neura
Neurhawa,village,Bhatpar Rani | Deoria | Uttarpradesh,26.3458,84.1284,1,train,,Nurhawa|Neuhrawa|Neurhaaw|Neuhawa
New Taipei City,city,Taiwan,25.06199,121.45703,0,train,,New Taipei Cty|New Taipei Citty|New Taiipei City
New Territories,city,Hong Kong,22.42441,114.11095,0,train,,New Territries|New Treritories|New Teruitories|New Terriitories|New Territeries|New Territoris|New Terriotries
New York City,city,United States,40.71427,-74.00597,0,train,NY|NYC,New York Cty|New Yokr City|New York Ciyt|New York Ciy|New York Ciay|New York Caty|New Yoork City|New Yok City
Nibheri,village,Guna | Guna | Madhya Pradesh,24.8007,76.9981,1,eval,,Nbiheri|Nbheri|Nibehri|Nibheir|Nibheei|Nibhrei
Nilapalli,village,Banapur | Khordha | Odisha,19.8341,85.0873,1,train,,Nilaalli|Nilpaalli|Nilaaalli|Niaapalli|Nlapalli|Niapalli|Nilapalii
Nima,village,Banka | Banka | Bihar,24.8143,87.0594,1,train,,Nmia|Niima|Nma|Niia|Niam|Nimma|Nia|Nama
Niranjan Chak,village,Hunterganj | Chatra | Jharkhand,24.4438,84.8150,1,train,,Niranjan Chaak|Niranan Chak|Niiranjan Chak|Nirunjan Chak|Niraojan Chak|Niranjan Ceak
Nivari,district,Madhya Pradesh,25.3062,78.6644,1,train,,Nivri|Nivaari|Nivrai|Nivaai
Niyamoopur,village,Mau | Mau | Uttarpradesh,25.9617,83.6065,1,eval,,Niaymoopur|Niyamoopuur|Niyamoour|Niiyamoopur|Niyamooaur
Nizamabad Town,block,Nizamabad | Telangana,18.6663,78.0874,1,train,,Nizamabbad Town|Nizzamabad Town|Niizamabad Town|Nizambad Town|Nizaabad Town|Nizamabad Twn|Niamabad Town
Nokha,block,Bikaner | Rajasthan,27.5725,73.4403,1,train,,Nakha|Nohka|Nokkha|Nekha|Nokah|Noha|Noka
North Carolina,state,United States,35.2139,-79.4941,0,train,,North Caorlina|North Caroolina|Noth Carolina|North Carolana|Nrth Carolina
Nowgong,block,Chhatarpur | Madhya Pradesh,25.1389,79.5697,1,train,,Nowogng|Nogwong|Nogong|Nowwgong|Nawgong|Nwgong
Nurpur Mubarakpur,village,Gazipur | Gazipur | Uttarpradesh,25.6140,83.6013,1,eval,,Nurpir Mubarakpur|Nurpur Mubarkpur|Nupur Mubarakpur|Nuprur Mubarakpur|Nurpur Muubarakpur|Nurpur Mubarapkur
Nutangram,village,Burdwan | Purba Barddhaman | West Bengal,23.2913,87.8403,1,train,,Nutagnram|Ntangram|Nutagram|Nutanram|Nutngram|Nutangrem|Notangram|Nutanngram
Oblapur,village,Atmakur | Warangal (Rural) | Telangana,18.0520,79.6520,1,train,,Oblapuur|Obblapur|Obllapur|Olapur|Oblaapur|Oblpur
Odakapa,village,Nayagarh | Nayagarh | Odisha,20.0542,84.8420,1,train,,Odakaapa|Odkapa|Odakupa
Odha,village,Mainpur | Gariyaband | Chhatisgarh,20.3537,82.3651,1,train,,Ohda|Odia|Oha|Oaha|Oda|Oddha|Odhha|Ooha
Odisha,state,India,20.1929,84.4922,1,eval,,Odieha|Odiha|Odsiha
Oman,country,,21.5126,55.9233,0,train,,Ooan|Oaan|Oan|Omman|Oamn|Omn|Omna|Omaan
Osaka,city,Japan,34.69379,135.50107,0,train,OSA,Osakka|Osaa|Oska|Oskaa
Ouagadougou,city,Burkina Faso,12.36566,-1.53388,0,train,OUA,Ouagadoguou|Oaugadougou|Ouagadugou|Ouagadoougou|Ouaagadougou|Ouagadogou|Ouagdougou
Padmapur,village,Baleshwar Sadar | Balasore (Baleshwar) | Odisha,21.4247,86.9342,1,train,,Padmpur|Padmepur|Padampur|Padmapuur|Pdmapur|Padmmapur|Pdamapur|Padmaiur
Pahrauli,village,Sultanpur | Sultanpur | Uttarpradesh,26.3709,81.9146,1,eval,,Pahraili|Parhauli|Pahraauli|Pahralui
Pail,block,Ludhiana | Punjab,30.7064,75.9961,1,train,,Paail|Pil|Pial
Painada Modarpur,village,Khatra | Bankura | West Bengal,23.0413,87.0149,1,train,,Paindaa Modarpur|Paiada Modarpur|Painada Moadrpur
Pakaria Kalan,village,Itkhori | Chatra | Jharkhand,24.3248,85.1548,1,train,,Pkaria Kalan|Pakaria Kaian|Pakaria Kaln|Pakaria Kalna|Pakaria Kalaan|Pakaria Kaaln|Pakaraa Kalan
Pallavolu,village,Marripadu | Potti Sriramulu Nellore | Andhra Pradesh,14.6610,79.3456,1,train,,Palllavolu|Paloavolu|Pallaovlu|Pallavoou|Palavolu
Pamgarh,block,Janjgir - Champa | Chhatisgarh,21.8500,82.4543,1,eval,,Pammgarh|Pamgrah|Pamggarh|Pmgarh|Pamgrh|Pamarh|Pamagrh
Pana,village,Kaligari | Bageshwar | Uttarakhand,29.7397,79.8372,1,train,,Paana|Paa|Pnaa|Paan|Pna|Panna|Paua
Panasi,village,Teonthar | Rewa | Madhya Pradesh,25.0460,81.6497,1,train,,Panais|Paanasi|Pnasi|Pansi|Pnaasi|Paeasi|Panai
Panbari F.v.,village,Gossaigaon Circle | Kokrajhar | Assam,26.5263,90.0528,1,train,,Panbaari F.v.|Panbri F.v.|Pnabari F.v.|Panbaii F.v.|Panbai F.v.
Pandharpur,block,Solapur | Maharashtra,17.7267,75.3158,1,train,,Pandhaprur|Panhdarpur|Pndharpur|Panddharpur
Panposh,block,Sundargarh | Odisha,22.1894,84.8904,1,eval,PPO,Paanposh|Panopsh|Panpoosh|Panpsh|Panpohs|Pnposh
Panyara  Khera,village,Jatara | Tikamgarh | Madhya Pradesh,24.8802,78.9194,1,train,,Panyaa  Khera|Panyara  Kera|Panyarra  Khera
Papri,village,Punahana | Mewat | Haryana,27.8687,77.1160,1,train,,Pepri|Papi|Papai|Pappri
Par Shibpur,village,Maldah | Maldah | West Bengal,24.6628,87.9993,1,train,,Par Shhibpur|Par Shibpru|Par Shibupr|Par Shbpur|Par Shibbpur|Par Shibur|Par Shipur|Par Shipbur
Parana,state,Brazil,-24.6441,-51.8503,0,train,,Paruna|Paraana|Parnaa|Paana|Parna|Paraan
Parasigaria,village,Raghunathpur | Puruliya | West Bengal,23.5857,86.8384,1,eval,,Parsaigaria|Praasigaria|Parasioaria|Paarsigaria|Paraasigaria|Parasigaira|Parusigaria
Paraspatti Majhwar,village,Tarabganj | Gonda | Uttarpradesh,26.8429,81.9166,1,train,,Parspatti Majhwar|Paraspatti Majjhwar|Paraspatti Majwhar|Paraspatti Maahwar|Paraspatti Mjhwar|Paraspatti Mjahwar
Parbahal,village,Raghunathpur | Puruliya | West Bengal,23.5826,86.4324,1,train,,Parbbahal|Parbahl|Parbaal|Paarbahal
Parbhani,block,Parbhani | Maharashtra,19.2613,76.7730,1,train,PBN,Parbhaani|Parhbani|Parbeani|Pabhani
Paridi,village,Gunupur | Rayagarha | Odisha,18.9210,83.7820,1,train,,Pariidi|Paaridi|Parridi|Paidi|Pridi|Parii|Pardii
Parkha Mahura,village,Banswara | Banswara | Rajasthan,23.5345,74.5054,1,eval,,Parkha Maahura|Pakha Mahura|Parkah Mahura|Prakha Mahura|Parkha Mhura
Paschim Joykrishnapur,village,Chandannagar | Hugli | West Bengal,22.8131,88.1176,1,train,,Paschim Joykrishnappur|Paschim Joykrisnhapur|Paschmi Joykrishnapur|Paschim Joykrishnapr|Pashcim Joykrishnapur|Paschim Joykrishnapuur|Pachim Joykrishnapur
Paschim Ramchandrapur,village,Bangaon | North Twenty-Four Parganas | West Bengal,23.0487,88.7541,1,train,,Paschim Ramcaandrapur|Pascihm Ramchandrapur|Pacshim Ramchandrapur|Paschim Ramchandapur|Passchim Ramchandrapur
Patandadar,village,Mahasamund | Mahasamund | Chhatisgarh,21.2556,82.3903,1,train,,Pattandadar|Patndadar|Patandaadr
Patapurpatna,village,Dashapalla | Nayagarh | Odisha,20.3276,84.8553,1,train,,Pattapurpatna|Patappurpatna|Patpaurpatna|Patapupratna|Pataprpatna|Ptapurpatna|Paapurpatna|Paatpurpatna
Pathakpur,village,Hasanganj | Unnao | Uttarpradesh,26.8187,80.5305,1,eval,,Pathakppur|Pahakpur|Patakpur|Pathakur|Pathakpru|Pathikpur|Pathakupr
Pathangram,village,Kalna | Purba Barddhaman | West Bengal,23.5215,88.2306,1,train,,Pathagram|Pthangram|Pahangram|Pathagnram|Pathangrram
Pathar,village,Samundrapur | Wardha | Maharashtra,20.5399,78.9314,1,train,,Patahr|Pthar|Ptahar|Patar|Pathhar|Pahtar|Pathaar|Pathr
Pathar Bandh,village,Jhargram | Jhargram | West Bengal,21.9803,87.0979,1,train,,Pathar Banh|Pthar Bandh|Pathr Bandh|Pathor Bandh
Pathra Sol,village,Jhargram | Jhargram | West Bengal,21.9681,87.0311,1,train,,Pthra Sol|Paathra Sol|Patha Sol|Patrha Sol|Pauhra Sol|Pathrra Sol|Paahra Sol
Pathrkunwa,village,Rebutshganj | Sonbhadra | Uttarpradesh,24.6213,83.4046,1,eval,,Pathrknwa|Pathrkunaw|Pathrkuunwa|Patorkunwa|Pathrkuwa
Patti Khurd,village,Farrukhabad | Farrukhabad | Uttarpradesh,27.3159,79.5094,1,train,,Patti Khrud|Patti Khird|Patti Khud|Patti Kurd|Pattti Khurd
Peeploond,village,Jahajpur | Bhilwara | Rajasthan,25.5488,75.2720,1,train,,Pepeloond|Peepolond|Peeplond|Peeplood
Pennagaram,block,Dharmapuri | Tamil Nadu,12.1055,77.8673,1,train,,Pennaaram|Penagaram|Peennagaram|Penngaaram|Pnnagaram|Peinagaram|Pennagraam|Pennagaam
Perambalur,district,Tamil Nadu,11.2867,78.9306,1,train,PRM,Peramballur|Peramblur|Peramblaur|Peramablur
Pernambuco,state,Brazil,-8.4005,-37.8519,0,eval,,Pernnambuco|Perrnambuco|Pernambcuo|Pernabmuco|Peroambuco|Pernambuoc
Perth,city,Australia,-31.95224,115.8614,0,train,PER,Perht|Prth|Petrh|Preth|Peith
Perur,village,Ramagiri | Ananthapur | Andhra Pradesh,14.3516,77.3595,1,train,,Peerur|Peur|Perrur|Peurr|Perr|Perru|Prur
Peshawar,city,Pakistan,34.008,71.57849,0,train,PEW,Pesahwar|Peshawr|Peshawra|Peshwaar|Pehsawar|Pshawar
Phalodi,village,Phalodi | Jodhpur | Rajasthan,27.1005,72.3860,1,train,,Phaloid|Pahlodi|Paalodi
Phaskhawa Tea Garden,village,Alipur Duar | Alipur Duar | West Bengal,26.6875,89.6683,1,eval,,Phaskhawa Tea Gardun|Phaskhawa Tea Gadren|Phaskhawa Tea Gardin|Phaskhwa Tea Garden|Puaskhawa Tea Garden
Phul Kusuma,village,Bankura | Bankura | West Bengal,23.2475,86.8512,1,train,,Phul Kusuua|Phul Kuuma|Phul Kusmua
Phulwaria,village,Gorakhpur | Gorakhpur | Uttarpradesh,26.8738,83.4488,1,train,,Phullwaria|Phulwaira|Phulwraia|Phulawria|Phulwria|Phulwariia|Phuiwaria|Phulwaeia
Pipaliya,village,Sironj | Vidisha | Madhya Pradesh,24.2374,77.6115,1,train,,Popaliya|Pipalyia|Pioaliya|Pipaaliya|Pipalya
Pipalkani,village,Balangir | Bolangir (Balangir) | Odisha,20.7625,83.2520,1,train,,Piialkani|Pipalkai|Pipalknai|Pipaalkani|Piplkani|Pipalkkani|Pialkani|Pipallkani
Piparia Ehatmali,village,Mirganj | Bareilly | Uttarpradesh,28.4726,79.2690,1,eval,,Ppiaria Ehatmali|Peparia Ehatmali|Piparia Ehatmli|Piparia Ehatmai|Piiparia Ehatmali|Piapria Ehatmali|Piperia Ehatmali|Piaria Ehatmali
Pipariya Pahladpur,village,Shahjahanpur | Shahjahanpur | Uttarpradesh,27.9142,80.0228,1,train,,Pipariya Pahlapdur|Pipariya Paahladpur|Pipariya Phaladpur|Pipariya Paladpur|Piparia Pahladpur|Pipariay Pahladpur|Pippariya Pahladpur
Piplya Buzurg,village,Bhikangaon | West Nimar | Madhya Pradesh,21.8298,75.9659,1,train,,Piplyya Buzurg|Piplya Buzrg|Piplya Buzarg
Piprahia,village,Deoria | Deoria | Uttarpradesh,26.6285,83.7729,1,train,,Pipahia|Piprrahia|Piprhaia|Pipraia|Pierahia|Piprhia|Pipraiha
Pisad,village,Vagra | Bharuch | Gujarat,21.8297,72.8291,1,train,,Psiad|Piad|Pissad
Pogalur,village,Pernambut | Vellore | Tamil Nadu,12.9003,78.7613,1,eval,,Pgoalur|Poggalur|Pogaulr|Poglaur|Poalur|Pogaur|Poglur|Poaglur
Polab,village,Khanpur | Jhalawar | Rajasthan,24.4762,76.5582,1,train,,Poalb|Polb|Poleb|Ploab|Polba|Polaab|Poab
Porbandar,district,Gujarat,21.6025,69.8559,1,train,PRB,Pobandar|Porrbandar|Porbndar|Porbandr|Porbandur
Poshina,village,Idar | Sabar Kantha | Gujarat,23.7674,73.1152,1,train,,Poshian|Poshnia|Pshina|Psohina|Posihna|Posaina|Pohina|Poshna
Powa,village,Campierganj | Gorakhpur | Uttarpradesh,27.0679,83.2251,1,train,,Powwa|Pwa|Poa|Poowa|Poea
Pub Bandar Mela,village,Lanka Circle | Hojai | Assam,26.0502,92.9675,1,eval,,Pub Bandar Meal|Pub Badar Mela|Pub Bandar Mula|Pub Bandar Mola|Pub Bndar Mela|Pub Bandar Mella|Pub Bandr Mela|Pub Bandar Mla
Pub-rawarpar,village,Doboka Circle | Hojai | Assam,26.1195,92.9116,1,train,,Pub-rawaprar|Pub-rawrapar|Pub-rawarar|Pub-rawrpar|Pub-rwarpar|Pub-rawwarpar|Pub-raawarpar|Pub-rawapar
Puducherry,state,India,10.9498,79.7845,1,train,PON,Pducherry|Puduchrry|Puducerry|Pduucherry|Puuducherry|Pudcherry|Poducherry|Puducheryr
Punch,district,Jammu And Kashmir,33.7779,74.2542,1,train,PNC,Puch|Pnch|Puncch|Punhc|Punnch
Punjab,state,India,31.0283,75.5856,1,train,,Punab|Pujnab|Punajb|Pnujab|Pnjab
Pura,village,Shakaldiha | Chandauli | Uttarpradesh,25.4835,83.1971,1,eval,,Puar|Purra|Pira|Pua|Prua|Pra
Pura Baksh,village,Meza | Prayagraj | Uttarpradesh,25.0825,82.2466,1,train,,Puar Baksh|Prua Baksh|Pura Bakssh|Purra Baksh|Pura Bakksh|Pura Bakh|Pura Bksh|Pura Baaksh
Pura Ruchai,village,Meza | Prayagraj | Uttarpradesh,25.0769,82.1206,1,train,,Pura Ruehai|Pura Rcuhai|Pura Ruchii
Puraina,village,Bagha | Pashchimi Champaran | Bihar,26.8902,84.2593,1,train,,Puaina|Puuraina|Puriana|Puraia
Puranpur,village,Kirakat | Jaunpur | Uttarpradesh,25.6005,83.0157,1,train,,Puuranpur|Puranpar|Purapnur|Purannpur|Puraanpur|Purenpur
Purawas Khurd,village,Ambah | Morena | Madhya Pradesh,26.6004,78.3070,1,eval,,Puarwas Khurd|Purawas Khord|Purwaas Khurd
Puri-Sadar,block,Puri | Odisha,19.8689,85.8196,1,train,,Puir-Sadar|Prui-Sadar|Puri-Sadr|Puuri-Sadar
Purnia,district,Bihar,25.7756,87.4087,1,train,PRN,Purnai|Purna|Pornia|Puria
Pusapatirega,block,Vizianagaram | Andhra Pradesh,18.0851,83.5812,1,train,,Pusapaitrega|Pusapatirea|Pusapatiirega|Puaspatirega|Pusapaoirega|Pusapairega
Pyongyang,city,North Korea,39.03385,125.75432,0,train,FNJ,Pyongyagn|Pyognyang|Pongyang|Pyoongyang|Pyongyng|Pyongaang
Quezon City,city,Philippines,14.6488,121.0509,0,eval,,Quezon Ctiy|Qaezon City|Quezan City|Quezon Ciyt|Quzeon City|Queezon City
Quito,city,Ecuador,-0.22985,-78.52495,0,train,UIO,Quto|Quuito|Quato|Qito|Quio|Qiuto|Qutio|Quitto
R.venkampeta,village,Sitanagaram | Vizianagaram | Andhra Pradesh,18.6297,83.3598,1,train,,R.venampeta|R.veknampeta|R.vennkampeta|R.venkkampeta|R.venkapmeta|R.venkameta|R.vunkampeta|R.venkampetta
Racherla,village,Pyapalli | Kurnool | Andhra Pradesh,15.2448,77.9432,1,train,,Racerla|Recherla|Rcherla|Rachela|Rachera|Rahcerla|Racherlla|Rachherla
Rafia Chak,village,Bhanpur | Basti | Uttarpradesh,27.0718,82.6491,1,train,,Rafa Chak|Rofia Chak|Raifa Chak|Rafia Cak|Rafia Chhak|Rafai Chak|Rafia Ceak
Rahmatpur,village,Kishanganj | Kishanganj | Bihar,26.2797,87.7170,1,eval,,Rahmmatpur|Rhamatpur|Rahmaepur|Rahmatupr|Rahmtpur|Rahmtapur
Raibeareli,district,Uttarpradesh,26.2075,81.1688,1,train,,Raibeaeli|Raibeaerli|Raibereli|Raibeaaeli|Raieareli|Raibeaareli|Raibeareil|Raibearlei
Raiganj,block,Uttar Dinajpur | West Bengal,25.5453,88.1765,1,train,,Raiginj|Raianj|Raigannj|Raignaj|Riganj|Riaganj|Raigaj
Raj Nandgaon,district,Chhatisgarh,20.9723,80.6975,1,train,RJN,Raj Nadgaon|Raj Nandaon|Raj Nandgaaon|Raj Nandgan|Raj Nandggaon
Rajapalaiyam,block,Virudhunagar | Tamil Nadu,9.4186,77.4843,1,train,,Rjapalaiyam|Rjaapalaiyam|Rejapalaiyam|Rajapalayiam|Rajapalaiaym|Rajapalaiyma|Raapalaiyam|Rajapalaiiyam
Rajapur,village,Basirhat | North Twenty-Four Parganas | West Bengal,22.6496,88.8083,1,eval,,Rajapuur|Rjaapur|Raajpur|Rajpur
Rajasthan,state,India,26.6193,73.8357,1,train,,Rajaasthan|Rajasthhan|Rjasthan|Raajsthan|Rajathan
Rajauri,district,Jammu And Kashmir,33.2685,74.4286,1,train,RJI|RJR,Rajauei|Rjauri|Rajaurri|Rajauir|Rajaui|Rajaori|Rajuri
Rajbandh,village,Paschim Medinipur Sadar | Paschim Medinipur | West Bengal,22.7649,87.4909,1,train,,Rajbbandh|Rabandh|Rajbanh|Rijbandh|Rajabndh
Rakh Sarkar Jar Bagni,village,Hiranagar | Kathua | Jammu And Kashmir,32.4697,75.3407,1,train,,Rakh Sarkar Jar Bgani|Rakh Sarkar Jar Bagnni|Rakh Sarkar Jar Bagi|Rakh Sarkar Jar Bani|Rakh Saarkar Jar Bagni|Rah Sarkar Jar Bagni|Rakh Sarkra Jar Bagni
Raksani,village,Aurangabad | Aurangabad | Bihar,24.8118,84.3039,1,eval,,Rksani|Raskani|Raaksani|Rakani|Rakssani|Raosani|Rakasni
Ramanujnagar,village,Manendragarh | Korea | Chhatisgarh,23.4680,81.9853,1,train,,Ramaiujnagar|Ramonujnagar|Ramanjnagar|Ramannujnagar|Ramaujnagar
Ramarajupalem,village,Guduru | Krishna | Andhra Pradesh,16.1896,81.0720,1,train,,Ramaraupalem|Ramaarajupalem|Raarajupalem|Ramarjaupalem
Ramban,district,Jammu And Kashmir,33.2489,75.1990,1,train,,Raban|Rmaban|Ramabn|Rammban
Ramiana,village,Jaito | Faridkot | Punjab,30.4102,74.7858,1,train,,Raminaa|Ramiaana|Ramuana|Rmiana
Rampur,village,Shhganj | Jaunpur | Uttarpradesh,26.1671,82.6380,1,eval,,Ramupr|Raipur|Rmapur|Ramper|Rampor
Ramuapur,village,Misrik | Sitapur | Uttarpradesh,27.4506,80.5408,1,train,,Raamuapur|Ramupur|Ramuaupr|Rauapur|Ramaupur|Raumapur
Ranga,village,Mohanpur | Deoghar | Jharkhand,24.4630,86.7640,1,train,,Raga|Ranea|Ronga
Ranhot,block,Sirmaur | Himachal Pradesh,30.9460,77.3603,1,train,,Ranhhot|Ranot|Rahnot|Ranhoot|Rahot|Ranht|Raohot
Ranjitpur,village,Musafirkhana | Amethi | Uttarpradesh,26.4149,81.8005,1,train,,Rnajitpur|Ranjitpr|Ranjitur|Ranuitpur|Ranjipur
Ranka,block,Garhwa | Jharkhand,23.9314,83.7574,1,eval,,Raanka|Ranoa|Rankka|Ranak
Rannu,village,Dudhi | Sonbhadra | Uttarpradesh,24.1556,83.2247,1,train,,Rnnu|Ranu|Raannu|Rnanu|Ranun|Rainu|Rannnu|Raonu
Rasunchak,village,Paschim Medinipur Sadar | Paschim Medinipur | West Bengal,22.4944,87.5218,1,train,,Rasunceak|Rasuncak|Rasunchhak|Rsaunchak|Rassunchak
Rattowal,village,Raikot | Ludhiana | Punjab,30.7417,75.6744,1,train,,Rattoal|Rattwal|Ratiowal|Rattoowal
Raunahi Uparhar,village,Sohawal | Ayodhya | Uttarpradesh,26.7720,81.9829,1,train,,Raunai Uparhar|Raunahi Upahar|Runahi Uparhar
Rawani Pur,village,Amethi | Amethi | Uttarpradesh,26.1635,81.9492,1,eval,,Raawni Pur|Rauani Pur|Rawain Pur|Rawaii Pur|Rawai Pur|Rawni Pur
Red Wana,village,Kulgam | Kulgam | Jammu And Kashmir,33.7346,75.0588,1,train,,Red Wanna|Red Waana|Red Wnaa|Red Wna|Red Waea|Red Waan|Red Waa|Red Wena
Reechhoti,village,Karauli | Karauli | Rajasthan,26.3797,76.9116,1,train,,Reechhti|Reechhiti|Reechhtoi|Reachhoti|Reehchoti|Rechhoti
Rempi,village,Parlakhemundi | Gajapati | Odisha,18.9383,84.1457,1,train,,Repi|Remi|Reempi|Remppi|Repmi
Remta,village,Lakhanpur | Jharsuguda | Odisha,21.6928,83.5095,1,train,,Retma|Remtta|Remat|Remmta
Rengalpali,village,Deogarh | Deogarh | Odisha,21.4611,84.8057,1,eval,,Rengalpli|Renglapali|Rengaplali|Rengalpail|Rangalpali
Repalle,block,Guntur | Andhra Pradesh,15.8958,80.8607,1,train,,Repale|Repaalle|Rpalle|Rpealle|Repaile|Repallle
Rio de Janeiro,city,Brazil,-22.90642,-43.18223,0,train,RIO,Rio de Jaoeiro|Rio de Jnaeiro|Rio de Janero|Rio de Jaeiro|Rio de Janeior|Rio de Janoiro|Rio de Janneiro|Rio de Janeiuo
Rithana,village,Gorakhpur | Gorakhpur | Uttarpradesh,26.8718,83.2717,1,train,,Ritana|Rithanna|Ritahna|Riithana|Rithhana|Rithena|Rithna|Rithaan
River,village,Chabua Circle | Dibrugarh | Assam,27.6075,95.1430,1,train,,Rivre|Riveer|Rivver|Rivr
Riyadh,city,Saudi Arabia,24.68773,46.72185,0,eval,RUH,Riyaddh|Riyauh|Ryadh
Romania,country,,45.9432,24.9668,0,train,,Romaina|Romnaia|Romanea|Romnia|Romannia|Rmania|Romonia
Rome,city,Italy,41.89193,12.51133,0,train,ROM,Reme|Romme|Roe
Roond Narena,village,Dig | Bharatpur | Rajasthan,27.5865,77.3480,1,train,,Rood Narena|Roodn Narena|Roond Nrena|Roond Nraena|Roond Narnea|Roond Naena
Rudain Urf Manjhgawa,village,Bansgaon | Gorakhpur | Uttarpradesh,26.5994,83.4769,1,train,,Radain Urf Manjhgawa|Rduain Urf Manjhgawa|Ruudain Urf Manjhgawa
Rudraprayag,district,Uttarakhand,30.4863,79.0203,1,eval,RPY,Rurdaprayag|Rudraprrayag|Rudrapuayag
Rudrpur,village,Bighapur | Unnao | Uttarpradesh,26.2733,80.7172,1,train,,Ruudrpur|Rudprur|Rudrpru|Rudrrpur|Rurdpur|Rudrpar|Rurpur|Rudrpr
Rukamal Pur,village,Burhanpur | Azamgarh | Uttarpradesh,26.3641,82.9647,1,train,,Rkamal Pur|Rukamla Pur|Ruoamal Pur|Ruamal Pur
Rukhi,village,Gohana | Sonipat | Haryana,29.0491,76.6681,1,train,,Ruhi|Rukhhi|Ruukhi|Ruhki
Rupaspur,village,Masaurhi | Patna | Bihar,25.3903,85.1149,1,train,,Rupaopur|Rupapur|Ruppaspur|Rupsapur|Rpaspur|Rupasur|Rupaspr
Sabesar,village,Mirzapur | Mirzapur | Uttarpradesh,25.2050,82.7396,1,eval,,Sabsear|Sabsar|Sbaesar|Sabeser|Saabesar|Sabesra|Sabesaar
Sadar,block,West Tripura | Tripura,23.8079,91.2881,1,train,,Saar|Sdaar|Sadr|Saddar|Saadar|Sudar
Sadia Circle,block,Tinsukia | Assam,27.8387,95.6831,1,train,,Sadia Circcle|Sdaia Circle|Saida Circle|Sadai Circle|Sadia Cirrcle|Sadia Cirlce|Sadia Ciircle|Sadua Circle
Sadra,village,Gandhinagar | Gandhinagar | Gujarat,23.3406,72.7436,1,train,,Saadra|Sedra|Sadrra|Saddra
Sadullahpur,village,Benipatti | Madhubani | Bihar,26.2891,85.8436,1,train,,Sadulalhpur|Sadulllahpur|Sadullhpur|Sadullahupr|Sdaullahpur
Sahajpuri,village,Udaipura | Raisen | Madhya Pradesh,23.1607,78.7635,1,eval,,Sahajpri|Saahjpuri|Sahajeuri|Sahajupri|Sahajiuri
Sahapur,village,Chandannagar | Hugli | West Bengal,22.8289,88.1604,1,train,,Sahapru|Saaapur|Shaapur|Sahaur|Sahaupr|Shapur|Saapur|Sahapr
Saho,village,Biraul | Darbhanga | Bihar,25.9567,86.1580,1,train,,Shao|Sahho|Sho|Siho|Saoh
Saikheda,village,Sawli | Chandrapur | Maharashtra,20.2670,79.8680,1,train,,Saiheda|Saikheeda|Saihkeda|Soikheda
Saint Petersburg,city,Russia,59.93863,30.31413,0,train,LED,Sant Petersburg|Sint Petersburg|Saaint Petersburg|Saint Petersbugr|Saiot Petersburg|Saint Petresburg|Saint Petersbrg|Saint Ptersburg
Sakariya,village,Gangdhar | Jhalawar | Rajasthan,23.9911,75.6315,1,eval,,Sakaaiya|Sakaria|Sakaoiya|Sakariay|Saariya|Sakkariya|Sakraiya
Salai,village,Tindivanam | Villupuram | Tamil Nadu,12.2480,79.5838,1,train,,Salia|Sauai|Saali|Sallai|Salei|Sali
Salasi,village,Jhanduta | Bilaspur | Himachal Pradesh,31.3594,76.7137,1,train,,Salai|Salsai|Saalsi|Slasi|Salais
Salimpur Fatuha,village,Hadiya | Prayagraj | Uttarpradesh,25.4320,82.0718,1,train,,Salimpur Ftuha|Slaimpur Fatuha|Sallimpur Fatuha|Salimpur Fattuha|Salimpur Fatha
Salvador,city,Brazil,-12.97563,-38.49096,0,train,SSA,Salvadr|Salvaor|Salvdor|Slvador
Samangaon,village,Shevgaon | Ahamadnagar | Maharashtra,19.3361,75.1745,1,eval,,Samaegaon|Samaniaon|Samingaon|Samangoan|Smangaon
Samaria,village,Garudeshwar | Narmada | Gujarat,21.8414,73.6120,1,train,,Samaira|Saamria|Samaiia|Saaria|Samarai|Samaia
Samasarpur,village,Cuttack | Cuttack | Odisha,20.5942,86.1046,1,train,,Samasrpur|Samassarpur|Samasapur|Saamsarpur|Samaarpur|Samasrapur|Saamasarpur|Samasarur
Samoa,country,,-13.6236,-172.4457,0,train,,Sama|Sumoa|Saoma|Samao|Saeoa
San Juan,state,Argentina,-30.3699,-68.7640,0,train,,San Juuan|San Joan|San Jun|San Jan|San Jaan|San Juna|San Juon|San Juin
San Pedro,state,Paraguay,-24.1600,-56.7137,0,eval,,San Pdero|San Pidro|San Peddro|San Pdro
Sandongri,village,Khairagarh | Raj Nandgaon | Chhatisgarh,21.3044,80.8668,1,train,,Sandogri|Sandongir|Sandonggri|Sandognri|Sandonrgi|Sandngri|Sandnogri
Sangrur,block,Sangrur | Punjab,30.2317,75.9054,1,train,SNR,Sagnrur|Sanirur|Sangur|Sangrrur|Snagrur|Sngrur|Sanrgur
Sankar Saraiya,village,Motihari | Purbi Champaran | Bihar,26.5971,84.8595,1,train,,Sankaar Saraiya|Sankar Sarraiya|Sankra Saraiya|Sankar Sariya|Sanar Saraiya
Santiago,city,Chile,-33.45694,-70.64827,0,train,SCL,Santigao|Santaago|Sntiago
Santiago Del Estero,state,Argentina,-27.8407,-63.3796,0,eval,,Santiago Del Esteor|Santiago Del Eotero|Saniago Del Estero|Santiago Del Esetro|Santiago Del Esttero
Santkabirnagar,district,Uttarpradesh,26.7553,83.0449,1,train,,Santkabiragar|Sntkabirnagar|Santkabirrnagar|Satnkabirnagar|Satkabirnagar|Santkabirangar
Sanyasipura,village,Krishnaraja Nagar | Mysuru | Karnataka,12.4852,76.4016,1,train,,Sanyasiupra|Sanyasiura|Sannyasipura|Sanyaasipura|Sanyaspiura|Sanyasipuia
Saramuli,village,Baliguda | Kandhamal | Odisha,19.6951,83.9566,1,train,,Sarammuli|Sarmauli|Saramuil|Saramli|Saramui|Saamuli
Saran Nani,village,Lakhpat | Kachchh | Gujarat,23.5314,68.7616,1,train,,Saran Nanni|Sran Nani|Saran Nain|Sarna Nani|Saran Nuni|Sarran Nani|Saian Nani|Saran Nnai
Sarayan,village,Taranagar | Churu | Rajasthan,28.7156,74.7744,1,eval,,Saaryan|Sarayaan|Saraan|Srayan|Sarayyan
Sari Murkawal,village,Chakia | Chandauli | Uttarpradesh,25.1110,83.2589,1,train,,Saari Murkawal|Sari Mukawal|Sair Murkawal
Sarkuri,village,Asansol | Paschim Barddhaman | West Bengal,23.8047,86.8156,1,train,,Sarkuir|Sarkui|Sakuri|Sakruri
Sarol,village,Chamba | Chamba | Himachal Pradesh,32.5950,76.1390,1,train,,Sarlo|Sarl|Saorl|Saarol|Sarul|Sarrol
Saroornagar,block,Rangareddy | Telangana,17.3061,78.5424,1,train,,Saroorngaar|Saroonagar|Saroronagar|Sarooornagar|Saaroornagar|Saroorngar
Sarsa,village,Bahraich | Bahraich | Uttarpradesh,27.4734,81.7021,1,eval,,Sersa|Sasra|Saarsa|Sara
Sarsand,village,Sandila | Hardoi | Uttarpradesh,27.0555,80.3433,1,train,,Srasand|Sarsad|Srsand|Sursand
Sarsar,village,Siwan | Siwan | Bihar,26.2897,84.3522,1,train,,Sasrar|Sarssar|Sarasr|Sarsr|Sursar|Sarar|Sarsra
Sawai Madhopur,block,Sawai Madhopur | Rajasthan,25.9835,76.3751,1,train,SMP,Sawai Madhopr|Sawia Madhopur|Sawai Madopur|Saai Madhopur|Suwai Madhopur|Sawai Madhoupr
Sayan Madhogarh,village,Madhogarh | Jalaun | Uttarpradesh,26.1502,79.1433,1,train,,Saayn Madhogarh|Sayna Madhogarh|Syan Madhogarh|Sayan Mahogarh|Sayan Maddhogarh|Saayan Madhogarh|Sayan Mdahogarh|Sayan Madiogarh
Sekhui Kalan,village,Utraula | Balrampur | Uttarpradesh,27.1921,82.5146,1,eval,,Sekkhui Kalan|Sekuhi Kalan|Sekhui Klaan|Sekhiu Kalan|Sekhii Kalan|Sekhui Kaan|Sekhhui Kalan
Sembianallur,village,Avanashi | Tiruppur | Tamil Nadu,11.1797,77.2489,1,train,,Sembianaolur|Sembianalluur|Sembiaallur
Semilibencha,village,Motu | Malkangiri | Odisha,18.0333,81.5008,1,train,,Semiliibencha|Seemilibencha|Semillibencha
Senduras,village,Jaijaipur | Janjgir - Champa | Chhatisgarh,21.9016,82.9291,1,train,,Sendiras|Seduras|Senduuras|Senuras
Seoul,city,South Korea,37.566,126.9784,0,train,SEL,Soeul|Soul|Seolu
Serbia,country,,44.2101,21.0122,0,eval,,Sirbia|Serbbia|Sebria|Serbai|Seerbia|Serbea|Seriia|Seabia
Sevalalnagar,village,Challakere | Chitradurga | Karnataka,14.1956,76.6297,1,train,,Sevaalnagar|Sevallanagar|Sevalallnagar|Sevalalagar|Sevallalnagar
Sewai Kalan,village,Mayur Hand | Chatra | Jharkhand,24.3297,85.2691,1,train,,Sewai Klaan|Sewwai Kalan|Sewi Kalan|Sweai Kalan
Shala Teng Ghat,village,Srinagar (South) | Srinagar | Jammu And Kashmir,34.0876,74.8772,1,train,,Shala Teng Ghhat|Shala Teng Ghta|Shala Teng Gat|Shala Teeng Ghat
Shamjot,village,Barharwa | Sahibganj | Jharkhand,24.7899,87.8347,1,train,,Shamot|Shajmot|Sahmjot|Shhamjot|Shamojt|Shamjat|Shamjt|Shamjjot
Shanghai,city,China,31.22222,121.45806,0,eval,SHA,Shaghai|Shanghui|Shangahi|Shanghi
Shata Chak,village,Paschim Medinipur Sadar | Paschim Medinipur | West Bengal,22.4980,87.5041,1,train,,Shata Cak|Sahta Chak|Shata Chka|Sata Chak
Shedala,village,Ashti | Bid | Maharashtra,19.0930,75.0342,1,train,,Shedaa|Shedlaa|Sheiala|Sheaala|Shedalla|Sehdala|Sheedala|Sedala
Shendri Bk.,village,Ner | Yavatmal | Maharashtra,20.3826,77.8244,1,train,,Shenrdi Bk.|Shenri Bk.|Shedri Bk.|Shenddri Bk.|Sheneri Bk.|Shnedri Bk.
Shenzhen,city,China,22.54554,114.0683,0,train,SZX,Shonzhen|Shenzen|Shenhzen|Senzhen|Shnezhen
Sheopur,district,Madhya Pradesh,25.7494,76.9221,1,eval,SHP,Sheopru|Shopur|Sheoupr|Sheopr|Sheoiur|Shepour|Shoepur
Sheorajpur,village,Jaspur | Udham Singh Nagar | Uttarakhand,29.2543,78.8933,1,train,,Sheoorajpur|Sherajpur|Sheroajpur|Shorajpur|Sheorajupr|Sheoajpur|Sheorapur
Shi Rajpur,village,Kotdwar | Pauri Garhwal | Uttarakhand,29.7552,78.4556,1,train,,Shi Rapur|Shi Rajjpur|Shi Rajpr|Shi Rajpir|Shi Rajpru|Shi Rjpur
Shikarpur,block,Shivamogga | Karnataka,14.3043,75.3885,1,train,,Sihkarpur|Shiakrpur|Shikaarpur|Shikkarpur
Shiris Bani,village,Paschim Medinipur Sadar | Paschim Medinipur | West Bengal,22.6052,87.3818,1,train,,Shhiris Bani|Shiris Banni|Shirsi Bani|Shirris Bani|Shiris Bain
Shohrok,village,Aron | Guna | Madhya Pradesh,24.3955,77.3206,1,eval,,Sohhrok|Shhohrok|Shohork|Shorhok|Shhrok|Shohok
Shripur,village,Dhanolti | Tehri Garhwal | Uttarakhand,30.3387,78.1455,1,train,,Shrpiur|Shrippur|Shirpur|Sripur|Shrripur|Shriur|Shriipur
Shuni,village,Hangrang | Kinnaur | Himachal Pradesh,31.9050,78.5630,1,train,,Shoni|Shuuni|Suhni|Suni|Shui
Sibsagar,district,Assam,26.9923,94.6514,1,train,SVS,Sibsaar|Sisagar|Sisbagar|Sibsagra|Sibsaear
Sidha,village,Rebutshganj | Sonbhadra | Uttarpradesh,24.7128,83.2160,1,train,,Siha|Sdiha|Sodha|Sida|Sidah|Sdha|Sedha|Siddha
Sihor,block,Bhavnagar | Gujarat,21.6588,71.9433,1,eval,,Sihoor|Shor|Sihro|Siuor|Sior|Suhor|Siohr|Siihor
Sijaipur,village,Krishnanagar | Nadia | West Bengal,23.3409,88.3963,1,train,,Sijaiipur|Sijaippur|Sijapur|Sijipur|Sijaipru|Siaipur|Sijaaipur
Sikkim,state,India,27.6055,88.4608,1,train,SK,Sikim|Sikikm|Sikkum|Siikkim|Skkim|Siikim|Sikoim|Sikkkim
Simalia,village,Baisi | Purnia | Bihar,26.0390,87.7348,1,train,,Smialia|Simallia|Simaalia|Simlaia|Simala|Simolia
Simra Bhata,village,Prithvipur | Nivari | Madhya Pradesh,25.1623,78.6192,1,train,,Simaa Bhata|Simrra Bhata|Simar Bhata
Simri Sitanagar,village,Patharia | Damoh | Madhya Pradesh,24.0194,79.4933,1,eval,,Simri Sitanagr|Simi Sitanagar|Siimri Sitanagar|Smri Sitanagar|Simii Sitanagar|Simri Sitangaar
Singadevanahalli,village,Ballari | Ballari | Karnataka,15.3173,76.9067,1,train,,Singadeevanahalli|Singadevanahlali|Siingadevanahalli|Singadevvanahalli|Singaddevanahalli|Singdaevanahalli|Siniadevanahalli|Singadevanahallli
Singapore,country,,1.3521,103.8198,0,train,SG|SIN,Singaporre|Singaopre|Sinapore|Signapore|Singupore|Snigapore|Siingapore
Singapore,city,Singapore,1.28967,103.85007,0,train,SG|SIN,Singaopre|Singapure|Singapoe|Sigapore|Snigapore|Singpore|Sinapore|Sngapore
Singenahalli,village,Tiptur | Tumakuru | Karnataka,13.2421,76.4034,1,train,,Singenahaalli|Singenaholli|Singenahhalli|Sngenahalli|Snigenahalli|Singenahlli|Singenaahlli
Singha,village,Idar | Sabar Kantha | Gujarat,23.7636,72.8263,1,eval,,Snigha|Sinaha|Singah
Singhali,village,Katghora-2 | Korba | Chhatisgarh,22.4290,82.5509,1,train,,Singhhali|Singhlai|Singali
Sirka,village,Golmuri | East Singhbhum | Jharkhand,22.7518,86.4146,1,train,,Sirkka|Srka|Sikra|Sira|Srika
Sirsi,block,Uttara Kannada | Karnataka,14.6537,74.8110,1,train,,Sirrsi|Srsi|Srisi|Sirssi|Siris
Sisora Nakoom Pur,village,Mohmadi | Kheri | Uttarpradesh,28.0067,80.1753,1,train,,Sisora Naoom Pur|Siisora Nakoom Pur|Sioora Nakoom Pur|Siosra Nakoom Pur|Sisora Naokom Pur|Ssiora Nakoom Pur|Sisora Nakom Pur
Sitalpur Kakrahta,village,Hajipur | Vaishali | Bihar,25.6661,85.3323,1,eval,,Sitalupr Kakrahta|Sitalpur Kakrahtta|Sitalpur Kakarhta|Sitalpur Kkrahta
Sitapur,district,Uttarpradesh,27.5030,80.8350,1,train,STP,Sitaaur|Stiapur|Sitopur|Sieapur|Stapur|Sitpur
Situnvalur,village,Valangiman | Thiruvarur | Tamil Nadu,10.8509,79.4312,1,train,,Situnvvalur|Siunvalur|Situnvaiur|Situvnalur|Siutnvalur
Sivarampuram,village,Balijipeta | Vizianagaram | Andhra Pradesh,18.6373,83.4689,1,train,,Sivaaampuram|Sivarapuram|Sivaramppuram|Sivvarampuram|Sivaramupram
Siyana,block,Bulandshahr | Uttarpradesh,28.5766,78.0683,1,train,,Syana|Siyna|Syiana|Siyaan
Sonamura,block,Sepahijala | Tripura,23.4715,91.3145,1,eval,,Soonamura|Sonaamura|Sonaura|Sonamuia
Soomar,village,Khanpur | Jhalawar | Rajasthan,24.7720,76.4181,1,train,,Sooomar|Soumar|Soomaar|Somar|Soamar|Soomir|Sooamr|Soomor
Sorahiya,village,Nanpara | Bahraich | Uttarpradesh,27.9749,81.5758,1,train,,Sorhaiya|Sorahiyya|Sroahiya|Soorahiya|Soraahiya|Sorrahiya|Sorhiya|Sorahya
South Andaman,district,Andaman & Nicobar,10.7046,92.4712,1,train,SAS,Souht Andaman|South Andamna|South Adaman
South Korea,country,,35.9078,127.7669,0,train,,South Koera|Suoth Korea|Souht Korea
South Sudan,country,,7.8182,29.1512,0,eval,,South Suadn|Soth Sudan|Sotuh Sudan|South Sudin|South Sidan|South Suan
South West Garo Hills,district,Meghalaya,25.4444,89.9948,1,train,SWG,South West Gaaro Hills|Suth West Garo Hills|South West Gro Hills|South Wset Garo Hills
Ssiswa Tola Jai Ray,village,Bagha | Pashchimi Champaran | Bihar,26.9711,84.3044,1,train,,Ssiswa Tla Jai Ray|Sssiwa Tola Jai Ray|Ssiiswa Tola Jai Ray|Siswa Tola Jai Ray|Ssiwa Tola Jai Ray|Ssswa Tola Jai Ray|Ssiswa Tloa Jai Ray|Sisswa Tola Jai Ray
Sugur,village,Tiptur | Tumakuru | Karnataka,13.1777,76.5087,1,train,,Sguur|Sugru|Sgur|Suguur|Sugir|Sugar
Sukha Baran,village,Lohaghat | Champawat | Uttarakhand,29.3782,80.2482,1,train,,Suka Baran|Sukha Baan|Skha Baran|Sukha Barran|Sukha Baaran|Sukha Braan
Sukhwasi,village,Taranagar | Churu | Rajasthan,28.7324,75.0817,1,eval,,Sukhwsai|Sukhwassi|Sukhwais|Suhwasi|Sukhawsi|Sukhwsi|Skhwasi
Sukma,district,Chhatisgarh,18.2813,81.3260,1,train,,Skma|Sekma|Suma|Sakma|Sumka
Sulemanpur,village,Laharpur | Sitapur | Uttarpradesh,27.7122,80.7697,1,train,,Suelmanpur|Suleemanpur|Sulemanupr|Sulemnapur|Suemanpur|Suulemanpur|Sulemanpru
Sultanpura,village,Madhogarh | Jalaun | Uttarpradesh,26.2471,79.1898,1,train,,Suultanpura|Sltanpura|Sultanprua|Sulanpura|Sutlanpura
Sumahi Khurd,village,Kasaya | Kushinagar | Uttarpradesh,26.6039,84.0345,1,train,,Sumahhi Khurd|Sumahi Kourd|Suamhi Khurd|Sumaahi Khurd
Sundarpur,village,Dhaulpur | Dhaulpur | Rajasthan,26.7205,77.9750,1,eval,,Sunadrpur|Sudnarpur|Sunarpur|Snudarpur|Sundapur|Sundaarpur|Sundarppur
Supa,village,Pasaur | Raigarh | Chhatisgarh,21.7398,83.3151,1,train,,Suupa|Spa|Suppa|Sua
Sura Sultanpura,village,Halol | Panch Mahals | Gujarat,22.4971,73.5837,1,train,,Suar Sultanpura|Sura Sulanpura|Sura Sutanpura|Srua Sultanpura
Surabaya,city,Indonesia,-7.24917,112.75083,0,train,SUB,Suurabaya|Suuabaya|Surbaaya|Surabaaya|Surabyaa|Surbaya|Suraiaya
Suratraidi Alias Lakragora,village,Potka | East Singhbhum | Jharkhand,22.5801,86.2851,1,train,,Sratraidi Alias Lakragora|Suritraidi Alias Lakragora|Suratraidi Alas Lakragora|Suratraidi Alais Lakragora|Suratraidi Alias Lakagora
Surwa,village,Bhikangaon | West Nimar | Madhya Pradesh,21.8353,75.8925,1,eval,,Srwa|Suria|Suwra
Syaat,village,Nainital | Nainital | Uttarakhand,29.3965,79.3489,1,train,,Syat|Saat|Syeat|Syaaat
Sydney,city,Australia,-33.86785,151.20732,0,train,SYD,Syddney|Sdney|Sydnney|Syaney|Syney|Sydnye|Syoney|Sydeny
Syria,country,,34.8097,38.5740,0,train,,Sryia|Syrria|Syia
Tada,block,Potti Sriramulu Nellore | Andhra Pradesh,13.5950,80.1367,1,train,,Tdaa|Taa|Tuda|Taua
Tadwai,block,Kamareddy | Telangana,18.2604,78.2481,1,eval,,Tadwi|Tadawi|Tdawai|Tawai|Taadwai|Tadwwai
Tahira,village,Siwan | Siwan | Bihar,26.2972,84.3266,1,train,,Tahiea|Taira|Tahra|Thira|Tahiira|Thaira|Tauira
Tahliwala Jattan,village,Fazilka | Fazilka | Punjab,30.3447,74.2109,1,train,,Tahliwala Jattn|Tahliwala Jatttan|Tahliwala Jttan|Tahliwala Juttan
Taichung,city,Taiwan,24.1469,120.6839,0,train,RMQ,Taicung|Tichung|Taihung
Taipei,city,Taiwan,25.05306,121.52639,0,train,TPE,Taipi|Tiapei|Taiepi|Tapei|Tipei|Taiei|Taaipei
Taiwan,country,,23.6978,120.9605,0,eval,,Taiwna|Tawan|Taiiwan|Taiwn
Tala Khedi,village,Sohagpur | Hoshangabad | Madhya Pradesh,22.7500,78.2240,1,train,,Tala Khhedi|Talla Khedi|Tala Kehdi|Tala Kedi|Taala Khedi|Tlaa Khedi
Talimapur,village,Maharajgang | Siwan | Bihar,26.2732,84.6477,1,train,,Talimauur|Talimpaur|Tlaimapur|Talmiapur|Talimapr|Tlimapur|Talimapru|Taliampur
Taloda,block,Nandurbar | Maharashtra,21.6209,74.2378,1,train,,Taldoa|Taolda|Tlaoda|Taloa|Talda
Tambwa,village,Kej | Bid | Maharashtra,18.7664,76.0850,1,train,,Tamba|Taambwa|Tombwa|Tambbwa
Tamil Nadu,state,India,10.8184,78.3501,1,eval,,Tamil Nau|Tmail Nadu|Tamil Ndau
Tarf Tajwal,village,Kathua | Kathua | Jammu And Kashmir,32.3557,75.5577,1,train,,Tarf Tajwl|Traf Tajwal|Tarf Tjwal|Tarf Tajawl
Tarniya Khera,village,Jahajpur | Bhilwara | Rajasthan,25.5525,75.1987,1,train,,Tarniya Khear|Tarniyya Khera|Tarniya Kehra|Tarniya Khra|Tarniya Kheaa|Tarniya Kheera|Tarniya Kaera
Tarora,village,Sami | Patan | Gujarat,23.6748,71.8388,1,train,,Tarroa|Taorra|Trora|Tirora
Tarya Lachhiram,village,Tamkuhi Raj | Kushinagar | Uttarpradesh,26.6185,84.2719,1,train,,Taray Lachhiram|Tarya Lachhriam|Traya Lachhiram|Taoya Lachhiram|Tarya Lachhirma|Taryya Lachhiram|Taarya Lachhiram
Teegalavancha,village,Chintalapudi | West Godavari | Andhra Pradesh,17.0977,81.0367,1,eval,,Tegalavancha|Teealavancha|Teegalvancha|Teegalaavncha|Teeaglavancha|Teegalavanha
Tehran,city,Iran,35.69439,51.42151,0,train,THR,Tihran|Theran|Teharn|Tehan|Tehrna|Tehhran|Tehren
Teki Patti,village,Kunda | Pratapgarh | Uttarpradesh,25.6799,81.6244,1,train,,Teki Paoti|Teki Pati|Teki Patai|Teik Patti|Teki Pattti|Tei Patti|Teki Patit
Tekulpahad,village,Kuntala | Nirmal | Telangana,19.2098,78.1423,1,train,,Tekuliahad|Tekulaphad|Tekulpaahd|Tekulpahd|Tekuplahad|Tekulphaad|Tekulpaad|Tekuopahad
Telangana,state,India,17.8762,79.2987,1,train,,Teangana|Tlangana|Telangaana|Telanana|Tellangana|Telangaan
Temtha Karari,village,Gogari | Khagaria | Bihar,25.2896,86.7217,1,eval,,Tmtha Karari|Teemtha Karari|Temtha Kaarri|Temtha Karrari
Tendawa Sisatipur,village,Mahasi | Bahraich | Uttarpradesh,27.5076,81.4430,1,train,,Tendawa Sisatiur|Tendawa Sisatippur|Tendawa Sisatipru|Tendawa Sistipur|Tendawa Sistaipur|Tednawa Sisatipur
Tendumuda,village,Marwahi | Gaurela-Pendra-Marwahi | Chhatisgarh,23.0611,82.0654,1,train,,Tendmuda|Tendumua|Tndumuda|Tenduauda|Tendmuuda
Tenkasi,district,Tamil Nadu,9.0875,77.4762,1,train,,Tenkassi|Tnkasi|Tekasi|Teakasi
Tenyasi,village,Puruliya | Puruliya | West Bengal,23.2641,86.2374,1,train,,Teynasi|Tennyasi|Tenasi|Tinyasi|Tnyasi|Tenysi
Thailand,country,,15.8700,100.9925,0,eval,,Thailad|Thailland|Thailnd|Thaliand|Tiailand|Thaland
Thakurdi,village,Raghunathpur | Puruliya | West Bengal,23.4818,86.4491,1,train,,Thakudi|Thakudri|Thakrdi
Thamalapura,village,Huvvinahadagali | Ballari | Karnataka,14.8799,75.8750,1,train,,Thmalapura|Tahmalapura|Thamalaura|Thamalapuua
Thanetar,village,Brahmaur | Chamba | Himachal Pradesh,32.2474,76.6560,1,train,,Thnaetar|Tahnetar|Thaetar|Thanetaar|Thanetra|Tianetar|Thaneatr
Thangri,village,Sarkaghat | Mandi | Himachal Pradesh,31.6882,76.7438,1,train,,Thangei|Thanrgi|Thanngri|Tangri|Thangir|Thengri
Thanpura,village,Lalsot | Dausa | Rajasthan,26.5356,76.4397,1,eval,,Thhanpura|Thnpura|Tanpura|Thanpurra|Thanpuura|Thanpra|Thanprua|Thanura
Thethar,village,Suratgarh | Ganganagar | Rajasthan,29.2626,74.1134,1,train,,Thetar|Thethra|Thetahr|Tethar|Theethar
Thinghat,block,Churachandpur | Manipur,24.0979,93.5655,1,train,,Tinghat|Thinhat|Thinnghat|Thiinghat|Tainghat|Thnghat|Thinhgat|Thighat
Thirumalayapalem,block,Khammam | Telangana,17.3346,79.9665,1,train,,Thirumalayaaplem|Thirumalayapaaem|Thirumalayapalme
Thirunavaya,village,Tirur | Malappuram | Kerala,10.8718,75.9771,1,train,,Thiruanvaya|Thriunavaya|Thirunavvaya|Thiunavaya|Tihrunavaya|Thrunavaya|Thirunvaya|Thirunaiaya
Thiruvaniyoor,village,Kunnattunad | Ernakulam | Kerala,9.9448,76.4142,1,eval,,Thiruvainyoor|Thiuvaniyoor|Thiruavniyoor|Thiruvaaniyoor|Thiruvaiyoor
Tholuvur,village,Valangiman | Thiruvarur | Tamil Nadu,10.8692,79.4166,1,train,,Tholuvvur|Tohluvur|Tholuvr|Tholuur|Toluvur|Thooluvur|Thluvur|Tholuvru
Tidragan,village,Baliguda | Kandhamal | Odisha,20.3740,83.7676,1,train,,Tiidragan|Tidraoan|Tirdagan|Tidrugan|Tdiragan
Tikamgarh,block,Tikamgarh | Madhya Pradesh,24.6614,78.9212,1,train,TKM,Tikamarh|Tikammgarh|Tikkamgarh
Tikau,village,Kalsi | Dehradun | Uttarakhand,30.6023,77.8035,1,train,,Tikua|Tikkau|Tukau
Tilgul,village,Sindgi | Vijayapura | Karnataka,16.6855,76.2617,1,eval,,Tilgel|Tiglul|Tiilgul|Tigul|Tilul|Tiluul|Tilglu|Tilggul
Tilikara,village,R Udayagiri | Gajapati | Odisha,19.2485,84.0338,1,train,,Tlikara|Tilikraa|Tiikara
Timmarajapuram,village,Tuticorin | Tuticorin | Tamil Nadu,8.7666,77.9767,1,train,,Timmarejapuram|Timmarajapuam|Timmarajauram|Timmarajapram
Timor-Leste,country,,-8.8933,125.7577,0,train,,Tmior-Leste|Timr-Leste|Timur-Leste|Tmor-Leste|Tiomr-Leste|Tior-Leste|Timor-Lese|Timor-Lesste
Tinsukia,district,Assam,27.5973,95.5709,1,train,TIN,Tinsuia|Tinsuika|Tnisukia|Tinskuia|Tisukia|Tinsukai
Tipamia Dighalia,village,Tingkhong Circle | Dibrugarh | Assam,27.2550,95.1569,1,eval,,Tipamia Dihgalia|Tipaamia Dighalia|Tipamia Digahlia
Tiruvengadam,block,Tenkasi | Tamil Nadu,9.1759,77.6464,1,train,,Tiruevngadam|Tiruvenngadam|Tiruvengadm|Truvengadam|Tiruvvengadam|Tiruvenggadam|Tiuvengadam|Tiruvengadma
Titwa,village,Chandur-Railway | Amaravati | Maharashtra,20.6706,77.9958,1,train,,Titwwa|Tiwta|Titaw|Tatwa|Tita|Tittwa|Ttiwa|Tiitwa
Togo,country,,8.6431,1.0335,0,train,,Toggo|Toogo|Tgoo|Tgo|Toog
Tokjari,village,Barihat | Sahibganj | Jharkhand,24.8632,87.4730,1,train,,Tkjari|Tokjri|Tookjari|Tokkjari
Tokrapara Gaon Pt.ii,village,Dhubri Circle (Part) | Kokrajhar | Assam,26.1959,90.0378,1,eval,,Tokarpara Gaon Pt.ii|Tokrapara Goon Pt.ii|Tokrapara Gano Pt.ii|Tokrapara Gaaon Pt.ii|Tokraeara Gaon Pt.ii|Tokrapera Gaon Pt.ii
Tokyo,city,Japan,35.6895,139.69171,0,train,TYO,Toyko|Toyo|Tkoyo|Toko
Tola Khuranda,village,Jamui | Jamui | Bihar,24.7297,86.5384,1,train,,Toa Khuranda|Tloa Khuranda|Tola Khurunda|Tola Khuradna|Tla Khuranda|Tola Khurana|Toal Khuranda|Tola Kuranda
Tonk,district,Rajasthan,26.1199,75.6660,1,train,TNK,Tank|Tok|Tokn|Toonk|Tnk|Tnok|Tonnk
Toronto,city,Canada,43.70643,-79.39864,0,train,YTO|YYZ,Torono|Toroonto|Tornto|Toonto|Troonto
Trinidad And Tobago,country,,10.4420,-61.2627,0,eval,,Trinidad And Toabgo|Trinidad And Tobgo|Trinidad And Tobaao|Trinidad And Tobgao|Trinidad And Touago|Triniidad And Tobago|Trniidad And Tobago|Trinidad And Toago
Tripura,state,India,23.7358,91.6578,1,train,TR,Tripurra|Triipura|Tripra|Trpura|Trioura|Tirpura|Tripuar
Tuljapur,village,Wardha | Wardha | Maharashtra,20.7350,78.7058,1,train,,Tuljaeur|Tuojapur|Tlujapur|Tljapur
Tupenga,village,Mainpur | Gariyaband | Chhatisgarh,20.3291,82.2273,1,train,,Tupenag|Tupeiga|Tpuenga|Tupega|Tupeenga|Tupeega|Tuaenga|Tupena
Turamamidi,village,Chintapalli | Vishakhapatnam | Andhra Pradesh,18.0292,82.3004,1,train,,Tiramamidi|Turammaidi|Tueamamidi|Turamamudi|Turamammidi|Tuarmamidi|Turammidi|Turmamidi
Turaon Patti,village,Dumraon | Buxar | Bihar,25.3709,84.2299,1,eval,,Turaon Pati|Turraon Patti|Turoan Patti
Turimajra,village,Samundrapur | Wardha | Maharashtra,20.6831,79.1002,1,train,,Turimjara|Tuirmajra|Turimajaa|Turimaja|Turimajar|Turiajra|Turimjra
Turkey,country,,38.9637,35.2433,0,train,,Tukey|Turkeey|Turey
Turnal,village,Khategaon | Dewas | Madhya Pradesh,22.5039,77.0231,1,train,,Turnla|Tunal|Trunal
U.nemili,village,Ulundurpettai | Kallakkurichi | Tamil Nadu,11.7479,79.2825,1,train,,U.nemii|U.nemiil|U.nemilli|U.nmeili|U.nmili|U.neemili|U.nemiui
Udham Singh Nagar,district,Uttarakhand,29.0383,79.4370,1,eval,USN,Udham Siingh Nagar|Udham Singh Ngar|Udham Singh Nagr
Uganda,country,,1.3643,32.6907,0,train,,Uanda|Ugada|Uganad|Ugannda|Ugandda|Ugnada|Ugnda
Ukhrul,district,Manipur,25.2932,94.4507,1,train,UKH,Ukhrrul|Uhkrul|Ukkhrul
Umri,village,Tikamgarh | Tikamgarh | Madhya Pradesh,24.5119,78.9645,1,train,,Umi|Uri|Umrri|Urmi|Umir|Umoi|Ummri|Ueri
Unchgaon,village,Shhganj | Jaunpur | Uttarpradesh,26.0729,82.5009,1,train,,Unchgaaon|Unchgaoon|Unchaon|Unchhgaon|Unchgoan|Unchgan|Unihgaon
Upar Bhursani,village,Chakulia | East Singhbhum | Jharkhand,22.4613,86.6292,1,eval,,Upar Bhusani|Upra Bhursani|Upar Bhrsani|Upar Bhurrsani|Upar Bhurasni|Upr Bhursani|Upar Bhursni
Uppinivalasa,village,Burja | Srikakulam | Andhra Pradesh,18.4937,83.8705,1,train,,Uppinivvalasa|Uppenivalasa|Uppinivolasa|Upppinivalasa|Uppiuivalasa|Uppinivaalsa
Uttar Phulbari,village,Mal | Jalpaiguri | West Bengal,26.8751,88.6068,1,train,,Utar Phulbari|Uttar Phulbair|Uttar Phulberi|Uttr Phulbari|Uttar Phublari|Uttra Phulbari|Utatr Phulbari
Uttarakhand,state,India,30.0808,79.2979,1,train,,Uttarokhand|Uttarakhad|Uttarkahand|Uutarakhand
Uttarpradesh,state,India,27.1399,80.7820,1,train,,Uttaopradesh|Uttarpraadesh|Uttarradesh|Uttaepradesh
Vadi,village,Ponda | North Goa | Goa,15.3745,73.9863,1,eval,,Vdi|Vai|Vdai|Vaei
Vaghan,village,Santrampur | Mahisagar | Gujarat,23.1251,73.7381,1,train,,Vagghan|Vagahn|Vahan|Vaghna
Vanapuram,village,Thandrampet | Tiruvannamalai | Tamil Nadu,12.1151,79.0285,1,train,,Vanepuram|Vanupuram|Vnaapuram
Varadayyapalem,block,Chittoor | Andhra Pradesh,13.5796,79.9260,1,train,,Vaoadayyapalem|Varadaayyapalem|Vaaradayyapalem
Veenavanka,block,Warangal (Urban) | Telangana,18.1041,79.5207,1,train,,Veenavaanka|Veenavana|Veenavakna|Veenavanua|Venavanka
Venkatarayapuram,village,Chintalapudi | West Godavari | Andhra Pradesh,17.1114,80.8953,1,eval,,Venkatarayapueam|Venktaarayapuram|Venkatarayepuram|Venkaarayapuram|Venkataraeapuram
Vijayapura,district,Karnataka,16.8148,75.8925,1,train,,Vijayaura|Vijayaupra|Vijaaapura|Vijayauura|Vijayyapura
Village Point Boundary,village,Dornala | Prakasam | Andhra Pradesh,15.9957,79.0749,1,train,,Village Poitn Boundary|Vllage Point Boundary|Village Pont Boundary|Vilage Point Boundary|Villgae Point Boundary|Villaeg Point Boundary|Vielage Point Boundary|Village Point Boudnary
Voyalanallur,village,Poonamallee | Tiruvallur | Tamil Nadu,13.0690,80.0543,1,train,,Voyalanalllur|Voyalanalluur|Voyalanlalur|Voyalnallur|Voyalanaolur
Vyas Kheri,village,Atru | Baran | Rajasthan,24.7752,76.6498,1,train,,Vyaas Kheri|Vyas Khei|Vyyas Kheri|Vays Kheri|Vyas Khrei
Wadad,village,Mahagaon | Yavatmal | Maharashtra,19.7149,77.7872,1,eval,,Wadd|Wdad|Wudad|Waad
Wanjarwadi,village,Hingoli | Hingoli | Maharashtra,19.7149,77.1228,1,train,,Wanjrwadi|Wanjaradi|Wannjarwadi|Wajarwadi|Waniarwadi|Wanjarwaid
Wara Pohwindian,village,Zira | Firozpur | Punjab,30.9777,75.0606,1,train,,Wraa Pohwindian|Waa Pohwindian|Waara Pohwindian|Wara Pohwidian|Wara Pohwndian|Wara Pohhwindian|Waar Pohwindian|Waea Pohwindian
Wargal,block,Siddipet | Telangana,17.8018,78.6104,1,train,,Wagal|Wargil|Wargel|Warual|Warggal|Waargal|Wargaal|Waragl
Water Bodies,village,Gwalior | Gwalior | Madhya Pradesh,26.2019,77.9897,1,train,,Water Bdoies|Waoer Bodies|Water Boies
Wayanad,district,Kerala,11.7147,76.1287,1,eval,WAY,Wayenad|Wayanaad|Wayaanad|Wyanad|Waynaad
West Bengal,state,India,24.4140,88.0562,1,train,WB,West Bngal|Weest Bengal|West Benagl|Wst Bengal|West Bengul
West Godavari,district,Andhra Pradesh,16.9753,81.3422,1,train,WGI,Wost Godavari|West Goadvari|West Godavarri|Wesst Godavari|West Godvari|Wst Godavari
Yamunanagar,district,Haryana,30.2157,77.3276,1,train,YMN,Yamunanaagar|Yamunnagar|Yamunanagra|Ymunanagar|Yaumnanagar|Yamunaagar|Yamunanagr
Yangon,city,Myanmar,16.80528,96.15611,0,train,RGN,Yagon|Yanon|Yanogn|Yangn|Yngon
Yaval,block,Jalgaon | Maharashtra,21.2291,75.7004,1,eval,,Yaavl|Yvaal|Yaaval|Yavl
Yellanur,block,Ananthapur | Andhra Pradesh,14.6508,78.0397,1,train,,Yellnur|Yelalnur|Yllanur|Yellannur|Yelllanur|Yellonur
Yokohama,city,Japan,35.43333,139.65,0,train,YOK,Yokohima|Yokoohama|Yokohmaa|Ykoohama
Zabada,village,Bhandara | Bhandara | Maharashtra,21.0941,79.6424,1,train,,Zabaad|Zabida|Zbaada|Zabdaa|Zauada
Zaptiveerappaguda,village,Mirialguda | Nalgonda | Telangana,16.8122,79.5335,1,train,,Zpativeerappaguda|Zativeerappaguda|Zaptiveerappauda|Zaptiveerappaeuda|Zaptiveirappaguda|Zaptivoerappaguda|Zaaptiveerappaguda
Zinner,village,Washi | Usmanabad | Maharashtra,18.5123,75.8503,1,eval,,Zinenr|Ziner|Znner|Zinneer|Zniner|Zinnar
